DateTime,QR_730_q0.1,QR_730_q0.9
2024-01-01 00:00:00,2.019999999999999,105.15500000000003
2024-01-01 01:00:00,0.7349999999999978,99.10000000000001
2024-01-01 02:00:00,0.015000000000003934,97.185
2024-01-01 03:00:00,-0.059999999999996154,92.4
2024-01-01 04:00:00,-0.09499999999999376,94.33
2024-01-01 05:00:00,-4.319808399877445e-15,96.92499999999998
2024-01-01 06:00:00,0.3750000000000002,113.42500000000001
2024-01-01 07:00:00,6.510000000000002,132.94500000000002
2024-01-01 08:00:00,17.545,147.34
2024-01-01 09:00:00,30.474999999999998,138.035
2024-01-01 10:00:00,26.360000000000007,134.43499999999997
2024-01-01 11:00:00,20.415000000000003,131.61999999999998
2024-01-01 12:00:00,14.11,130.63500000000002
2024-01-01 13:00:00,9.344999999999988,129.075
2024-01-01 14:00:00,22.345,134.55999999999997
2024-01-01 15:00:00,38.089999999999996,137.435
2024-01-01 16:00:00,41.73,138.98000000000002
2024-01-01 17:00:00,56.3,155.17000000000002
2024-01-01 18:00:00,57.55500000000001,154.995
2024-01-01 19:00:00,49.21499999999999,147.935
2024-01-01 20:00:00,37.955,129.53500000000003
2024-01-01 21:00:00,27.894999999999992,119.61
2024-01-01 22:00:00,26.694999999999997,118.26499999999999
2024-01-01 23:00:00,7.645000000000001,108.455
2024-01-02 00:00:00,2.019999999999999,105.15500000000003
2024-01-02 01:00:00,0.7349999999999978,99.10000000000001
2024-01-02 02:00:00,0.015000000000003934,97.185
2024-01-02 03:00:00,-0.059999999999996154,92.4
2024-01-02 04:00:00,-0.09499999999999376,94.33
2024-01-02 05:00:00,-4.319808399877445e-15,96.92499999999998
2024-01-02 06:00:00,0.3750000000000002,113.42500000000001
2024-01-02 07:00:00,6.510000000000002,132.94500000000002
2024-01-02 08:00:00,17.545,147.34
2024-01-02 09:00:00,30.474999999999998,138.035
2024-01-02 10:00:00,26.360000000000007,134.43499999999997
2024-01-02 11:00:00,20.415000000000003,131.61999999999998
2024-01-02 12:00:00,14.11,130.63500000000002
2024-01-02 13:00:00,9.344999999999988,129.075
2024-01-02 14:00:00,22.345,134.55999999999997
2024-01-02 15:00:00,38.089999999999996,137.435
2024-01-02 16:00:00,41.73,138.98000000000002
2024-01-02 17:00:00,56.3,155.17000000000002
2024-01-02 18:00:00,57.55500000000001,154.995
2024-01-02 19:00:00,49.21499999999999,147.935
2024-01-02 20:00:00,37.955,129.53500000000003
2024-01-02 21:00:00,27.894999999999992,119.61
2024-01-02 22:00:00,26.694999999999997,118.26499999999999
2024-01-02 23:00:00,7.645000000000001,108.455
2024-01-03 00:00:00,2.019999999999999,105.15500000000003
2024-01-03 01:00:00,0.7349999999999978,99.10000000000001
2024-01-03 02:00:00,0.015000000000003934,97.185
2024-01-03 03:00:00,-0.059999999999996154,92.4
2024-01-03 04:00:00,-0.09499999999999376,94.33
2024-01-03 05:00:00,-4.319808399877445e-15,96.92499999999998
2024-01-03 06:00:00,0.3750000000000002,113.42500000000001
2024-01-03 07:00:00,6.510000000000002,132.94500000000002
2024-01-03 08:00:00,17.545,147.34
2024-01-03 09:00:00,30.474999999999998,138.035
2024-01-03 10:00:00,26.360000000000007,134.43499999999997
2024-01-03 11:00:00,20.415000000000003,131.61999999999998
2024-01-03 12:00:00,14.11,130.63500000000002
2024-01-03 13:00:00,9.344999999999988,129.075
2024-01-03 14:00:00,22.345,134.55999999999997
2024-01-03 15:00:00,38.089999999999996,137.435
2024-01-03 16:00:00,41.73,138.98000000000002
2024-01-03 17:00:00,56.3,155.17000000000002
2024-01-03 18:00:00,57.55500000000001,154.995
2024-01-03 19:00:00,49.21499999999999,147.935
2024-01-03 20:00:00,37.955,129.53500000000003
2024-01-03 21:00:00,27.894999999999992,119.61
2024-01-03 22:00:00,26.694999999999997,118.26499999999999
2024-01-03 23:00:00,7.645000000000001,108.455
2024-01-04 00:00:00,2.019999999999999,105.15500000000003
2024-01-04 01:00:00,0.7349999999999978,99.10000000000001
2024-01-04 02:00:00,0.015000000000003934,97.185
2024-01-04 03:00:00,-0.059999999999996154,92.4
2024-01-04 04:00:00,-0.09499999999999376,94.33
2024-01-04 05:00:00,-4.319808399877445e-15,96.92499999999998
2024-01-04 06:00:00,0.3750000000000002,113.42500000000001
2024-01-04 07:00:00,6.510000000000002,132.94500000000002
2024-01-04 08:00:00,17.545,147.34
2024-01-04 09:00:00,30.474999999999998,138.035
2024-01-04 10:00:00,26.360000000000007,134.43499999999997
2024-01-04 11:00:00,20.415000000000003,131.61999999999998
2024-01-04 12:00:00,14.11,130.63500000000002
2024-01-04 13:00:00,9.344999999999988,129.075
2024-01-04 14:00:00,22.345,134.55999999999997
2024-01-04 15:00:00,38.089999999999996,137.435
2024-01-04 16:00:00,41.73,138.98000000000002
2024-01-04 17:00:00,56.3,155.17000000000002
2024-01-04 18:00:00,57.55500000000001,154.995
2024-01-04 19:00:00,49.21499999999999,147.935
2024-01-04 20:00:00,37.955,129.53500000000003
2024-01-04 21:00:00,27.894999999999992,119.61
2024-01-04 22:00:00,26.694999999999997,118.26499999999999
2024-01-04 23:00:00,7.645000000000001,108.455
2024-01-05 00:00:00,2.019999999999999,105.15500000000003
2024-01-05 01:00:00,0.7349999999999978,99.10000000000001
2024-01-05 02:00:00,0.015000000000003934,97.185
2024-01-05 03:00:00,-0.059999999999996154,92.4
2024-01-05 04:00:00,-0.09499999999999376,94.33
2024-01-05 05:00:00,-4.319808399877445e-15,96.92499999999998
2024-01-05 06:00:00,0.3750000000000002,113.42500000000001
2024-01-05 07:00:00,6.510000000000002,132.94500000000002
2024-01-05 08:00:00,17.545,147.34
2024-01-05 09:00:00,30.474999999999998,138.035
2024-01-05 10:00:00,26.360000000000007,134.43499999999997
2024-01-05 11:00:00,20.415000000000003,131.61999999999998
2024-01-05 12:00:00,14.11,130.63500000000002
2024-01-05 13:00:00,9.344999999999988,129.075
2024-01-05 14:00:00,22.345,134.55999999999997
2024-01-05 15:00:00,38.089999999999996,137.435
2024-01-05 16:00:00,41.73,138.98000000000002
2024-01-05 17:00:00,56.3,155.17000000000002
2024-01-05 18:00:00,57.55500000000001,154.995
2024-01-05 19:00:00,49.21499999999999,147.935
2024-01-05 20:00:00,37.955,129.53500000000003
2024-01-05 21:00:00,27.894999999999992,119.61
2024-01-05 22:00:00,26.694999999999997,118.26499999999999
2024-01-05 23:00:00,7.645000000000001,108.455
2024-01-06 00:00:00,2.019999999999999,105.15500000000003
2024-01-06 01:00:00,0.7349999999999978,99.10000000000001
2024-01-06 02:00:00,0.015000000000003934,97.185
2024-01-06 03:00:00,-0.059999999999996154,92.4
2024-01-06 04:00:00,-0.09499999999999376,94.33
2024-01-06 05:00:00,-4.319808399877445e-15,96.92499999999998
2024-01-06 06:00:00,0.3750000000000002,113.42500000000001
2024-01-06 07:00:00,6.510000000000002,132.94500000000002
2024-01-06 08:00:00,17.545,147.34
2024-01-06 09:00:00,30.474999999999998,138.035
2024-01-06 10:00:00,26.360000000000007,134.43499999999997
2024-01-06 11:00:00,20.415000000000003,131.61999999999998
2024-01-06 12:00:00,14.11,130.63500000000002
2024-01-06 13:00:00,9.344999999999988,129.075
2024-01-06 14:00:00,22.345,134.55999999999997
2024-01-06 15:00:00,38.089999999999996,137.435
2024-01-06 16:00:00,41.73,138.98000000000002
2024-01-06 17:00:00,56.3,155.17000000000002
2024-01-06 18:00:00,57.55500000000001,154.995
2024-01-06 19:00:00,49.21499999999999,147.935
2024-01-06 20:00:00,37.955,129.53500000000003
2024-01-06 21:00:00,27.894999999999992,119.61
2024-01-06 22:00:00,26.694999999999997,118.26499999999999
2024-01-06 23:00:00,7.645000000000001,108.455
2024-01-07 00:00:00,2.019999999999999,105.15500000000003
2024-01-07 01:00:00,0.7349999999999978,99.10000000000001
2024-01-07 02:00:00,0.015000000000003934,97.185
2024-01-07 03:00:00,-0.059999999999996154,92.4
2024-01-07 04:00:00,-0.09499999999999376,94.33
2024-01-07 05:00:00,-4.319808399877445e-15,96.92499999999998
2024-01-07 06:00:00,0.3750000000000002,113.42500000000001
2024-01-07 07:00:00,6.510000000000002,132.94500000000002
2024-01-07 08:00:00,17.545,147.34
2024-01-07 09:00:00,30.474999999999998,138.035
2024-01-07 10:00:00,26.360000000000007,134.43499999999997
2024-01-07 11:00:00,20.415000000000003,131.61999999999998
2024-01-07 12:00:00,14.11,130.63500000000002
2024-01-07 13:00:00,9.344999999999988,129.075
2024-01-07 14:00:00,22.345,134.55999999999997
2024-01-07 15:00:00,38.089999999999996,137.435
2024-01-07 16:00:00,41.73,138.98000000000002
2024-01-07 17:00:00,56.3,155.17000000000002
2024-01-07 18:00:00,57.55500000000001,154.995
2024-01-07 19:00:00,49.21499999999999,147.935
2024-01-07 20:00:00,37.955,129.53500000000003
2024-01-07 21:00:00,27.894999999999992,119.61
2024-01-07 22:00:00,26.694999999999997,118.26499999999999
2024-01-07 23:00:00,7.645000000000001,108.455
2024-01-08 00:00:00,0.3100000000000013,105.15500000000003
2024-01-08 01:00:00,-0.01000000000000016,99.10000000000001
2024-01-08 02:00:00,-0.07999999999999785,97.185
2024-01-08 03:00:00,-0.5100000000000058,92.4
2024-01-08 04:00:00,-0.5900000000000052,94.33
2024-01-08 05:00:00,-0.029999999999997428,96.92499999999998
2024-01-08 06:00:00,0.15499999999999833,112.60499999999999
2024-01-08 07:00:00,2.950000000000004,132.16000000000003
2024-01-08 08:00:00,14.79,147.34
2024-01-08 09:00:00,20.98,138.035
2024-01-08 10:00:00,20.439999999999998,134.43499999999997
2024-01-08 11:00:00,15.725,131.61999999999998
2024-01-08 12:00:00,11.520000000000001,130.63500000000002
2024-01-08 13:00:00,7.6499999999999835,129.075
2024-01-08 14:00:00,20.709999999999997,134.55999999999997
2024-01-08 15:00:00,34.3,137.435
2024-01-08 16:00:00,40.96499999999998,138.98000000000002
2024-01-08 17:00:00,51.235,155.17000000000002
2024-01-08 18:00:00,54.805,154.995
2024-01-08 19:00:00,49.21499999999999,147.935
2024-01-08 20:00:00,37.955,129.53500000000003
2024-01-08 21:00:00,27.894999999999992,119.61
2024-01-08 22:00:00,26.694999999999997,118.26499999999999
2024-01-08 23:00:00,7.645000000000001,108.455
2024-01-09 00:00:00,0.3100000000000013,105.15500000000003
2024-01-09 01:00:00,-0.01000000000000016,99.10000000000001
2024-01-09 02:00:00,-0.07999999999999785,97.185
2024-01-09 03:00:00,-0.5100000000000058,92.4
2024-01-09 04:00:00,-0.5900000000000052,94.33
2024-01-09 05:00:00,-0.029999999999997428,96.92499999999998
2024-01-09 06:00:00,0.15499999999999833,112.60499999999999
2024-01-09 07:00:00,2.950000000000004,132.16000000000003
2024-01-09 08:00:00,14.79,147.34
2024-01-09 09:00:00,20.98,138.035
2024-01-09 10:00:00,20.439999999999998,134.43499999999997
2024-01-09 11:00:00,15.725,131.61999999999998
2024-01-09 12:00:00,11.520000000000001,130.63500000000002
2024-01-09 13:00:00,7.6499999999999835,129.075
2024-01-09 14:00:00,20.709999999999997,134.55999999999997
2024-01-09 15:00:00,34.3,137.435
2024-01-09 16:00:00,40.96499999999998,138.98000000000002
2024-01-09 17:00:00,51.235,155.17000000000002
2024-01-09 18:00:00,54.805,154.995
2024-01-09 19:00:00,49.21499999999999,147.935
2024-01-09 20:00:00,37.955,129.53500000000003
2024-01-09 21:00:00,27.894999999999992,119.61
2024-01-09 22:00:00,26.694999999999997,118.26499999999999
2024-01-09 23:00:00,7.645000000000001,108.455
2024-01-10 00:00:00,0.3100000000000013,105.15500000000003
2024-01-10 01:00:00,-0.01000000000000016,99.10000000000001
2024-01-10 02:00:00,-0.07999999999999785,97.185
2024-01-10 03:00:00,-0.5100000000000058,92.4
2024-01-10 04:00:00,-0.5900000000000052,94.33
2024-01-10 05:00:00,-0.029999999999997428,96.92499999999998
2024-01-10 06:00:00,0.15499999999999833,112.60499999999999
2024-01-10 07:00:00,2.950000000000004,132.16000000000003
2024-01-10 08:00:00,14.79,147.34
2024-01-10 09:00:00,20.98,138.035
2024-01-10 10:00:00,20.439999999999998,134.43499999999997
2024-01-10 11:00:00,15.725,131.61999999999998
2024-01-10 12:00:00,11.520000000000001,130.63500000000002
2024-01-10 13:00:00,7.6499999999999835,129.075
2024-01-10 14:00:00,20.709999999999997,134.55999999999997
2024-01-10 15:00:00,34.3,137.435
2024-01-10 16:00:00,40.96499999999998,138.98000000000002
2024-01-10 17:00:00,51.235,155.17000000000002
2024-01-10 18:00:00,54.805,154.995
2024-01-10 19:00:00,49.21499999999999,147.935
2024-01-10 20:00:00,37.955,129.53500000000003
2024-01-10 21:00:00,27.894999999999992,119.61
2024-01-10 22:00:00,26.694999999999997,118.26499999999999
2024-01-10 23:00:00,7.645000000000001,108.455
2024-01-11 00:00:00,0.3100000000000013,105.15500000000003
2024-01-11 01:00:00,-0.01000000000000016,99.10000000000001
2024-01-11 02:00:00,-0.07999999999999785,97.185
2024-01-11 03:00:00,-0.5100000000000058,92.4
2024-01-11 04:00:00,-0.5900000000000052,94.33
2024-01-11 05:00:00,-0.029999999999997428,96.92499999999998
2024-01-11 06:00:00,0.15499999999999833,112.60499999999999
2024-01-11 07:00:00,2.950000000000004,132.16000000000003
2024-01-11 08:00:00,14.79,147.34
2024-01-11 09:00:00,20.98,138.035
2024-01-11 10:00:00,20.439999999999998,134.43499999999997
2024-01-11 11:00:00,15.725,131.61999999999998
2024-01-11 12:00:00,11.520000000000001,130.63500000000002
2024-01-11 13:00:00,7.6499999999999835,129.075
2024-01-11 14:00:00,20.709999999999997,134.55999999999997
2024-01-11 15:00:00,34.3,137.435
2024-01-11 16:00:00,40.96499999999998,138.98000000000002
2024-01-11 17:00:00,51.235,155.17000000000002
2024-01-11 18:00:00,54.805,154.995
2024-01-11 19:00:00,49.21499999999999,147.935
2024-01-11 20:00:00,37.955,129.53500000000003
2024-01-11 21:00:00,27.894999999999992,119.61
2024-01-11 22:00:00,26.694999999999997,118.26499999999999
2024-01-11 23:00:00,7.645000000000001,108.455
2024-01-12 00:00:00,0.3100000000000013,105.15500000000003
2024-01-12 01:00:00,-0.01000000000000016,99.10000000000001
2024-01-12 02:00:00,-0.07999999999999785,97.185
2024-01-12 03:00:00,-0.5100000000000058,92.4
2024-01-12 04:00:00,-0.5900000000000052,94.33
2024-01-12 05:00:00,-0.029999999999997428,96.92499999999998
2024-01-12 06:00:00,0.15499999999999833,112.60499999999999
2024-01-12 07:00:00,2.950000000000004,132.16000000000003
2024-01-12 08:00:00,14.79,147.34
2024-01-12 09:00:00,20.98,138.035
2024-01-12 10:00:00,20.439999999999998,134.43499999999997
2024-01-12 11:00:00,15.725,131.61999999999998
2024-01-12 12:00:00,11.520000000000001,130.63500000000002
2024-01-12 13:00:00,7.6499999999999835,129.075
2024-01-12 14:00:00,20.709999999999997,134.55999999999997
2024-01-12 15:00:00,34.3,137.435
2024-01-12 16:00:00,40.96499999999998,138.98000000000002
2024-01-12 17:00:00,51.235,155.17000000000002
2024-01-12 18:00:00,54.805,154.995
2024-01-12 19:00:00,49.21499999999999,147.935
2024-01-12 20:00:00,37.955,129.53500000000003
2024-01-12 21:00:00,27.894999999999992,119.61
2024-01-12 22:00:00,26.694999999999997,118.26499999999999
2024-01-12 23:00:00,7.645000000000001,108.455
2024-01-13 00:00:00,0.3100000000000013,105.15500000000003
2024-01-13 01:00:00,-0.01000000000000016,99.10000000000001
2024-01-13 02:00:00,-0.07999999999999785,97.185
2024-01-13 03:00:00,-0.5100000000000058,92.4
2024-01-13 04:00:00,-0.5900000000000052,94.33
2024-01-13 05:00:00,-0.029999999999997428,96.92499999999998
2024-01-13 06:00:00,0.15499999999999833,112.60499999999999
2024-01-13 07:00:00,2.950000000000004,132.16000000000003
2024-01-13 08:00:00,14.79,147.34
2024-01-13 09:00:00,20.98,138.035
2024-01-13 10:00:00,20.439999999999998,134.43499999999997
2024-01-13 11:00:00,15.725,131.61999999999998
2024-01-13 12:00:00,11.520000000000001,130.63500000000002
2024-01-13 13:00:00,7.6499999999999835,129.075
2024-01-13 14:00:00,20.709999999999997,134.55999999999997
2024-01-13 15:00:00,34.3,137.435
2024-01-13 16:00:00,40.96499999999998,138.98000000000002
2024-01-13 17:00:00,51.235,155.17000000000002
2024-01-13 18:00:00,54.805,154.995
2024-01-13 19:00:00,49.21499999999999,147.935
2024-01-13 20:00:00,37.955,129.53500000000003
2024-01-13 21:00:00,27.894999999999992,119.61
2024-01-13 22:00:00,26.694999999999997,118.26499999999999
2024-01-13 23:00:00,7.645000000000001,108.455
2024-01-14 00:00:00,0.3100000000000013,105.15500000000003
2024-01-14 01:00:00,-0.01000000000000016,99.10000000000001
2024-01-14 02:00:00,-0.07999999999999785,97.185
2024-01-14 03:00:00,-0.5100000000000058,92.4
2024-01-14 04:00:00,-0.5900000000000052,94.33
2024-01-14 05:00:00,-0.029999999999997428,96.92499999999998
2024-01-14 06:00:00,0.15499999999999833,112.60499999999999
2024-01-14 07:00:00,2.950000000000004,132.16000000000003
2024-01-14 08:00:00,14.79,147.34
2024-01-14 09:00:00,20.98,138.035
2024-01-14 10:00:00,20.439999999999998,134.43499999999997
2024-01-14 11:00:00,15.725,131.61999999999998
2024-01-14 12:00:00,11.520000000000001,130.63500000000002
2024-01-14 13:00:00,7.6499999999999835,129.075
2024-01-14 14:00:00,20.709999999999997,134.55999999999997
2024-01-14 15:00:00,34.3,137.435
2024-01-14 16:00:00,40.96499999999998,138.98000000000002
2024-01-14 17:00:00,51.235,155.17000000000002
2024-01-14 18:00:00,54.805,154.995
2024-01-14 19:00:00,49.21499999999999,147.935
2024-01-14 20:00:00,37.955,129.53500000000003
2024-01-14 21:00:00,27.894999999999992,119.61
2024-01-14 22:00:00,26.694999999999997,118.26499999999999
2024-01-14 23:00:00,7.645000000000001,108.455
2024-01-15 00:00:00,0.3100000000000013,101.08000000000003
2024-01-15 01:00:00,-0.01000000000000016,98.51
2024-01-15 02:00:00,-0.07999999999999785,96.49
2024-01-15 03:00:00,-0.5100000000000058,91.90500000000002
2024-01-15 04:00:00,-0.5899999999999971,92.685
2024-01-15 05:00:00,-0.029999999999997428,95.11499999999998
2024-01-15 06:00:00,0.15499999999999833,107.61999999999998
2024-01-15 07:00:00,3.8699999999999988,132.16000000000003
2024-01-15 08:00:00,17.545,147.34
2024-01-15 09:00:00,30.474999999999998,138.035
2024-01-15 10:00:00,26.360000000000007,134.43499999999997
2024-01-15 11:00:00,20.415000000000003,131.61999999999998
2024-01-15 12:00:00,13.95,130.63500000000002
2024-01-15 13:00:00,9.344999999999988,129.075
2024-01-15 14:00:00,22.345,132.225
2024-01-15 15:00:00,34.3,128.075
2024-01-15 16:00:00,40.96499999999998,133.90999999999997
2024-01-15 17:00:00,51.235,145.965
2024-01-15 18:00:00,54.805,154.995
2024-01-15 19:00:00,49.21499999999999,147.935
2024-01-15 20:00:00,37.955,129.53500000000003
2024-01-15 21:00:00,27.894999999999992,118.32000000000001
2024-01-15 22:00:00,26.694999999999997,115.955
2024-01-15 23:00:00,7.645000000000001,105.68999999999998
2024-01-16 00:00:00,0.3100000000000013,101.08000000000003
2024-01-16 01:00:00,-0.01000000000000016,98.51
2024-01-16 02:00:00,-0.07999999999999785,96.49
2024-01-16 03:00:00,-0.5100000000000058,91.90500000000002
2024-01-16 04:00:00,-0.5899999999999971,92.685
2024-01-16 05:00:00,-0.029999999999997428,95.11499999999998
2024-01-16 06:00:00,0.15499999999999833,107.61999999999998
2024-01-16 07:00:00,3.8699999999999988,132.16000000000003
2024-01-16 08:00:00,17.545,147.34
2024-01-16 09:00:00,30.474999999999998,138.035
2024-01-16 10:00:00,26.360000000000007,134.43499999999997
2024-01-16 11:00:00,20.415000000000003,131.61999999999998
2024-01-16 12:00:00,13.95,130.63500000000002
2024-01-16 13:00:00,9.344999999999988,129.075
2024-01-16 14:00:00,22.345,132.225
2024-01-16 15:00:00,34.3,128.075
2024-01-16 16:00:00,40.96499999999998,133.90999999999997
2024-01-16 17:00:00,51.235,145.965
2024-01-16 18:00:00,54.805,154.995
2024-01-16 19:00:00,49.21499999999999,147.935
2024-01-16 20:00:00,37.955,129.53500000000003
2024-01-16 21:00:00,27.894999999999992,118.32000000000001
2024-01-16 22:00:00,26.694999999999997,115.955
2024-01-16 23:00:00,7.645000000000001,105.68999999999998
2024-01-17 00:00:00,0.3100000000000013,101.08000000000003
2024-01-17 01:00:00,-0.01000000000000016,98.51
2024-01-17 02:00:00,-0.07999999999999785,96.49
2024-01-17 03:00:00,-0.5100000000000058,91.90500000000002
2024-01-17 04:00:00,-0.5899999999999971,92.685
2024-01-17 05:00:00,-0.029999999999997428,95.11499999999998
2024-01-17 06:00:00,0.15499999999999833,107.61999999999998
2024-01-17 07:00:00,3.8699999999999988,132.16000000000003
2024-01-17 08:00:00,17.545,147.34
2024-01-17 09:00:00,30.474999999999998,138.035
2024-01-17 10:00:00,26.360000000000007,134.43499999999997
2024-01-17 11:00:00,20.415000000000003,131.61999999999998
2024-01-17 12:00:00,13.95,130.63500000000002
2024-01-17 13:00:00,9.344999999999988,129.075
2024-01-17 14:00:00,22.345,132.225
2024-01-17 15:00:00,34.3,128.075
2024-01-17 16:00:00,40.96499999999998,133.90999999999997
2024-01-17 17:00:00,51.235,145.965
2024-01-17 18:00:00,54.805,154.995
2024-01-17 19:00:00,49.21499999999999,147.935
2024-01-17 20:00:00,37.955,129.53500000000003
2024-01-17 21:00:00,27.894999999999992,118.32000000000001
2024-01-17 22:00:00,26.694999999999997,115.955
2024-01-17 23:00:00,7.645000000000001,105.68999999999998
2024-01-18 00:00:00,0.3100000000000013,101.08000000000003
2024-01-18 01:00:00,-0.01000000000000016,98.51
2024-01-18 02:00:00,-0.07999999999999785,96.49
2024-01-18 03:00:00,-0.5100000000000058,91.90500000000002
2024-01-18 04:00:00,-0.5899999999999971,92.685
2024-01-18 05:00:00,-0.029999999999997428,95.11499999999998
2024-01-18 06:00:00,0.15499999999999833,107.61999999999998
2024-01-18 07:00:00,3.8699999999999988,132.16000000000003
2024-01-18 08:00:00,17.545,147.34
2024-01-18 09:00:00,30.474999999999998,138.035
2024-01-18 10:00:00,26.360000000000007,134.43499999999997
2024-01-18 11:00:00,20.415000000000003,131.61999999999998
2024-01-18 12:00:00,13.95,130.63500000000002
2024-01-18 13:00:00,9.344999999999988,129.075
2024-01-18 14:00:00,22.345,132.225
2024-01-18 15:00:00,34.3,128.075
2024-01-18 16:00:00,40.96499999999998,133.90999999999997
2024-01-18 17:00:00,51.235,145.965
2024-01-18 18:00:00,54.805,154.995
2024-01-18 19:00:00,49.21499999999999,147.935
2024-01-18 20:00:00,37.955,129.53500000000003
2024-01-18 21:00:00,27.894999999999992,118.32000000000001
2024-01-18 22:00:00,26.694999999999997,115.955
2024-01-18 23:00:00,7.645000000000001,105.68999999999998
2024-01-19 00:00:00,0.3100000000000013,101.08000000000003
2024-01-19 01:00:00,-0.01000000000000016,98.51
2024-01-19 02:00:00,-0.07999999999999785,96.49
2024-01-19 03:00:00,-0.5100000000000058,91.90500000000002
2024-01-19 04:00:00,-0.5899999999999971,92.685
2024-01-19 05:00:00,-0.029999999999997428,95.11499999999998
2024-01-19 06:00:00,0.15499999999999833,107.61999999999998
2024-01-19 07:00:00,3.8699999999999988,132.16000000000003
2024-01-19 08:00:00,17.545,147.34
2024-01-19 09:00:00,30.474999999999998,138.035
2024-01-19 10:00:00,26.360000000000007,134.43499999999997
2024-01-19 11:00:00,20.415000000000003,131.61999999999998
2024-01-19 12:00:00,13.95,130.63500000000002
2024-01-19 13:00:00,9.344999999999988,129.075
2024-01-19 14:00:00,22.345,132.225
2024-01-19 15:00:00,34.3,128.075
2024-01-19 16:00:00,40.96499999999998,133.90999999999997
2024-01-19 17:00:00,51.235,145.965
2024-01-19 18:00:00,54.805,154.995
2024-01-19 19:00:00,49.21499999999999,147.935
2024-01-19 20:00:00,37.955,129.53500000000003
2024-01-19 21:00:00,27.894999999999992,118.32000000000001
2024-01-19 22:00:00,26.694999999999997,115.955
2024-01-19 23:00:00,7.645000000000001,105.68999999999998
2024-01-20 00:00:00,0.3100000000000013,101.08000000000003
2024-01-20 01:00:00,-0.01000000000000016,98.51
2024-01-20 02:00:00,-0.07999999999999785,96.49
2024-01-20 03:00:00,-0.5100000000000058,91.90500000000002
2024-01-20 04:00:00,-0.5899999999999971,92.685
2024-01-20 05:00:00,-0.029999999999997428,95.11499999999998
2024-01-20 06:00:00,0.15499999999999833,107.61999999999998
2024-01-20 07:00:00,3.8699999999999988,132.16000000000003
2024-01-20 08:00:00,17.545,147.34
2024-01-20 09:00:00,30.474999999999998,138.035
2024-01-20 10:00:00,26.360000000000007,134.43499999999997
2024-01-20 11:00:00,20.415000000000003,131.61999999999998
2024-01-20 12:00:00,13.95,130.63500000000002
2024-01-20 13:00:00,9.344999999999988,129.075
2024-01-20 14:00:00,22.345,132.225
2024-01-20 15:00:00,34.3,128.075
2024-01-20 16:00:00,40.96499999999998,133.90999999999997
2024-01-20 17:00:00,51.235,145.965
2024-01-20 18:00:00,54.805,154.995
2024-01-20 19:00:00,49.21499999999999,147.935
2024-01-20 20:00:00,37.955,129.53500000000003
2024-01-20 21:00:00,27.894999999999992,118.32000000000001
2024-01-20 22:00:00,26.694999999999997,115.955
2024-01-20 23:00:00,7.645000000000001,105.68999999999998
2024-01-21 00:00:00,0.3100000000000013,101.08000000000003
2024-01-21 01:00:00,-0.01000000000000016,98.51
2024-01-21 02:00:00,-0.07999999999999785,96.49
2024-01-21 03:00:00,-0.5100000000000058,91.90500000000002
2024-01-21 04:00:00,-0.5899999999999971,92.685
2024-01-21 05:00:00,-0.029999999999997428,95.11499999999998
2024-01-21 06:00:00,0.15499999999999833,107.61999999999998
2024-01-21 07:00:00,3.8699999999999988,132.16000000000003
2024-01-21 08:00:00,17.545,147.34
2024-01-21 09:00:00,30.474999999999998,138.035
2024-01-21 10:00:00,26.360000000000007,134.43499999999997
2024-01-21 11:00:00,20.415000000000003,131.61999999999998
2024-01-21 12:00:00,13.95,130.63500000000002
2024-01-21 13:00:00,9.344999999999988,129.075
2024-01-21 14:00:00,22.345,132.225
2024-01-21 15:00:00,34.3,128.075
2024-01-21 16:00:00,40.96499999999998,133.90999999999997
2024-01-21 17:00:00,51.235,145.965
2024-01-21 18:00:00,54.805,154.995
2024-01-21 19:00:00,49.21499999999999,147.935
2024-01-21 20:00:00,37.955,129.53500000000003
2024-01-21 21:00:00,27.894999999999992,118.32000000000001
2024-01-21 22:00:00,26.694999999999997,115.955
2024-01-21 23:00:00,7.645000000000001,105.68999999999998
2024-01-22 00:00:00,0.3100000000000013,99.24999999999999
2024-01-22 01:00:00,-0.01000000000000016,96.44000000000001
2024-01-22 02:00:00,-0.07999999999999785,92.33499999999997
2024-01-22 03:00:00,-0.5099999999999975,89.89
2024-01-22 04:00:00,-0.5899999999999971,88.915
2024-01-22 05:00:00,-0.029999999999997428,93.99000000000001
2024-01-22 06:00:00,0.15499999999999833,105.50000000000001
2024-01-22 07:00:00,3.8699999999999988,124.02499999999999
2024-01-22 08:00:00,17.545,144.55
2024-01-22 09:00:00,30.474999999999998,138.485
2024-01-22 10:00:00,26.360000000000007,132.31
2024-01-22 11:00:00,20.415000000000003,130.33999999999997
2024-01-22 12:00:00,13.95,127.35500000000002
2024-01-22 13:00:00,9.344999999999988,125.67999999999998
2024-01-22 14:00:00,22.345,128.635
2024-01-22 15:00:00,34.3,124.38500000000002
2024-01-22 16:00:00,40.96499999999998,131.00999999999996
2024-01-22 17:00:00,51.235,145.23
2024-01-22 18:00:00,54.805,146.23999999999998
2024-01-22 19:00:00,49.21499999999999,136.935
2024-01-22 20:00:00,37.955,127.31500000000001
2024-01-22 21:00:00,27.894999999999992,116.40499999999999
2024-01-22 22:00:00,26.694999999999997,112.005
2024-01-22 23:00:00,7.645000000000001,101.86
2024-01-23 00:00:00,0.3100000000000013,99.24999999999999
2024-01-23 01:00:00,-0.01000000000000016,96.44000000000001
2024-01-23 02:00:00,-0.07999999999999785,92.33499999999997
2024-01-23 03:00:00,-0.5099999999999975,89.89
2024-01-23 04:00:00,-0.5899999999999971,88.915
2024-01-23 05:00:00,-0.029999999999997428,93.99000000000001
2024-01-23 06:00:00,0.15499999999999833,105.50000000000001
2024-01-23 07:00:00,3.8699999999999988,124.02499999999999
2024-01-23 08:00:00,17.545,144.55
2024-01-23 09:00:00,30.474999999999998,138.485
2024-01-23 10:00:00,26.360000000000007,132.31
2024-01-23 11:00:00,20.415000000000003,130.33999999999997
2024-01-23 12:00:00,13.95,127.35500000000002
2024-01-23 13:00:00,9.344999999999988,125.67999999999998
2024-01-23 14:00:00,22.345,128.635
2024-01-23 15:00:00,34.3,124.38500000000002
2024-01-23 16:00:00,40.96499999999998,131.00999999999996
2024-01-23 17:00:00,51.235,145.23
2024-01-23 18:00:00,54.805,146.23999999999998
2024-01-23 19:00:00,49.21499999999999,136.935
2024-01-23 20:00:00,37.955,127.31500000000001
2024-01-23 21:00:00,27.894999999999992,116.40499999999999
2024-01-23 22:00:00,26.694999999999997,112.005
2024-01-23 23:00:00,7.645000000000001,101.86
2024-01-24 00:00:00,0.3100000000000013,99.24999999999999
2024-01-24 01:00:00,-0.01000000000000016,96.44000000000001
2024-01-24 02:00:00,-0.07999999999999785,92.33499999999997
2024-01-24 03:00:00,-0.5099999999999975,89.89
2024-01-24 04:00:00,-0.5899999999999971,88.915
2024-01-24 05:00:00,-0.029999999999997428,93.99000000000001
2024-01-24 06:00:00,0.15499999999999833,105.50000000000001
2024-01-24 07:00:00,3.8699999999999988,124.02499999999999
2024-01-24 08:00:00,17.545,144.55
2024-01-24 09:00:00,30.474999999999998,138.485
2024-01-24 10:00:00,26.360000000000007,132.31
2024-01-24 11:00:00,20.415000000000003,130.33999999999997
2024-01-24 12:00:00,13.95,127.35500000000002
2024-01-24 13:00:00,9.344999999999988,125.67999999999998
2024-01-24 14:00:00,22.345,128.635
2024-01-24 15:00:00,34.3,124.38500000000002
2024-01-24 16:00:00,40.96499999999998,131.00999999999996
2024-01-24 17:00:00,51.235,145.23
2024-01-24 18:00:00,54.805,146.23999999999998
2024-01-24 19:00:00,49.21499999999999,136.935
2024-01-24 20:00:00,37.955,127.31500000000001
2024-01-24 21:00:00,27.894999999999992,116.40499999999999
2024-01-24 22:00:00,26.694999999999997,112.005
2024-01-24 23:00:00,7.645000000000001,101.86
2024-01-25 00:00:00,0.3100000000000013,99.24999999999999
2024-01-25 01:00:00,-0.01000000000000016,96.44000000000001
2024-01-25 02:00:00,-0.07999999999999785,92.33499999999997
2024-01-25 03:00:00,-0.5099999999999975,89.89
2024-01-25 04:00:00,-0.5899999999999971,88.915
2024-01-25 05:00:00,-0.029999999999997428,93.99000000000001
2024-01-25 06:00:00,0.15499999999999833,105.50000000000001
2024-01-25 07:00:00,3.8699999999999988,124.02499999999999
2024-01-25 08:00:00,17.545,144.55
2024-01-25 09:00:00,30.474999999999998,138.485
2024-01-25 10:00:00,26.360000000000007,132.31
2024-01-25 11:00:00,20.415000000000003,130.33999999999997
2024-01-25 12:00:00,13.95,127.35500000000002
2024-01-25 13:00:00,9.344999999999988,125.67999999999998
2024-01-25 14:00:00,22.345,128.635
2024-01-25 15:00:00,34.3,124.38500000000002
2024-01-25 16:00:00,40.96499999999998,131.00999999999996
2024-01-25 17:00:00,51.235,145.23
2024-01-25 18:00:00,54.805,146.23999999999998
2024-01-25 19:00:00,49.21499999999999,136.935
2024-01-25 20:00:00,37.955,127.31500000000001
2024-01-25 21:00:00,27.894999999999992,116.40499999999999
2024-01-25 22:00:00,26.694999999999997,112.005
2024-01-25 23:00:00,7.645000000000001,101.86
2024-01-26 00:00:00,0.3100000000000013,99.24999999999999
2024-01-26 01:00:00,-0.01000000000000016,96.44000000000001
2024-01-26 02:00:00,-0.07999999999999785,92.33499999999997
2024-01-26 03:00:00,-0.5099999999999975,89.89
2024-01-26 04:00:00,-0.5899999999999971,88.915
2024-01-26 05:00:00,-0.029999999999997428,93.99000000000001
2024-01-26 06:00:00,0.15499999999999833,105.50000000000001
2024-01-26 07:00:00,3.8699999999999988,124.02499999999999
2024-01-26 08:00:00,17.545,144.55
2024-01-26 09:00:00,30.474999999999998,138.485
2024-01-26 10:00:00,26.360000000000007,132.31
2024-01-26 11:00:00,20.415000000000003,130.33999999999997
2024-01-26 12:00:00,13.95,127.35500000000002
2024-01-26 13:00:00,9.344999999999988,125.67999999999998
2024-01-26 14:00:00,22.345,128.635
2024-01-26 15:00:00,34.3,124.38500000000002
2024-01-26 16:00:00,40.96499999999998,131.00999999999996
2024-01-26 17:00:00,51.235,145.23
2024-01-26 18:00:00,54.805,146.23999999999998
2024-01-26 19:00:00,49.21499999999999,136.935
2024-01-26 20:00:00,37.955,127.31500000000001
2024-01-26 21:00:00,27.894999999999992,116.40499999999999
2024-01-26 22:00:00,26.694999999999997,112.005
2024-01-26 23:00:00,7.645000000000001,101.86
2024-01-27 00:00:00,0.3100000000000013,99.24999999999999
2024-01-27 01:00:00,-0.01000000000000016,96.44000000000001
2024-01-27 02:00:00,-0.07999999999999785,92.33499999999997
2024-01-27 03:00:00,-0.5099999999999975,89.89
2024-01-27 04:00:00,-0.5899999999999971,88.915
2024-01-27 05:00:00,-0.029999999999997428,93.99000000000001
2024-01-27 06:00:00,0.15499999999999833,105.50000000000001
2024-01-27 07:00:00,3.8699999999999988,124.02499999999999
2024-01-27 08:00:00,17.545,144.55
2024-01-27 09:00:00,30.474999999999998,138.485
2024-01-27 10:00:00,26.360000000000007,132.31
2024-01-27 11:00:00,20.415000000000003,130.33999999999997
2024-01-27 12:00:00,13.95,127.35500000000002
2024-01-27 13:00:00,9.344999999999988,125.67999999999998
2024-01-27 14:00:00,22.345,128.635
2024-01-27 15:00:00,34.3,124.38500000000002
2024-01-27 16:00:00,40.96499999999998,131.00999999999996
2024-01-27 17:00:00,51.235,145.23
2024-01-27 18:00:00,54.805,146.23999999999998
2024-01-27 19:00:00,49.21499999999999,136.935
2024-01-27 20:00:00,37.955,127.31500000000001
2024-01-27 21:00:00,27.894999999999992,116.40499999999999
2024-01-27 22:00:00,26.694999999999997,112.005
2024-01-27 23:00:00,7.645000000000001,101.86
2024-01-28 00:00:00,0.3100000000000013,99.24999999999999
2024-01-28 01:00:00,-0.01000000000000016,96.44000000000001
2024-01-28 02:00:00,-0.07999999999999785,92.33499999999997
2024-01-28 03:00:00,-0.5099999999999975,89.89
2024-01-28 04:00:00,-0.5899999999999971,88.915
2024-01-28 05:00:00,-0.029999999999997428,93.99000000000001
2024-01-28 06:00:00,0.15499999999999833,105.50000000000001
2024-01-28 07:00:00,3.8699999999999988,124.02499999999999
2024-01-28 08:00:00,17.545,144.55
2024-01-28 09:00:00,30.474999999999998,138.485
2024-01-28 10:00:00,26.360000000000007,132.31
2024-01-28 11:00:00,20.415000000000003,130.33999999999997
2024-01-28 12:00:00,13.95,127.35500000000002
2024-01-28 13:00:00,9.344999999999988,125.67999999999998
2024-01-28 14:00:00,22.345,128.635
2024-01-28 15:00:00,34.3,124.38500000000002
2024-01-28 16:00:00,40.96499999999998,131.00999999999996
2024-01-28 17:00:00,51.235,145.23
2024-01-28 18:00:00,54.805,146.23999999999998
2024-01-28 19:00:00,49.21499999999999,136.935
2024-01-28 20:00:00,37.955,127.31500000000001
2024-01-28 21:00:00,27.894999999999992,116.40499999999999
2024-01-28 22:00:00,26.694999999999997,112.005
2024-01-28 23:00:00,7.645000000000001,101.86
2024-01-29 00:00:00,0.3100000000000013,91.3
2024-01-29 01:00:00,-0.01000000000000016,87.75000000000001
2024-01-29 02:00:00,-0.07999999999999785,86.22999999999999
2024-01-29 03:00:00,-0.9350000000000033,83.75499999999998
2024-01-29 04:00:00,-1.219999999999997,82.33
2024-01-29 05:00:00,-0.029999999999997428,87.09500000000001
2024-01-29 06:00:00,0.15499999999999833,99.42999999999998
2024-01-29 07:00:00,3.8699999999999988,115.315
2024-01-29 08:00:00,17.545,134.29500000000002
2024-01-29 09:00:00,30.474999999999998,127.71500000000002
2024-01-29 10:00:00,26.360000000000007,119.69
2024-01-29 11:00:00,20.415000000000003,110.55
2024-01-29 12:00:00,13.95,103.47000000000001
2024-01-29 13:00:00,9.344999999999988,100.14499999999998
2024-01-29 14:00:00,22.345,104.55500000000002
2024-01-29 15:00:00,34.3,111.59999999999998
2024-01-29 16:00:00,40.96499999999998,119.28500000000001
2024-01-29 17:00:00,51.235,129.595
2024-01-29 18:00:00,54.805,130.525
2024-01-29 19:00:00,49.21499999999999,122.10999999999997
2024-01-29 20:00:00,37.955,115.48
2024-01-29 21:00:00,27.894999999999992,105.50000000000003
2024-01-29 22:00:00,26.694999999999997,100.00000000000001
2024-01-29 23:00:00,7.645000000000001,92.20000000000002
2024-01-30 00:00:00,0.3100000000000013,91.3
2024-01-30 01:00:00,-0.01000000000000016,87.75000000000001
2024-01-30 02:00:00,-0.07999999999999785,86.22999999999999
2024-01-30 03:00:00,-0.9350000000000033,83.75499999999998
2024-01-30 04:00:00,-1.219999999999997,82.33
2024-01-30 05:00:00,-0.029999999999997428,87.09500000000001
2024-01-30 06:00:00,0.15499999999999833,99.42999999999998
2024-01-30 07:00:00,3.8699999999999988,115.315
2024-01-30 08:00:00,17.545,134.29500000000002
2024-01-30 09:00:00,30.474999999999998,127.71500000000002
2024-01-30 10:00:00,26.360000000000007,119.69
2024-01-30 11:00:00,20.415000000000003,110.55
2024-01-30 12:00:00,13.95,103.47000000000001
2024-01-30 13:00:00,9.344999999999988,100.14499999999998
2024-01-30 14:00:00,22.345,104.55500000000002
2024-01-30 15:00:00,34.3,111.59999999999998
2024-01-30 16:00:00,40.96499999999998,119.28500000000001
2024-01-30 17:00:00,51.235,129.595
2024-01-30 18:00:00,54.805,130.525
2024-01-30 19:00:00,49.21499999999999,122.10999999999997
2024-01-30 20:00:00,37.955,115.48
2024-01-30 21:00:00,27.894999999999992,105.50000000000003
2024-01-30 22:00:00,26.694999999999997,100.00000000000001
2024-01-30 23:00:00,7.645000000000001,92.20000000000002
2024-01-31 00:00:00,0.3100000000000013,91.3
2024-01-31 01:00:00,-0.01000000000000016,87.75000000000001
2024-01-31 02:00:00,-0.07999999999999785,86.22999999999999
2024-01-31 03:00:00,-0.9350000000000033,83.75499999999998
2024-01-31 04:00:00,-1.219999999999997,82.33
2024-01-31 05:00:00,-0.029999999999997428,87.09500000000001
2024-01-31 06:00:00,0.15499999999999833,99.42999999999998
2024-01-31 07:00:00,3.8699999999999988,115.315
2024-01-31 08:00:00,17.545,134.29500000000002
2024-01-31 09:00:00,30.474999999999998,127.71500000000002
2024-01-31 10:00:00,26.360000000000007,119.69
2024-01-31 11:00:00,20.415000000000003,110.55
2024-01-31 12:00:00,13.95,103.47000000000001
2024-01-31 13:00:00,9.344999999999988,100.14499999999998
2024-01-31 14:00:00,22.345,104.55500000000002
2024-01-31 15:00:00,34.3,111.59999999999998
2024-01-31 16:00:00,40.96499999999998,119.28500000000001
2024-01-31 17:00:00,51.235,129.595
2024-01-31 18:00:00,54.805,130.525
2024-01-31 19:00:00,49.21499999999999,122.10999999999997
2024-01-31 20:00:00,37.955,115.48
2024-01-31 21:00:00,27.894999999999992,105.50000000000003
2024-01-31 22:00:00,26.694999999999997,100.00000000000001
2024-01-31 23:00:00,7.645000000000001,92.20000000000002
2024-02-01 00:00:00,0.3100000000000013,91.3
2024-02-01 01:00:00,-0.01000000000000016,87.75000000000001
2024-02-01 02:00:00,-0.07999999999999785,86.22999999999999
2024-02-01 03:00:00,-0.9350000000000033,83.75499999999998
2024-02-01 04:00:00,-1.219999999999997,82.33
2024-02-01 05:00:00,-0.029999999999997428,87.09500000000001
2024-02-01 06:00:00,0.15499999999999833,99.42999999999998
2024-02-01 07:00:00,3.8699999999999988,115.315
2024-02-01 08:00:00,17.545,134.29500000000002
2024-02-01 09:00:00,30.474999999999998,127.71500000000002
2024-02-01 10:00:00,26.360000000000007,119.69
2024-02-01 11:00:00,20.415000000000003,110.55
2024-02-01 12:00:00,13.95,103.47000000000001
2024-02-01 13:00:00,9.344999999999988,100.14499999999998
2024-02-01 14:00:00,22.345,104.55500000000002
2024-02-01 15:00:00,34.3,111.59999999999998
2024-02-01 16:00:00,40.96499999999998,119.28500000000001
2024-02-01 17:00:00,51.235,129.595
2024-02-01 18:00:00,54.805,130.525
2024-02-01 19:00:00,49.21499999999999,122.10999999999997
2024-02-01 20:00:00,37.955,115.48
2024-02-01 21:00:00,27.894999999999992,105.50000000000003
2024-02-01 22:00:00,26.694999999999997,100.00000000000001
2024-02-01 23:00:00,7.645000000000001,92.20000000000002
2024-02-02 00:00:00,0.3100000000000013,91.3
2024-02-02 01:00:00,-0.01000000000000016,87.75000000000001
2024-02-02 02:00:00,-0.07999999999999785,86.22999999999999
2024-02-02 03:00:00,-0.9350000000000033,83.75499999999998
2024-02-02 04:00:00,-1.219999999999997,82.33
2024-02-02 05:00:00,-0.029999999999997428,87.09500000000001
2024-02-02 06:00:00,0.15499999999999833,99.42999999999998
2024-02-02 07:00:00,3.8699999999999988,115.315
2024-02-02 08:00:00,17.545,134.29500000000002
2024-02-02 09:00:00,30.474999999999998,127.71500000000002
2024-02-02 10:00:00,26.360000000000007,119.69
2024-02-02 11:00:00,20.415000000000003,110.55
2024-02-02 12:00:00,13.95,103.47000000000001
2024-02-02 13:00:00,9.344999999999988,100.14499999999998
2024-02-02 14:00:00,22.345,104.55500000000002
2024-02-02 15:00:00,34.3,111.59999999999998
2024-02-02 16:00:00,40.96499999999998,119.28500000000001
2024-02-02 17:00:00,51.235,129.595
2024-02-02 18:00:00,54.805,130.525
2024-02-02 19:00:00,49.21499999999999,122.10999999999997
2024-02-02 20:00:00,37.955,115.48
2024-02-02 21:00:00,27.894999999999992,105.50000000000003
2024-02-02 22:00:00,26.694999999999997,100.00000000000001
2024-02-02 23:00:00,7.645000000000001,92.20000000000002
2024-02-03 00:00:00,0.3100000000000013,91.3
2024-02-03 01:00:00,-0.01000000000000016,87.75000000000001
2024-02-03 02:00:00,-0.07999999999999785,86.22999999999999
2024-02-03 03:00:00,-0.9350000000000033,83.75499999999998
2024-02-03 04:00:00,-1.219999999999997,82.33
2024-02-03 05:00:00,-0.029999999999997428,87.09500000000001
2024-02-03 06:00:00,0.15499999999999833,99.42999999999998
2024-02-03 07:00:00,3.8699999999999988,115.315
2024-02-03 08:00:00,17.545,134.29500000000002
2024-02-03 09:00:00,30.474999999999998,127.71500000000002
2024-02-03 10:00:00,26.360000000000007,119.69
2024-02-03 11:00:00,20.415000000000003,110.55
2024-02-03 12:00:00,13.95,103.47000000000001
2024-02-03 13:00:00,9.344999999999988,100.14499999999998
2024-02-03 14:00:00,22.345,104.55500000000002
2024-02-03 15:00:00,34.3,111.59999999999998
2024-02-03 16:00:00,40.96499999999998,119.28500000000001
2024-02-03 17:00:00,51.235,129.595
2024-02-03 18:00:00,54.805,130.525
2024-02-03 19:00:00,49.21499999999999,122.10999999999997
2024-02-03 20:00:00,37.955,115.48
2024-02-03 21:00:00,27.894999999999992,105.50000000000003
2024-02-03 22:00:00,26.694999999999997,100.00000000000001
2024-02-03 23:00:00,7.645000000000001,92.20000000000002
2024-02-04 00:00:00,0.3100000000000013,91.3
2024-02-04 01:00:00,-0.01000000000000016,87.75000000000001
2024-02-04 02:00:00,-0.07999999999999785,86.22999999999999
2024-02-04 03:00:00,-0.9350000000000033,83.75499999999998
2024-02-04 04:00:00,-1.219999999999997,82.33
2024-02-04 05:00:00,-0.029999999999997428,87.09500000000001
2024-02-04 06:00:00,0.15499999999999833,99.42999999999998
2024-02-04 07:00:00,3.8699999999999988,115.315
2024-02-04 08:00:00,17.545,134.29500000000002
2024-02-04 09:00:00,30.474999999999998,127.71500000000002
2024-02-04 10:00:00,26.360000000000007,119.69
2024-02-04 11:00:00,20.415000000000003,110.55
2024-02-04 12:00:00,13.95,103.47000000000001
2024-02-04 13:00:00,9.344999999999988,100.14499999999998
2024-02-04 14:00:00,22.345,104.55500000000002
2024-02-04 15:00:00,34.3,111.59999999999998
2024-02-04 16:00:00,40.96499999999998,119.28500000000001
2024-02-04 17:00:00,51.235,129.595
2024-02-04 18:00:00,54.805,130.525
2024-02-04 19:00:00,49.21499999999999,122.10999999999997
2024-02-04 20:00:00,37.955,115.48
2024-02-04 21:00:00,27.894999999999992,105.50000000000003
2024-02-04 22:00:00,26.694999999999997,100.00000000000001
2024-02-04 23:00:00,7.645000000000001,92.20000000000002
2024-02-05 00:00:00,0.30999999999999883,87.49499999999999
2024-02-05 01:00:00,-0.010000000000003586,85.185
2024-02-05 02:00:00,-0.080000000000002,83.42999999999999
2024-02-05 03:00:00,-0.9350000000000033,79.04499999999997
2024-02-05 04:00:00,-1.219999999999997,78.84999999999998
2024-02-05 05:00:00,-0.029999999999999218,82.02
2024-02-05 06:00:00,0.15499999999999833,93.88999999999997
2024-02-05 07:00:00,3.8700000000000063,111.17000000000002
2024-02-05 08:00:00,15.204999999999993,121.30499999999999
2024-02-05 09:00:00,22.005,117.67
2024-02-05 10:00:00,24.880000000000003,110.14999999999996
2024-02-05 11:00:00,19.5,104.74000000000001
2024-02-05 12:00:00,13.95,99.27000000000001
2024-02-05 13:00:00,7.6499999999999835,94.905
2024-02-05 14:00:00,20.709999999999997,101.255
2024-02-05 15:00:00,32.039999999999985,107.32999999999997
2024-02-05 16:00:00,38.475,115.07500000000002
2024-02-05 17:00:00,51.235,126.12
2024-02-05 18:00:00,54.805,128.26500000000001
2024-02-05 19:00:00,49.215,120.36999999999999
2024-02-05 20:00:00,37.955,112.58500000000001
2024-02-05 21:00:00,27.895000000000003,103.3
2024-02-05 22:00:00,26.695,99.0
2024-02-05 23:00:00,7.644999999999993,91.075
2024-02-06 00:00:00,0.30999999999999883,87.49499999999999
2024-02-06 01:00:00,-0.010000000000003586,85.185
2024-02-06 02:00:00,-0.080000000000002,83.42999999999999
2024-02-06 03:00:00,-0.9350000000000033,79.04499999999997
2024-02-06 04:00:00,-1.219999999999997,78.84999999999998
2024-02-06 05:00:00,-0.029999999999999218,82.02
2024-02-06 06:00:00,0.15499999999999833,93.88999999999997
2024-02-06 07:00:00,3.8700000000000063,111.17000000000002
2024-02-06 08:00:00,15.204999999999993,121.30499999999999
2024-02-06 09:00:00,22.005,117.67
2024-02-06 10:00:00,24.880000000000003,110.14999999999996
2024-02-06 11:00:00,19.5,104.74000000000001
2024-02-06 12:00:00,13.95,99.27000000000001
2024-02-06 13:00:00,7.6499999999999835,94.905
2024-02-06 14:00:00,20.709999999999997,101.255
2024-02-06 15:00:00,32.039999999999985,107.32999999999997
2024-02-06 16:00:00,38.475,115.07500000000002
2024-02-06 17:00:00,51.235,126.12
2024-02-06 18:00:00,54.805,128.26500000000001
2024-02-06 19:00:00,49.215,120.36999999999999
2024-02-06 20:00:00,37.955,112.58500000000001
2024-02-06 21:00:00,27.895000000000003,103.3
2024-02-06 22:00:00,26.695,99.0
2024-02-06 23:00:00,7.644999999999993,91.075
2024-02-07 00:00:00,0.30999999999999883,87.49499999999999
2024-02-07 01:00:00,-0.010000000000003586,85.185
2024-02-07 02:00:00,-0.080000000000002,83.42999999999999
2024-02-07 03:00:00,-0.9350000000000033,79.04499999999997
2024-02-07 04:00:00,-1.219999999999997,78.84999999999998
2024-02-07 05:00:00,-0.029999999999999218,82.02
2024-02-07 06:00:00,0.15499999999999833,93.88999999999997
2024-02-07 07:00:00,3.8700000000000063,111.17000000000002
2024-02-07 08:00:00,15.204999999999993,121.30499999999999
2024-02-07 09:00:00,22.005,117.67
2024-02-07 10:00:00,24.880000000000003,110.14999999999996
2024-02-07 11:00:00,19.5,104.74000000000001
2024-02-07 12:00:00,13.95,99.27000000000001
2024-02-07 13:00:00,7.6499999999999835,94.905
2024-02-07 14:00:00,20.709999999999997,101.255
2024-02-07 15:00:00,32.039999999999985,107.32999999999997
2024-02-07 16:00:00,38.475,115.07500000000002
2024-02-07 17:00:00,51.235,126.12
2024-02-07 18:00:00,54.805,128.26500000000001
2024-02-07 19:00:00,49.215,120.36999999999999
2024-02-07 20:00:00,37.955,112.58500000000001
2024-02-07 21:00:00,27.895000000000003,103.3
2024-02-07 22:00:00,26.695,99.0
2024-02-07 23:00:00,7.644999999999993,91.075
2024-02-08 00:00:00,0.30999999999999883,87.49499999999999
2024-02-08 01:00:00,-0.010000000000003586,85.185
2024-02-08 02:00:00,-0.080000000000002,83.42999999999999
2024-02-08 03:00:00,-0.9350000000000033,79.04499999999997
2024-02-08 04:00:00,-1.219999999999997,78.84999999999998
2024-02-08 05:00:00,-0.029999999999999218,82.02
2024-02-08 06:00:00,0.15499999999999833,93.88999999999997
2024-02-08 07:00:00,3.8700000000000063,111.17000000000002
2024-02-08 08:00:00,15.204999999999993,121.30499999999999
2024-02-08 09:00:00,22.005,117.67
2024-02-08 10:00:00,24.880000000000003,110.14999999999996
2024-02-08 11:00:00,19.5,104.74000000000001
2024-02-08 12:00:00,13.95,99.27000000000001
2024-02-08 13:00:00,7.6499999999999835,94.905
2024-02-08 14:00:00,20.709999999999997,101.255
2024-02-08 15:00:00,32.039999999999985,107.32999999999997
2024-02-08 16:00:00,38.475,115.07500000000002
2024-02-08 17:00:00,51.235,126.12
2024-02-08 18:00:00,54.805,128.26500000000001
2024-02-08 19:00:00,49.215,120.36999999999999
2024-02-08 20:00:00,37.955,112.58500000000001
2024-02-08 21:00:00,27.895000000000003,103.3
2024-02-08 22:00:00,26.695,99.0
2024-02-08 23:00:00,7.644999999999993,91.075
2024-02-09 00:00:00,0.30999999999999883,87.49499999999999
2024-02-09 01:00:00,-0.010000000000003586,85.185
2024-02-09 02:00:00,-0.080000000000002,83.42999999999999
2024-02-09 03:00:00,-0.9350000000000033,79.04499999999997
2024-02-09 04:00:00,-1.219999999999997,78.84999999999998
2024-02-09 05:00:00,-0.029999999999999218,82.02
2024-02-09 06:00:00,0.15499999999999833,93.88999999999997
2024-02-09 07:00:00,3.8700000000000063,111.17000000000002
2024-02-09 08:00:00,15.204999999999993,121.30499999999999
2024-02-09 09:00:00,22.005,117.67
2024-02-09 10:00:00,24.880000000000003,110.14999999999996
2024-02-09 11:00:00,19.5,104.74000000000001
2024-02-09 12:00:00,13.95,99.27000000000001
2024-02-09 13:00:00,7.6499999999999835,94.905
2024-02-09 14:00:00,20.709999999999997,101.255
2024-02-09 15:00:00,32.039999999999985,107.32999999999997
2024-02-09 16:00:00,38.475,115.07500000000002
2024-02-09 17:00:00,51.235,126.12
2024-02-09 18:00:00,54.805,128.26500000000001
2024-02-09 19:00:00,49.215,120.36999999999999
2024-02-09 20:00:00,37.955,112.58500000000001
2024-02-09 21:00:00,27.895000000000003,103.3
2024-02-09 22:00:00,26.695,99.0
2024-02-09 23:00:00,7.644999999999993,91.075
2024-02-10 00:00:00,0.30999999999999883,87.49499999999999
2024-02-10 01:00:00,-0.010000000000003586,85.185
2024-02-10 02:00:00,-0.080000000000002,83.42999999999999
2024-02-10 03:00:00,-0.9350000000000033,79.04499999999997
2024-02-10 04:00:00,-1.219999999999997,78.84999999999998
2024-02-10 05:00:00,-0.029999999999999218,82.02
2024-02-10 06:00:00,0.15499999999999833,93.88999999999997
2024-02-10 07:00:00,3.8700000000000063,111.17000000000002
2024-02-10 08:00:00,15.204999999999993,121.30499999999999
2024-02-10 09:00:00,22.005,117.67
2024-02-10 10:00:00,24.880000000000003,110.14999999999996
2024-02-10 11:00:00,19.5,104.74000000000001
2024-02-10 12:00:00,13.95,99.27000000000001
2024-02-10 13:00:00,7.6499999999999835,94.905
2024-02-10 14:00:00,20.709999999999997,101.255
2024-02-10 15:00:00,32.039999999999985,107.32999999999997
2024-02-10 16:00:00,38.475,115.07500000000002
2024-02-10 17:00:00,51.235,126.12
2024-02-10 18:00:00,54.805,128.26500000000001
2024-02-10 19:00:00,49.215,120.36999999999999
2024-02-10 20:00:00,37.955,112.58500000000001
2024-02-10 21:00:00,27.895000000000003,103.3
2024-02-10 22:00:00,26.695,99.0
2024-02-10 23:00:00,7.644999999999993,91.075
2024-02-11 00:00:00,0.30999999999999883,87.49499999999999
2024-02-11 01:00:00,-0.010000000000003586,85.185
2024-02-11 02:00:00,-0.080000000000002,83.42999999999999
2024-02-11 03:00:00,-0.9350000000000033,79.04499999999997
2024-02-11 04:00:00,-1.219999999999997,78.84999999999998
2024-02-11 05:00:00,-0.029999999999999218,82.02
2024-02-11 06:00:00,0.15499999999999833,93.88999999999997
2024-02-11 07:00:00,3.8700000000000063,111.17000000000002
2024-02-11 08:00:00,15.204999999999993,121.30499999999999
2024-02-11 09:00:00,22.005,117.67
2024-02-11 10:00:00,24.880000000000003,110.14999999999996
2024-02-11 11:00:00,19.5,104.74000000000001
2024-02-11 12:00:00,13.95,99.27000000000001
2024-02-11 13:00:00,7.6499999999999835,94.905
2024-02-11 14:00:00,20.709999999999997,101.255
2024-02-11 15:00:00,32.039999999999985,107.32999999999997
2024-02-11 16:00:00,38.475,115.07500000000002
2024-02-11 17:00:00,51.235,126.12
2024-02-11 18:00:00,54.805,128.26500000000001
2024-02-11 19:00:00,49.215,120.36999999999999
2024-02-11 20:00:00,37.955,112.58500000000001
2024-02-11 21:00:00,27.895000000000003,103.3
2024-02-11 22:00:00,26.695,99.0
2024-02-11 23:00:00,7.644999999999993,91.075
2024-02-12 00:00:00,0.30999999999999883,87.04999999999997
2024-02-12 01:00:00,-0.010000000000003586,84.56499999999997
2024-02-12 02:00:00,-0.080000000000002,81.84499999999998
2024-02-12 03:00:00,-0.9350000000000033,78.96000000000001
2024-02-12 04:00:00,-1.219999999999997,76.73000000000002
2024-02-12 05:00:00,-0.029999999999999218,80.37
2024-02-12 06:00:00,0.15499999999999833,86.76499999999996
2024-02-12 07:00:00,3.8700000000000063,107.4
2024-02-12 08:00:00,15.205000000000005,120.715
2024-02-12 09:00:00,22.005,114.65999999999997
2024-02-12 10:00:00,24.880000000000003,109.70499999999997
2024-02-12 11:00:00,19.5,102.54999999999998
2024-02-12 12:00:00,13.95,97.22999999999999
2024-02-12 13:00:00,7.6499999999999835,93.34500000000004
2024-02-12 14:00:00,20.709999999999997,100.595
2024-02-12 15:00:00,32.039999999999985,107.32999999999997
2024-02-12 16:00:00,38.475,113.07500000000003
2024-02-12 17:00:00,51.235,124.35999999999999
2024-02-12 18:00:00,54.805,128.26500000000001
2024-02-12 19:00:00,49.215,119.19
2024-02-12 20:00:00,37.955,111.00999999999999
2024-02-12 21:00:00,27.895000000000003,103.3
2024-02-12 22:00:00,26.695,99.0
2024-02-12 23:00:00,7.645000000000003,91.075
2024-02-13 00:00:00,0.30999999999999883,87.04999999999997
2024-02-13 01:00:00,-0.010000000000003586,84.56499999999997
2024-02-13 02:00:00,-0.080000000000002,81.84499999999998
2024-02-13 03:00:00,-0.9350000000000033,78.96000000000001
2024-02-13 04:00:00,-1.219999999999997,76.73000000000002
2024-02-13 05:00:00,-0.029999999999999218,80.37
2024-02-13 06:00:00,0.15499999999999833,86.76499999999996
2024-02-13 07:00:00,3.8700000000000063,107.4
2024-02-13 08:00:00,15.205000000000005,120.715
2024-02-13 09:00:00,22.005,114.65999999999997
2024-02-13 10:00:00,24.880000000000003,109.70499999999997
2024-02-13 11:00:00,19.5,102.54999999999998
2024-02-13 12:00:00,13.95,97.22999999999999
2024-02-13 13:00:00,7.6499999999999835,93.34500000000004
2024-02-13 14:00:00,20.709999999999997,100.595
2024-02-13 15:00:00,32.039999999999985,107.32999999999997
2024-02-13 16:00:00,38.475,113.07500000000003
2024-02-13 17:00:00,51.235,124.35999999999999
2024-02-13 18:00:00,54.805,128.26500000000001
2024-02-13 19:00:00,49.215,119.19
2024-02-13 20:00:00,37.955,111.00999999999999
2024-02-13 21:00:00,27.895000000000003,103.3
2024-02-13 22:00:00,26.695,99.0
2024-02-13 23:00:00,7.645000000000003,91.075
2024-02-14 00:00:00,0.30999999999999883,87.04999999999997
2024-02-14 01:00:00,-0.010000000000003586,84.56499999999997
2024-02-14 02:00:00,-0.080000000000002,81.84499999999998
2024-02-14 03:00:00,-0.9350000000000033,78.96000000000001
2024-02-14 04:00:00,-1.219999999999997,76.73000000000002
2024-02-14 05:00:00,-0.029999999999999218,80.37
2024-02-14 06:00:00,0.15499999999999833,86.76499999999996
2024-02-14 07:00:00,3.8700000000000063,107.4
2024-02-14 08:00:00,15.205000000000005,120.715
2024-02-14 09:00:00,22.005,114.65999999999997
2024-02-14 10:00:00,24.880000000000003,109.70499999999997
2024-02-14 11:00:00,19.5,102.54999999999998
2024-02-14 12:00:00,13.95,97.22999999999999
2024-02-14 13:00:00,7.6499999999999835,93.34500000000004
2024-02-14 14:00:00,20.709999999999997,100.595
2024-02-14 15:00:00,32.039999999999985,107.32999999999997
2024-02-14 16:00:00,38.475,113.07500000000003
2024-02-14 17:00:00,51.235,124.35999999999999
2024-02-14 18:00:00,54.805,128.26500000000001
2024-02-14 19:00:00,49.215,119.19
2024-02-14 20:00:00,37.955,111.00999999999999
2024-02-14 21:00:00,27.895000000000003,103.3
2024-02-14 22:00:00,26.695,99.0
2024-02-14 23:00:00,7.645000000000003,91.075
2024-02-15 00:00:00,0.30999999999999883,87.04999999999997
2024-02-15 01:00:00,-0.010000000000003586,84.56499999999997
2024-02-15 02:00:00,-0.080000000000002,81.84499999999998
2024-02-15 03:00:00,-0.9350000000000033,78.96000000000001
2024-02-15 04:00:00,-1.219999999999997,76.73000000000002
2024-02-15 05:00:00,-0.029999999999999218,80.37
2024-02-15 06:00:00,0.15499999999999833,86.76499999999996
2024-02-15 07:00:00,3.8700000000000063,107.4
2024-02-15 08:00:00,15.205000000000005,120.715
2024-02-15 09:00:00,22.005,114.65999999999997
2024-02-15 10:00:00,24.880000000000003,109.70499999999997
2024-02-15 11:00:00,19.5,102.54999999999998
2024-02-15 12:00:00,13.95,97.22999999999999
2024-02-15 13:00:00,7.6499999999999835,93.34500000000004
2024-02-15 14:00:00,20.709999999999997,100.595
2024-02-15 15:00:00,32.039999999999985,107.32999999999997
2024-02-15 16:00:00,38.475,113.07500000000003
2024-02-15 17:00:00,51.235,124.35999999999999
2024-02-15 18:00:00,54.805,128.26500000000001
2024-02-15 19:00:00,49.215,119.19
2024-02-15 20:00:00,37.955,111.00999999999999
2024-02-15 21:00:00,27.895000000000003,103.3
2024-02-15 22:00:00,26.695,99.0
2024-02-15 23:00:00,7.645000000000003,91.075
2024-02-16 00:00:00,0.30999999999999883,87.04999999999997
2024-02-16 01:00:00,-0.010000000000003586,84.56499999999997
2024-02-16 02:00:00,-0.080000000000002,81.84499999999998
2024-02-16 03:00:00,-0.9350000000000033,78.96000000000001
2024-02-16 04:00:00,-1.219999999999997,76.73000000000002
2024-02-16 05:00:00,-0.029999999999999218,80.37
2024-02-16 06:00:00,0.15499999999999833,86.76499999999996
2024-02-16 07:00:00,3.8700000000000063,107.4
2024-02-16 08:00:00,15.205000000000005,120.715
2024-02-16 09:00:00,22.005,114.65999999999997
2024-02-16 10:00:00,24.880000000000003,109.70499999999997
2024-02-16 11:00:00,19.5,102.54999999999998
2024-02-16 12:00:00,13.95,97.22999999999999
2024-02-16 13:00:00,7.6499999999999835,93.34500000000004
2024-02-16 14:00:00,20.709999999999997,100.595
2024-02-16 15:00:00,32.039999999999985,107.32999999999997
2024-02-16 16:00:00,38.475,113.07500000000003
2024-02-16 17:00:00,51.235,124.35999999999999
2024-02-16 18:00:00,54.805,128.26500000000001
2024-02-16 19:00:00,49.215,119.19
2024-02-16 20:00:00,37.955,111.00999999999999
2024-02-16 21:00:00,27.895000000000003,103.3
2024-02-16 22:00:00,26.695,99.0
2024-02-16 23:00:00,7.645000000000003,91.075
2024-02-17 00:00:00,0.30999999999999883,87.04999999999997
2024-02-17 01:00:00,-0.010000000000003586,84.56499999999997
2024-02-17 02:00:00,-0.080000000000002,81.84499999999998
2024-02-17 03:00:00,-0.9350000000000033,78.96000000000001
2024-02-17 04:00:00,-1.219999999999997,76.73000000000002
2024-02-17 05:00:00,-0.029999999999999218,80.37
2024-02-17 06:00:00,0.15499999999999833,86.76499999999996
2024-02-17 07:00:00,3.8700000000000063,107.4
2024-02-17 08:00:00,15.205000000000005,120.715
2024-02-17 09:00:00,22.005,114.65999999999997
2024-02-17 10:00:00,24.880000000000003,109.70499999999997
2024-02-17 11:00:00,19.5,102.54999999999998
2024-02-17 12:00:00,13.95,97.22999999999999
2024-02-17 13:00:00,7.6499999999999835,93.34500000000004
2024-02-17 14:00:00,20.709999999999997,100.595
2024-02-17 15:00:00,32.039999999999985,107.32999999999997
2024-02-17 16:00:00,38.475,113.07500000000003
2024-02-17 17:00:00,51.235,124.35999999999999
2024-02-17 18:00:00,54.805,128.26500000000001
2024-02-17 19:00:00,49.215,119.19
2024-02-17 20:00:00,37.955,111.00999999999999
2024-02-17 21:00:00,27.895000000000003,103.3
2024-02-17 22:00:00,26.695,99.0
2024-02-17 23:00:00,7.645000000000003,91.075
2024-02-18 00:00:00,0.30999999999999883,87.04999999999997
2024-02-18 01:00:00,-0.010000000000003586,84.56499999999997
2024-02-18 02:00:00,-0.080000000000002,81.84499999999998
2024-02-18 03:00:00,-0.9350000000000033,78.96000000000001
2024-02-18 04:00:00,-1.219999999999997,76.73000000000002
2024-02-18 05:00:00,-0.029999999999999218,80.37
2024-02-18 06:00:00,0.15499999999999833,86.76499999999996
2024-02-18 07:00:00,3.8700000000000063,107.4
2024-02-18 08:00:00,15.205000000000005,120.715
2024-02-18 09:00:00,22.005,114.65999999999997
2024-02-18 10:00:00,24.880000000000003,109.70499999999997
2024-02-18 11:00:00,19.5,102.54999999999998
2024-02-18 12:00:00,13.95,97.22999999999999
2024-02-18 13:00:00,7.6499999999999835,93.34500000000004
2024-02-18 14:00:00,20.709999999999997,100.595
2024-02-18 15:00:00,32.039999999999985,107.32999999999997
2024-02-18 16:00:00,38.475,113.07500000000003
2024-02-18 17:00:00,51.235,124.35999999999999
2024-02-18 18:00:00,54.805,128.26500000000001
2024-02-18 19:00:00,49.215,119.19
2024-02-18 20:00:00,37.955,111.00999999999999
2024-02-18 21:00:00,27.895000000000003,103.3
2024-02-18 22:00:00,26.695,99.0
2024-02-18 23:00:00,7.645000000000003,91.075
2024-02-19 00:00:00,3.7550000000000052,87.04999999999997
2024-02-19 01:00:00,2.2499999999999987,84.56499999999997
2024-02-19 02:00:00,1.2900000000000014,81.84499999999998
2024-02-19 03:00:00,-0.4550000000000008,78.96000000000001
2024-02-19 04:00:00,-0.5549999999999985,76.73000000000002
2024-02-19 05:00:00,-0.010000000000000458,80.37
2024-02-19 06:00:00,1.560000000000005,86.76499999999996
2024-02-19 07:00:00,12.354999999999999,105.145
2024-02-19 08:00:00,26.835,120.715
2024-02-19 09:00:00,30.474999999999998,114.65999999999997
2024-02-19 10:00:00,28.12,109.70499999999997
2024-02-19 11:00:00,21.11499999999999,102.54999999999998
2024-02-19 12:00:00,16.994999999999997,97.22999999999999
2024-02-19 13:00:00,9.344999999999988,93.34500000000004
2024-02-19 14:00:00,22.345,100.595
2024-02-19 15:00:00,37.614999999999995,107.32999999999997
2024-02-19 16:00:00,43.58,113.07500000000003
2024-02-19 17:00:00,58.35499999999999,124.35999999999999
2024-02-19 18:00:00,63.18000000000001,128.26500000000001
2024-02-19 19:00:00,64.69,119.19
2024-02-19 20:00:00,55.59999999999999,111.00999999999999
2024-02-19 21:00:00,37.585,103.3
2024-02-19 22:00:00,42.464999999999996,99.0
2024-02-19 23:00:00,31.000000000000004,91.075
2024-02-20 00:00:00,3.7550000000000052,87.04999999999997
2024-02-20 01:00:00,2.2499999999999987,84.56499999999997
2024-02-20 02:00:00,1.2900000000000014,81.84499999999998
2024-02-20 03:00:00,-0.4550000000000008,78.96000000000001
2024-02-20 04:00:00,-0.5549999999999985,76.73000000000002
2024-02-20 05:00:00,-0.010000000000000458,80.37
2024-02-20 06:00:00,1.560000000000005,86.76499999999996
2024-02-20 07:00:00,12.354999999999999,105.145
2024-02-20 08:00:00,26.835,120.715
2024-02-20 09:00:00,30.474999999999998,114.65999999999997
2024-02-20 10:00:00,28.12,109.70499999999997
2024-02-20 11:00:00,21.11499999999999,102.54999999999998
2024-02-20 12:00:00,16.994999999999997,97.22999999999999
2024-02-20 13:00:00,9.344999999999988,93.34500000000004
2024-02-20 14:00:00,22.345,100.595
2024-02-20 15:00:00,37.614999999999995,107.32999999999997
2024-02-20 16:00:00,43.58,113.07500000000003
2024-02-20 17:00:00,58.35499999999999,124.35999999999999
2024-02-20 18:00:00,63.18000000000001,128.26500000000001
2024-02-20 19:00:00,64.69,119.19
2024-02-20 20:00:00,55.59999999999999,111.00999999999999
2024-02-20 21:00:00,37.585,103.3
2024-02-20 22:00:00,42.464999999999996,99.0
2024-02-20 23:00:00,31.000000000000004,91.075
2024-02-21 00:00:00,3.7550000000000052,87.04999999999997
2024-02-21 01:00:00,2.2499999999999987,84.56499999999997
2024-02-21 02:00:00,1.2900000000000014,81.84499999999998
2024-02-21 03:00:00,-0.4550000000000008,78.96000000000001
2024-02-21 04:00:00,-0.5549999999999985,76.73000000000002
2024-02-21 05:00:00,-0.010000000000000458,80.37
2024-02-21 06:00:00,1.560000000000005,86.76499999999996
2024-02-21 07:00:00,12.354999999999999,105.145
2024-02-21 08:00:00,26.835,120.715
2024-02-21 09:00:00,30.474999999999998,114.65999999999997
2024-02-21 10:00:00,28.12,109.70499999999997
2024-02-21 11:00:00,21.11499999999999,102.54999999999998
2024-02-21 12:00:00,16.994999999999997,97.22999999999999
2024-02-21 13:00:00,9.344999999999988,93.34500000000004
2024-02-21 14:00:00,22.345,100.595
2024-02-21 15:00:00,37.614999999999995,107.32999999999997
2024-02-21 16:00:00,43.58,113.07500000000003
2024-02-21 17:00:00,58.35499999999999,124.35999999999999
2024-02-21 18:00:00,63.18000000000001,128.26500000000001
2024-02-21 19:00:00,64.69,119.19
2024-02-21 20:00:00,55.59999999999999,111.00999999999999
2024-02-21 21:00:00,37.585,103.3
2024-02-21 22:00:00,42.464999999999996,99.0
2024-02-21 23:00:00,31.000000000000004,91.075
2024-02-22 00:00:00,3.7550000000000052,87.04999999999997
2024-02-22 01:00:00,2.2499999999999987,84.56499999999997
2024-02-22 02:00:00,1.2900000000000014,81.84499999999998
2024-02-22 03:00:00,-0.4550000000000008,78.96000000000001
2024-02-22 04:00:00,-0.5549999999999985,76.73000000000002
2024-02-22 05:00:00,-0.010000000000000458,80.37
2024-02-22 06:00:00,1.560000000000005,86.76499999999996
2024-02-22 07:00:00,12.354999999999999,105.145
2024-02-22 08:00:00,26.835,120.715
2024-02-22 09:00:00,30.474999999999998,114.65999999999997
2024-02-22 10:00:00,28.12,109.70499999999997
2024-02-22 11:00:00,21.11499999999999,102.54999999999998
2024-02-22 12:00:00,16.994999999999997,97.22999999999999
2024-02-22 13:00:00,9.344999999999988,93.34500000000004
2024-02-22 14:00:00,22.345,100.595
2024-02-22 15:00:00,37.614999999999995,107.32999999999997
2024-02-22 16:00:00,43.58,113.07500000000003
2024-02-22 17:00:00,58.35499999999999,124.35999999999999
2024-02-22 18:00:00,63.18000000000001,128.26500000000001
2024-02-22 19:00:00,64.69,119.19
2024-02-22 20:00:00,55.59999999999999,111.00999999999999
2024-02-22 21:00:00,37.585,103.3
2024-02-22 22:00:00,42.464999999999996,99.0
2024-02-22 23:00:00,31.000000000000004,91.075
2024-02-23 00:00:00,3.7550000000000052,87.04999999999997
2024-02-23 01:00:00,2.2499999999999987,84.56499999999997
2024-02-23 02:00:00,1.2900000000000014,81.84499999999998
2024-02-23 03:00:00,-0.4550000000000008,78.96000000000001
2024-02-23 04:00:00,-0.5549999999999985,76.73000000000002
2024-02-23 05:00:00,-0.010000000000000458,80.37
2024-02-23 06:00:00,1.560000000000005,86.76499999999996
2024-02-23 07:00:00,12.354999999999999,105.145
2024-02-23 08:00:00,26.835,120.715
2024-02-23 09:00:00,30.474999999999998,114.65999999999997
2024-02-23 10:00:00,28.12,109.70499999999997
2024-02-23 11:00:00,21.11499999999999,102.54999999999998
2024-02-23 12:00:00,16.994999999999997,97.22999999999999
2024-02-23 13:00:00,9.344999999999988,93.34500000000004
2024-02-23 14:00:00,22.345,100.595
2024-02-23 15:00:00,37.614999999999995,107.32999999999997
2024-02-23 16:00:00,43.58,113.07500000000003
2024-02-23 17:00:00,58.35499999999999,124.35999999999999
2024-02-23 18:00:00,63.18000000000001,128.26500000000001
2024-02-23 19:00:00,64.69,119.19
2024-02-23 20:00:00,55.59999999999999,111.00999999999999
2024-02-23 21:00:00,37.585,103.3
2024-02-23 22:00:00,42.464999999999996,99.0
2024-02-23 23:00:00,31.000000000000004,91.075
2024-02-24 00:00:00,3.7550000000000052,87.04999999999997
2024-02-24 01:00:00,2.2499999999999987,84.56499999999997
2024-02-24 02:00:00,1.2900000000000014,81.84499999999998
2024-02-24 03:00:00,-0.4550000000000008,78.96000000000001
2024-02-24 04:00:00,-0.5549999999999985,76.73000000000002
2024-02-24 05:00:00,-0.010000000000000458,80.37
2024-02-24 06:00:00,1.560000000000005,86.76499999999996
2024-02-24 07:00:00,12.354999999999999,105.145
2024-02-24 08:00:00,26.835,120.715
2024-02-24 09:00:00,30.474999999999998,114.65999999999997
2024-02-24 10:00:00,28.12,109.70499999999997
2024-02-24 11:00:00,21.11499999999999,102.54999999999998
2024-02-24 12:00:00,16.994999999999997,97.22999999999999
2024-02-24 13:00:00,9.344999999999988,93.34500000000004
2024-02-24 14:00:00,22.345,100.595
2024-02-24 15:00:00,37.614999999999995,107.32999999999997
2024-02-24 16:00:00,43.58,113.07500000000003
2024-02-24 17:00:00,58.35499999999999,124.35999999999999
2024-02-24 18:00:00,63.18000000000001,128.26500000000001
2024-02-24 19:00:00,64.69,119.19
2024-02-24 20:00:00,55.59999999999999,111.00999999999999
2024-02-24 21:00:00,37.585,103.3
2024-02-24 22:00:00,42.464999999999996,99.0
2024-02-24 23:00:00,31.000000000000004,91.075
2024-02-25 00:00:00,3.7550000000000052,87.04999999999997
2024-02-25 01:00:00,2.2499999999999987,84.56499999999997
2024-02-25 02:00:00,1.2900000000000014,81.84499999999998
2024-02-25 03:00:00,-0.4550000000000008,78.96000000000001
2024-02-25 04:00:00,-0.5549999999999985,76.73000000000002
2024-02-25 05:00:00,-0.010000000000000458,80.37
2024-02-25 06:00:00,1.560000000000005,86.76499999999996
2024-02-25 07:00:00,12.354999999999999,105.145
2024-02-25 08:00:00,26.835,120.715
2024-02-25 09:00:00,30.474999999999998,114.65999999999997
2024-02-25 10:00:00,28.12,109.70499999999997
2024-02-25 11:00:00,21.11499999999999,102.54999999999998
2024-02-25 12:00:00,16.994999999999997,97.22999999999999
2024-02-25 13:00:00,9.344999999999988,93.34500000000004
2024-02-25 14:00:00,22.345,100.595
2024-02-25 15:00:00,37.614999999999995,107.32999999999997
2024-02-25 16:00:00,43.58,113.07500000000003
2024-02-25 17:00:00,58.35499999999999,124.35999999999999
2024-02-25 18:00:00,63.18000000000001,128.26500000000001
2024-02-25 19:00:00,64.69,119.19
2024-02-25 20:00:00,55.59999999999999,111.00999999999999
2024-02-25 21:00:00,37.585,103.3
2024-02-25 22:00:00,42.464999999999996,99.0
2024-02-25 23:00:00,31.000000000000004,91.075
2024-02-26 00:00:00,20.985000000000003,87.04999999999997
2024-02-26 01:00:00,19.72,84.565
2024-02-26 02:00:00,11.725,81.84500000000001
2024-02-26 03:00:00,4.5749999999999975,78.96000000000001
2024-02-26 04:00:00,2.7300000000000018,76.73000000000002
2024-02-26 05:00:00,4.200000000000002,80.37
2024-02-26 06:00:00,36.029999999999994,86.76499999999996
2024-02-26 07:00:00,49.46499999999999,105.145
2024-02-26 08:00:00,57.73,120.715
2024-02-26 09:00:00,58.324999999999996,114.65999999999997
2024-02-26 10:00:00,54.19999999999999,109.70499999999997
2024-02-26 11:00:00,49.30500000000001,102.54999999999998
2024-02-26 12:00:00,42.91499999999999,97.22999999999999
2024-02-26 13:00:00,40.455000000000005,93.34500000000004
2024-02-26 14:00:00,43.03499999999998,100.595
2024-02-26 15:00:00,47.76000000000001,107.32999999999997
2024-02-26 16:00:00,54.14499999999999,113.07500000000003
2024-02-26 17:00:00,62.934999999999995,124.35999999999999
2024-02-26 18:00:00,68.465,128.26500000000001
2024-02-26 19:00:00,70.39999999999999,119.19
2024-02-26 20:00:00,64.19,111.00999999999999
2024-02-26 21:00:00,58.61,103.3
2024-02-26 22:00:00,53.88,99.0
2024-02-26 23:00:00,41.98,91.075
2024-02-27 00:00:00,20.985000000000003,87.04999999999997
2024-02-27 01:00:00,19.72,84.565
2024-02-27 02:00:00,11.725,81.84500000000001
2024-02-27 03:00:00,4.5749999999999975,78.96000000000001
2024-02-27 04:00:00,2.7300000000000018,76.73000000000002
2024-02-27 05:00:00,4.200000000000002,80.37
2024-02-27 06:00:00,36.029999999999994,86.76499999999996
2024-02-27 07:00:00,49.46499999999999,105.145
2024-02-27 08:00:00,57.73,120.715
2024-02-27 09:00:00,58.324999999999996,114.65999999999997
2024-02-27 10:00:00,54.19999999999999,109.70499999999997
2024-02-27 11:00:00,49.30500000000001,102.54999999999998
2024-02-27 12:00:00,42.91499999999999,97.22999999999999
2024-02-27 13:00:00,40.455000000000005,93.34500000000004
2024-02-27 14:00:00,43.03499999999998,100.595
2024-02-27 15:00:00,47.76000000000001,107.32999999999997
2024-02-27 16:00:00,54.14499999999999,113.07500000000003
2024-02-27 17:00:00,62.934999999999995,124.35999999999999
2024-02-27 18:00:00,68.465,128.26500000000001
2024-02-27 19:00:00,70.39999999999999,119.19
2024-02-27 20:00:00,64.19,111.00999999999999
2024-02-27 21:00:00,58.61,103.3
2024-02-27 22:00:00,53.88,99.0
2024-02-27 23:00:00,41.98,91.075
2024-02-28 00:00:00,20.985000000000003,87.04999999999997
2024-02-28 01:00:00,19.72,84.565
2024-02-28 02:00:00,11.725,81.84500000000001
2024-02-28 03:00:00,4.5749999999999975,78.96000000000001
2024-02-28 04:00:00,2.7300000000000018,76.73000000000002
2024-02-28 05:00:00,4.200000000000002,80.37
2024-02-28 06:00:00,36.029999999999994,86.76499999999996
2024-02-28 07:00:00,49.46499999999999,105.145
2024-02-28 08:00:00,57.73,120.715
2024-02-28 09:00:00,58.324999999999996,114.65999999999997
2024-02-28 10:00:00,54.19999999999999,109.70499999999997
2024-02-28 11:00:00,49.30500000000001,102.54999999999998
2024-02-28 12:00:00,42.91499999999999,97.22999999999999
2024-02-28 13:00:00,40.455000000000005,93.34500000000004
2024-02-28 14:00:00,43.03499999999998,100.595
2024-02-28 15:00:00,47.76000000000001,107.32999999999997
2024-02-28 16:00:00,54.14499999999999,113.07500000000003
2024-02-28 17:00:00,62.934999999999995,124.35999999999999
2024-02-28 18:00:00,68.465,128.26500000000001
2024-02-28 19:00:00,70.39999999999999,119.19
2024-02-28 20:00:00,64.19,111.00999999999999
2024-02-28 21:00:00,58.61,103.3
2024-02-28 22:00:00,53.88,99.0
2024-02-28 23:00:00,41.98,91.075
2024-02-29 00:00:00,20.985000000000003,87.04999999999997
2024-02-29 01:00:00,19.72,84.565
2024-02-29 02:00:00,11.725,81.84500000000001
2024-02-29 03:00:00,4.5749999999999975,78.96000000000001
2024-02-29 04:00:00,2.7300000000000018,76.73000000000002
2024-02-29 05:00:00,4.200000000000002,80.37
2024-02-29 06:00:00,36.029999999999994,86.76499999999996
2024-02-29 07:00:00,49.46499999999999,105.145
2024-02-29 08:00:00,57.73,120.715
2024-02-29 09:00:00,58.324999999999996,114.65999999999997
2024-02-29 10:00:00,54.19999999999999,109.70499999999997
2024-02-29 11:00:00,49.30500000000001,102.54999999999998
2024-02-29 12:00:00,42.91499999999999,97.22999999999999
2024-02-29 13:00:00,40.455000000000005,93.34500000000004
2024-02-29 14:00:00,43.03499999999998,100.595
2024-02-29 15:00:00,47.76000000000001,107.32999999999997
2024-02-29 16:00:00,54.14499999999999,113.07500000000003
2024-02-29 17:00:00,62.934999999999995,124.35999999999999
2024-02-29 18:00:00,68.465,128.26500000000001
2024-02-29 19:00:00,70.39999999999999,119.19
2024-02-29 20:00:00,64.19,111.00999999999999
2024-02-29 21:00:00,58.61,103.3
2024-02-29 22:00:00,53.88,99.0
2024-02-29 23:00:00,41.98,91.075
2024-03-01 00:00:00,20.985000000000003,87.04999999999997
2024-03-01 01:00:00,19.72,84.565
2024-03-01 02:00:00,11.725,81.84500000000001
2024-03-01 03:00:00,4.5749999999999975,78.96000000000001
2024-03-01 04:00:00,2.7300000000000018,76.73000000000002
2024-03-01 05:00:00,4.200000000000002,80.37
2024-03-01 06:00:00,36.029999999999994,86.76499999999996
2024-03-01 07:00:00,49.46499999999999,105.145
2024-03-01 08:00:00,57.73,120.715
2024-03-01 09:00:00,58.324999999999996,114.65999999999997
2024-03-01 10:00:00,54.19999999999999,109.70499999999997
2024-03-01 11:00:00,49.30500000000001,102.54999999999998
2024-03-01 12:00:00,42.91499999999999,97.22999999999999
2024-03-01 13:00:00,40.455000000000005,93.34500000000004
2024-03-01 14:00:00,43.03499999999998,100.595
2024-03-01 15:00:00,47.76000000000001,107.32999999999997
2024-03-01 16:00:00,54.14499999999999,113.07500000000003
2024-03-01 17:00:00,62.934999999999995,124.35999999999999
2024-03-01 18:00:00,68.465,128.26500000000001
2024-03-01 19:00:00,70.39999999999999,119.19
2024-03-01 20:00:00,64.19,111.00999999999999
2024-03-01 21:00:00,58.61,103.3
2024-03-01 22:00:00,53.88,99.0
2024-03-01 23:00:00,41.98,91.075
2024-03-02 00:00:00,20.985000000000003,87.04999999999997
2024-03-02 01:00:00,19.72,84.565
2024-03-02 02:00:00,11.725,81.84500000000001
2024-03-02 03:00:00,4.5749999999999975,78.96000000000001
2024-03-02 04:00:00,2.7300000000000018,76.73000000000002
2024-03-02 05:00:00,4.200000000000002,80.37
2024-03-02 06:00:00,36.029999999999994,86.76499999999996
2024-03-02 07:00:00,49.46499999999999,105.145
2024-03-02 08:00:00,57.73,120.715
2024-03-02 09:00:00,58.324999999999996,114.65999999999997
2024-03-02 10:00:00,54.19999999999999,109.70499999999997
2024-03-02 11:00:00,49.30500000000001,102.54999999999998
2024-03-02 12:00:00,42.91499999999999,97.22999999999999
2024-03-02 13:00:00,40.455000000000005,93.34500000000004
2024-03-02 14:00:00,43.03499999999998,100.595
2024-03-02 15:00:00,47.76000000000001,107.32999999999997
2024-03-02 16:00:00,54.14499999999999,113.07500000000003
2024-03-02 17:00:00,62.934999999999995,124.35999999999999
2024-03-02 18:00:00,68.465,128.26500000000001
2024-03-02 19:00:00,70.39999999999999,119.19
2024-03-02 20:00:00,64.19,111.00999999999999
2024-03-02 21:00:00,58.61,103.3
2024-03-02 22:00:00,53.88,99.0
2024-03-02 23:00:00,41.98,91.075
2024-03-03 00:00:00,20.985000000000003,87.04999999999997
2024-03-03 01:00:00,19.72,84.565
2024-03-03 02:00:00,11.725,81.84500000000001
2024-03-03 03:00:00,4.5749999999999975,78.96000000000001
2024-03-03 04:00:00,2.7300000000000018,76.73000000000002
2024-03-03 05:00:00,4.200000000000002,80.37
2024-03-03 06:00:00,36.029999999999994,86.76499999999996
2024-03-03 07:00:00,49.46499999999999,105.145
2024-03-03 08:00:00,57.73,120.715
2024-03-03 09:00:00,58.324999999999996,114.65999999999997
2024-03-03 10:00:00,54.19999999999999,109.70499999999997
2024-03-03 11:00:00,49.30500000000001,102.54999999999998
2024-03-03 12:00:00,42.91499999999999,97.22999999999999
2024-03-03 13:00:00,40.455000000000005,93.34500000000004
2024-03-03 14:00:00,43.03499999999998,100.595
2024-03-03 15:00:00,47.76000000000001,107.32999999999997
2024-03-03 16:00:00,54.14499999999999,113.07500000000003
2024-03-03 17:00:00,62.934999999999995,124.35999999999999
2024-03-03 18:00:00,68.465,128.26500000000001
2024-03-03 19:00:00,70.39999999999999,119.19
2024-03-03 20:00:00,64.19,111.00999999999999
2024-03-03 21:00:00,58.61,103.3
2024-03-03 22:00:00,53.88,99.0
2024-03-03 23:00:00,41.98,91.075
2024-03-04 00:00:00,37.465,87.05000000000001
2024-03-04 01:00:00,28.965,84.565
2024-03-04 02:00:00,18.384999999999998,81.84499999999998
2024-03-04 03:00:00,11.044999999999998,78.96000000000001
2024-03-04 04:00:00,12.154999999999998,76.73000000000002
2024-03-04 05:00:00,21.7,80.37
2024-03-04 06:00:00,44.345000000000006,86.76499999999996
2024-03-04 07:00:00,54.845000000000006,105.145
2024-03-04 08:00:00,61.775,120.715
2024-03-04 09:00:00,61.02500000000001,114.65999999999997
2024-03-04 10:00:00,56.75000000000001,109.70500000000001
2024-03-04 11:00:00,53.05499999999999,102.54999999999998
2024-03-04 12:00:00,45.379999999999995,93.84000000000002
2024-03-04 13:00:00,41.600000000000016,93.30000000000003
2024-03-04 14:00:00,45.575,100.595
2024-03-04 15:00:00,51.51000000000001,107.32999999999997
2024-03-04 16:00:00,55.374999999999986,113.07500000000003
2024-03-04 17:00:00,64.45,123.75
2024-03-04 18:00:00,72.35,127.19999999999997
2024-03-04 19:00:00,73.535,119.19
2024-03-04 20:00:00,64.865,111.00999999999999
2024-03-04 21:00:00,59.31499999999999,103.3
2024-03-04 22:00:00,56.695,99.0
2024-03-04 23:00:00,45.12500000000001,91.075
2024-03-05 00:00:00,37.465,87.05000000000001
2024-03-05 01:00:00,28.965,84.565
2024-03-05 02:00:00,18.384999999999998,81.84499999999998
2024-03-05 03:00:00,11.044999999999998,78.96000000000001
2024-03-05 04:00:00,12.154999999999998,76.73000000000002
2024-03-05 05:00:00,21.7,80.37
2024-03-05 06:00:00,44.345000000000006,86.76499999999996
2024-03-05 07:00:00,54.845000000000006,105.145
2024-03-05 08:00:00,61.775,120.715
2024-03-05 09:00:00,61.02500000000001,114.65999999999997
2024-03-05 10:00:00,56.75000000000001,109.70500000000001
2024-03-05 11:00:00,53.05499999999999,102.54999999999998
2024-03-05 12:00:00,45.379999999999995,93.84000000000002
2024-03-05 13:00:00,41.600000000000016,93.30000000000003
2024-03-05 14:00:00,45.575,100.595
2024-03-05 15:00:00,51.51000000000001,107.32999999999997
2024-03-05 16:00:00,55.374999999999986,113.07500000000003
2024-03-05 17:00:00,64.45,123.75
2024-03-05 18:00:00,72.35,127.19999999999997
2024-03-05 19:00:00,73.535,119.19
2024-03-05 20:00:00,64.865,111.00999999999999
2024-03-05 21:00:00,59.31499999999999,103.3
2024-03-05 22:00:00,56.695,99.0
2024-03-05 23:00:00,45.12500000000001,91.075
2024-03-06 00:00:00,37.465,87.05000000000001
2024-03-06 01:00:00,28.965,84.565
2024-03-06 02:00:00,18.384999999999998,81.84499999999998
2024-03-06 03:00:00,11.044999999999998,78.96000000000001
2024-03-06 04:00:00,12.154999999999998,76.73000000000002
2024-03-06 05:00:00,21.7,80.37
2024-03-06 06:00:00,44.345000000000006,86.76499999999996
2024-03-06 07:00:00,54.845000000000006,105.145
2024-03-06 08:00:00,61.775,120.715
2024-03-06 09:00:00,61.02500000000001,114.65999999999997
2024-03-06 10:00:00,56.75000000000001,109.70500000000001
2024-03-06 11:00:00,53.05499999999999,102.54999999999998
2024-03-06 12:00:00,45.379999999999995,93.84000000000002
2024-03-06 13:00:00,41.600000000000016,93.30000000000003
2024-03-06 14:00:00,45.575,100.595
2024-03-06 15:00:00,51.51000000000001,107.32999999999997
2024-03-06 16:00:00,55.374999999999986,113.07500000000003
2024-03-06 17:00:00,64.45,123.75
2024-03-06 18:00:00,72.35,127.19999999999997
2024-03-06 19:00:00,73.535,119.19
2024-03-06 20:00:00,64.865,111.00999999999999
2024-03-06 21:00:00,59.31499999999999,103.3
2024-03-06 22:00:00,56.695,99.0
2024-03-06 23:00:00,45.12500000000001,91.075
2024-03-07 00:00:00,37.465,87.05000000000001
2024-03-07 01:00:00,28.965,84.565
2024-03-07 02:00:00,18.384999999999998,81.84499999999998
2024-03-07 03:00:00,11.044999999999998,78.96000000000001
2024-03-07 04:00:00,12.154999999999998,76.73000000000002
2024-03-07 05:00:00,21.7,80.37
2024-03-07 06:00:00,44.345000000000006,86.76499999999996
2024-03-07 07:00:00,54.845000000000006,105.145
2024-03-07 08:00:00,61.775,120.715
2024-03-07 09:00:00,61.02500000000001,114.65999999999997
2024-03-07 10:00:00,56.75000000000001,109.70500000000001
2024-03-07 11:00:00,53.05499999999999,102.54999999999998
2024-03-07 12:00:00,45.379999999999995,93.84000000000002
2024-03-07 13:00:00,41.600000000000016,93.30000000000003
2024-03-07 14:00:00,45.575,100.595
2024-03-07 15:00:00,51.51000000000001,107.32999999999997
2024-03-07 16:00:00,55.374999999999986,113.07500000000003
2024-03-07 17:00:00,64.45,123.75
2024-03-07 18:00:00,72.35,127.19999999999997
2024-03-07 19:00:00,73.535,119.19
2024-03-07 20:00:00,64.865,111.00999999999999
2024-03-07 21:00:00,59.31499999999999,103.3
2024-03-07 22:00:00,56.695,99.0
2024-03-07 23:00:00,45.12500000000001,91.075
2024-03-08 00:00:00,37.465,87.05000000000001
2024-03-08 01:00:00,28.965,84.565
2024-03-08 02:00:00,18.384999999999998,81.84499999999998
2024-03-08 03:00:00,11.044999999999998,78.96000000000001
2024-03-08 04:00:00,12.154999999999998,76.73000000000002
2024-03-08 05:00:00,21.7,80.37
2024-03-08 06:00:00,44.345000000000006,86.76499999999996
2024-03-08 07:00:00,54.845000000000006,105.145
2024-03-08 08:00:00,61.775,120.715
2024-03-08 09:00:00,61.02500000000001,114.65999999999997
2024-03-08 10:00:00,56.75000000000001,109.70500000000001
2024-03-08 11:00:00,53.05499999999999,102.54999999999998
2024-03-08 12:00:00,45.379999999999995,93.84000000000002
2024-03-08 13:00:00,41.600000000000016,93.30000000000003
2024-03-08 14:00:00,45.575,100.595
2024-03-08 15:00:00,51.51000000000001,107.32999999999997
2024-03-08 16:00:00,55.374999999999986,113.07500000000003
2024-03-08 17:00:00,64.45,123.75
2024-03-08 18:00:00,72.35,127.19999999999997
2024-03-08 19:00:00,73.535,119.19
2024-03-08 20:00:00,64.865,111.00999999999999
2024-03-08 21:00:00,59.31499999999999,103.3
2024-03-08 22:00:00,56.695,99.0
2024-03-08 23:00:00,45.12500000000001,91.075
2024-03-09 00:00:00,37.465,87.05000000000001
2024-03-09 01:00:00,28.965,84.565
2024-03-09 02:00:00,18.384999999999998,81.84499999999998
2024-03-09 03:00:00,11.044999999999998,78.96000000000001
2024-03-09 04:00:00,12.154999999999998,76.73000000000002
2024-03-09 05:00:00,21.7,80.37
2024-03-09 06:00:00,44.345000000000006,86.76499999999996
2024-03-09 07:00:00,54.845000000000006,105.145
2024-03-09 08:00:00,61.775,120.715
2024-03-09 09:00:00,61.02500000000001,114.65999999999997
2024-03-09 10:00:00,56.75000000000001,109.70500000000001
2024-03-09 11:00:00,53.05499999999999,102.54999999999998
2024-03-09 12:00:00,45.379999999999995,93.84000000000002
2024-03-09 13:00:00,41.600000000000016,93.30000000000003
2024-03-09 14:00:00,45.575,100.595
2024-03-09 15:00:00,51.51000000000001,107.32999999999997
2024-03-09 16:00:00,55.374999999999986,113.07500000000003
2024-03-09 17:00:00,64.45,123.75
2024-03-09 18:00:00,72.35,127.19999999999997
2024-03-09 19:00:00,73.535,119.19
2024-03-09 20:00:00,64.865,111.00999999999999
2024-03-09 21:00:00,59.31499999999999,103.3
2024-03-09 22:00:00,56.695,99.0
2024-03-09 23:00:00,45.12500000000001,91.075
2024-03-10 00:00:00,37.465,87.05000000000001
2024-03-10 01:00:00,28.965,84.565
2024-03-10 02:00:00,18.384999999999998,81.84499999999998
2024-03-10 03:00:00,11.044999999999998,78.96000000000001
2024-03-10 04:00:00,12.154999999999998,76.73000000000002
2024-03-10 05:00:00,21.7,80.37
2024-03-10 06:00:00,44.345000000000006,86.76499999999996
2024-03-10 07:00:00,54.845000000000006,105.145
2024-03-10 08:00:00,61.775,120.715
2024-03-10 09:00:00,61.02500000000001,114.65999999999997
2024-03-10 10:00:00,56.75000000000001,109.70500000000001
2024-03-10 11:00:00,53.05499999999999,102.54999999999998
2024-03-10 12:00:00,45.379999999999995,93.84000000000002
2024-03-10 13:00:00,41.600000000000016,93.30000000000003
2024-03-10 14:00:00,45.575,100.595
2024-03-10 15:00:00,51.51000000000001,107.32999999999997
2024-03-10 16:00:00,55.374999999999986,113.07500000000003
2024-03-10 17:00:00,64.45,123.75
2024-03-10 18:00:00,72.35,127.19999999999997
2024-03-10 19:00:00,73.535,119.19
2024-03-10 20:00:00,64.865,111.00999999999999
2024-03-10 21:00:00,59.31499999999999,103.3
2024-03-10 22:00:00,56.695,99.0
2024-03-10 23:00:00,45.12500000000001,91.075
2024-03-11 00:00:00,37.465,73.74999999999997
2024-03-11 01:00:00,28.965,71.93000000000002
2024-03-11 02:00:00,18.384999999999998,70.64499999999998
2024-03-11 03:00:00,11.044999999999998,68.70500000000001
2024-03-11 04:00:00,12.154999999999998,67.39
2024-03-11 05:00:00,21.7,71.255
2024-03-11 06:00:00,42.269999999999996,80.69
2024-03-11 07:00:00,53.84499999999999,96.12499999999997
2024-03-11 08:00:00,56.28999999999999,104.38
2024-03-11 09:00:00,59.27,102.195
2024-03-11 10:00:00,54.19999999999999,91.70999999999997
2024-03-11 11:00:00,49.30500000000001,84.91999999999999
2024-03-11 12:00:00,42.36,86.04499999999999
2024-03-11 13:00:00,38.96500000000001,73.91
2024-03-11 14:00:00,42.90999999999999,74.91499999999998
2024-03-11 15:00:00,47.165000000000006,81.28000000000002
2024-03-11 16:00:00,54.14499999999999,86.575
2024-03-11 17:00:00,64.45,99.55999999999997
2024-03-11 18:00:00,72.35,109.00000000000001
2024-03-11 19:00:00,73.535,108.02499999999999
2024-03-11 20:00:00,64.865,95.53500000000001
2024-03-11 21:00:00,59.31499999999999,84.675
2024-03-11 22:00:00,56.695,84.88
2024-03-11 23:00:00,45.12500000000001,80.05499999999998
2024-03-12 00:00:00,37.465,73.74999999999997
2024-03-12 01:00:00,28.965,71.93000000000002
2024-03-12 02:00:00,18.384999999999998,70.64499999999998
2024-03-12 03:00:00,11.044999999999998,68.70500000000001
2024-03-12 04:00:00,12.154999999999998,67.39
2024-03-12 05:00:00,21.7,71.255
2024-03-12 06:00:00,42.269999999999996,80.69
2024-03-12 07:00:00,53.84499999999999,96.12499999999997
2024-03-12 08:00:00,56.28999999999999,104.38
2024-03-12 09:00:00,59.27,102.195
2024-03-12 10:00:00,54.19999999999999,91.70999999999997
2024-03-12 11:00:00,49.30500000000001,84.91999999999999
2024-03-12 12:00:00,42.36,86.04499999999999
2024-03-12 13:00:00,38.96500000000001,73.91
2024-03-12 14:00:00,42.90999999999999,74.91499999999998
2024-03-12 15:00:00,47.165000000000006,81.28000000000002
2024-03-12 16:00:00,54.14499999999999,86.575
2024-03-12 17:00:00,64.45,99.55999999999997
2024-03-12 18:00:00,72.35,109.00000000000001
2024-03-12 19:00:00,73.535,108.02499999999999
2024-03-12 20:00:00,64.865,95.53500000000001
2024-03-12 21:00:00,59.31499999999999,84.675
2024-03-12 22:00:00,56.695,84.88
2024-03-12 23:00:00,45.12500000000001,80.05499999999998
2024-03-13 00:00:00,37.465,73.74999999999997
2024-03-13 01:00:00,28.965,71.93000000000002
2024-03-13 02:00:00,18.384999999999998,70.64499999999998
2024-03-13 03:00:00,11.044999999999998,68.70500000000001
2024-03-13 04:00:00,12.154999999999998,67.39
2024-03-13 05:00:00,21.7,71.255
2024-03-13 06:00:00,42.269999999999996,80.69
2024-03-13 07:00:00,53.84499999999999,96.12499999999997
2024-03-13 08:00:00,56.28999999999999,104.38
2024-03-13 09:00:00,59.27,102.195
2024-03-13 10:00:00,54.19999999999999,91.70999999999997
2024-03-13 11:00:00,49.30500000000001,84.91999999999999
2024-03-13 12:00:00,42.36,86.04499999999999
2024-03-13 13:00:00,38.96500000000001,73.91
2024-03-13 14:00:00,42.90999999999999,74.91499999999998
2024-03-13 15:00:00,47.165000000000006,81.28000000000002
2024-03-13 16:00:00,54.14499999999999,86.575
2024-03-13 17:00:00,64.45,99.55999999999997
2024-03-13 18:00:00,72.35,109.00000000000001
2024-03-13 19:00:00,73.535,108.02499999999999
2024-03-13 20:00:00,64.865,95.53500000000001
2024-03-13 21:00:00,59.31499999999999,84.675
2024-03-13 22:00:00,56.695,84.88
2024-03-13 23:00:00,45.12500000000001,80.05499999999998
2024-03-14 00:00:00,37.465,73.74999999999997
2024-03-14 01:00:00,28.965,71.93000000000002
2024-03-14 02:00:00,18.384999999999998,70.64499999999998
2024-03-14 03:00:00,11.044999999999998,68.70500000000001
2024-03-14 04:00:00,12.154999999999998,67.39
2024-03-14 05:00:00,21.7,71.255
2024-03-14 06:00:00,42.269999999999996,80.69
2024-03-14 07:00:00,53.84499999999999,96.12499999999997
2024-03-14 08:00:00,56.28999999999999,104.38
2024-03-14 09:00:00,59.27,102.195
2024-03-14 10:00:00,54.19999999999999,91.70999999999997
2024-03-14 11:00:00,49.30500000000001,84.91999999999999
2024-03-14 12:00:00,42.36,86.04499999999999
2024-03-14 13:00:00,38.96500000000001,73.91
2024-03-14 14:00:00,42.90999999999999,74.91499999999998
2024-03-14 15:00:00,47.165000000000006,81.28000000000002
2024-03-14 16:00:00,54.14499999999999,86.575
2024-03-14 17:00:00,64.45,99.55999999999997
2024-03-14 18:00:00,72.35,109.00000000000001
2024-03-14 19:00:00,73.535,108.02499999999999
2024-03-14 20:00:00,64.865,95.53500000000001
2024-03-14 21:00:00,59.31499999999999,84.675
2024-03-14 22:00:00,56.695,84.88
2024-03-14 23:00:00,45.12500000000001,80.05499999999998
2024-03-15 00:00:00,37.465,73.74999999999997
2024-03-15 01:00:00,28.965,71.93000000000002
2024-03-15 02:00:00,18.384999999999998,70.64499999999998
2024-03-15 03:00:00,11.044999999999998,68.70500000000001
2024-03-15 04:00:00,12.154999999999998,67.39
2024-03-15 05:00:00,21.7,71.255
2024-03-15 06:00:00,42.269999999999996,80.69
2024-03-15 07:00:00,53.84499999999999,96.12499999999997
2024-03-15 08:00:00,56.28999999999999,104.38
2024-03-15 09:00:00,59.27,102.195
2024-03-15 10:00:00,54.19999999999999,91.70999999999997
2024-03-15 11:00:00,49.30500000000001,84.91999999999999
2024-03-15 12:00:00,42.36,86.04499999999999
2024-03-15 13:00:00,38.96500000000001,73.91
2024-03-15 14:00:00,42.90999999999999,74.91499999999998
2024-03-15 15:00:00,47.165000000000006,81.28000000000002
2024-03-15 16:00:00,54.14499999999999,86.575
2024-03-15 17:00:00,64.45,99.55999999999997
2024-03-15 18:00:00,72.35,109.00000000000001
2024-03-15 19:00:00,73.535,108.02499999999999
2024-03-15 20:00:00,64.865,95.53500000000001
2024-03-15 21:00:00,59.31499999999999,84.675
2024-03-15 22:00:00,56.695,84.88
2024-03-15 23:00:00,45.12500000000001,80.05499999999998
2024-03-16 00:00:00,37.465,73.74999999999997
2024-03-16 01:00:00,28.965,71.93000000000002
2024-03-16 02:00:00,18.384999999999998,70.64499999999998
2024-03-16 03:00:00,11.044999999999998,68.70500000000001
2024-03-16 04:00:00,12.154999999999998,67.39
2024-03-16 05:00:00,21.7,71.255
2024-03-16 06:00:00,42.269999999999996,80.69
2024-03-16 07:00:00,53.84499999999999,96.12499999999997
2024-03-16 08:00:00,56.28999999999999,104.38
2024-03-16 09:00:00,59.27,102.195
2024-03-16 10:00:00,54.19999999999999,91.70999999999997
2024-03-16 11:00:00,49.30500000000001,84.91999999999999
2024-03-16 12:00:00,42.36,86.04499999999999
2024-03-16 13:00:00,38.96500000000001,73.91
2024-03-16 14:00:00,42.90999999999999,74.91499999999998
2024-03-16 15:00:00,47.165000000000006,81.28000000000002
2024-03-16 16:00:00,54.14499999999999,86.575
2024-03-16 17:00:00,64.45,99.55999999999997
2024-03-16 18:00:00,72.35,109.00000000000001
2024-03-16 19:00:00,73.535,108.02499999999999
2024-03-16 20:00:00,64.865,95.53500000000001
2024-03-16 21:00:00,59.31499999999999,84.675
2024-03-16 22:00:00,56.695,84.88
2024-03-16 23:00:00,45.12500000000001,80.05499999999998
2024-03-17 00:00:00,37.465,73.74999999999997
2024-03-17 01:00:00,28.965,71.93000000000002
2024-03-17 02:00:00,18.384999999999998,70.64499999999998
2024-03-17 03:00:00,11.044999999999998,68.70500000000001
2024-03-17 04:00:00,12.154999999999998,67.39
2024-03-17 05:00:00,21.7,71.255
2024-03-17 06:00:00,42.269999999999996,80.69
2024-03-17 07:00:00,53.84499999999999,96.12499999999997
2024-03-17 08:00:00,56.28999999999999,104.38
2024-03-17 09:00:00,59.27,102.195
2024-03-17 10:00:00,54.19999999999999,91.70999999999997
2024-03-17 11:00:00,49.30500000000001,84.91999999999999
2024-03-17 12:00:00,42.36,86.04499999999999
2024-03-17 13:00:00,38.96500000000001,73.91
2024-03-17 14:00:00,42.90999999999999,74.91499999999998
2024-03-17 15:00:00,47.165000000000006,81.28000000000002
2024-03-17 16:00:00,54.14499999999999,86.575
2024-03-17 17:00:00,64.45,99.55999999999997
2024-03-17 18:00:00,72.35,109.00000000000001
2024-03-17 19:00:00,73.535,108.02499999999999
2024-03-17 20:00:00,64.865,95.53500000000001
2024-03-17 21:00:00,59.31499999999999,84.675
2024-03-17 22:00:00,56.695,84.88
2024-03-17 23:00:00,45.12500000000001,80.05499999999998
2024-03-18 00:00:00,37.465,70.72000000000003
2024-03-18 01:00:00,28.965,68.50499999999998
2024-03-18 02:00:00,18.384999999999998,68.39000000000001
2024-03-18 03:00:00,11.044999999999998,65.59500000000001
2024-03-18 04:00:00,12.154999999999998,64.70499999999998
2024-03-18 05:00:00,21.7,68.905
2024-03-18 06:00:00,42.269999999999996,78.835
2024-03-18 07:00:00,53.595000000000006,93.58500000000001
2024-03-18 08:00:00,54.345,101.635
2024-03-18 09:00:00,53.80500000000001,90.22499999999998
2024-03-18 10:00:00,46.529999999999994,84.015
2024-03-18 11:00:00,42.56,77.98
2024-03-18 12:00:00,38.49499999999999,72.065
2024-03-18 13:00:00,31.290000000000013,68.74500000000003
2024-03-18 14:00:00,40.114999999999995,70.72000000000001
2024-03-18 15:00:00,45.135000000000005,74.88999999999999
2024-03-18 16:00:00,50.65,80.10999999999999
2024-03-18 17:00:00,63.345,88.91000000000001
2024-03-18 18:00:00,69.835,103.975
2024-03-18 19:00:00,73.535,105.78499999999998
2024-03-18 20:00:00,64.5,91.74000000000004
2024-03-18 21:00:00,59.31499999999999,79.665
2024-03-18 22:00:00,56.419999999999995,82.44499999999998
2024-03-18 23:00:00,45.12500000000001,76.895
2024-03-19 00:00:00,37.465,70.72000000000003
2024-03-19 01:00:00,28.965,68.50499999999998
2024-03-19 02:00:00,18.384999999999998,68.39000000000001
2024-03-19 03:00:00,11.044999999999998,65.59500000000001
2024-03-19 04:00:00,12.154999999999998,64.70499999999998
2024-03-19 05:00:00,21.7,68.905
2024-03-19 06:00:00,42.269999999999996,78.835
2024-03-19 07:00:00,53.595000000000006,93.58500000000001
2024-03-19 08:00:00,54.345,101.635
2024-03-19 09:00:00,53.80500000000001,90.22499999999998
2024-03-19 10:00:00,46.529999999999994,84.015
2024-03-19 11:00:00,42.56,77.98
2024-03-19 12:00:00,38.49499999999999,72.065
2024-03-19 13:00:00,31.290000000000013,68.74500000000003
2024-03-19 14:00:00,40.114999999999995,70.72000000000001
2024-03-19 15:00:00,45.135000000000005,74.88999999999999
2024-03-19 16:00:00,50.65,80.10999999999999
2024-03-19 17:00:00,63.345,88.91000000000001
2024-03-19 18:00:00,69.835,103.975
2024-03-19 19:00:00,73.535,105.78499999999998
2024-03-19 20:00:00,64.5,91.74000000000004
2024-03-19 21:00:00,59.31499999999999,79.665
2024-03-19 22:00:00,56.419999999999995,82.44499999999998
2024-03-19 23:00:00,45.12500000000001,76.895
2024-03-20 00:00:00,37.465,70.72000000000003
2024-03-20 01:00:00,28.965,68.50499999999998
2024-03-20 02:00:00,18.384999999999998,68.39000000000001
2024-03-20 03:00:00,11.044999999999998,65.59500000000001
2024-03-20 04:00:00,12.154999999999998,64.70499999999998
2024-03-20 05:00:00,21.7,68.905
2024-03-20 06:00:00,42.269999999999996,78.835
2024-03-20 07:00:00,53.595000000000006,93.58500000000001
2024-03-20 08:00:00,54.345,101.635
2024-03-20 09:00:00,53.80500000000001,90.22499999999998
2024-03-20 10:00:00,46.529999999999994,84.015
2024-03-20 11:00:00,42.56,77.98
2024-03-20 12:00:00,38.49499999999999,72.065
2024-03-20 13:00:00,31.290000000000013,68.74500000000003
2024-03-20 14:00:00,40.114999999999995,70.72000000000001
2024-03-20 15:00:00,45.135000000000005,74.88999999999999
2024-03-20 16:00:00,50.65,80.10999999999999
2024-03-20 17:00:00,63.345,88.91000000000001
2024-03-20 18:00:00,69.835,103.975
2024-03-20 19:00:00,73.535,105.78499999999998
2024-03-20 20:00:00,64.5,91.74000000000004
2024-03-20 21:00:00,59.31499999999999,79.665
2024-03-20 22:00:00,56.419999999999995,82.44499999999998
2024-03-20 23:00:00,45.12500000000001,76.895
2024-03-21 00:00:00,37.465,70.72000000000003
2024-03-21 01:00:00,28.965,68.50499999999998
2024-03-21 02:00:00,18.384999999999998,68.39000000000001
2024-03-21 03:00:00,11.044999999999998,65.59500000000001
2024-03-21 04:00:00,12.154999999999998,64.70499999999998
2024-03-21 05:00:00,21.7,68.905
2024-03-21 06:00:00,42.269999999999996,78.835
2024-03-21 07:00:00,53.595000000000006,93.58500000000001
2024-03-21 08:00:00,54.345,101.635
2024-03-21 09:00:00,53.80500000000001,90.22499999999998
2024-03-21 10:00:00,46.529999999999994,84.015
2024-03-21 11:00:00,42.56,77.98
2024-03-21 12:00:00,38.49499999999999,72.065
2024-03-21 13:00:00,31.290000000000013,68.74500000000003
2024-03-21 14:00:00,40.114999999999995,70.72000000000001
2024-03-21 15:00:00,45.135000000000005,74.88999999999999
2024-03-21 16:00:00,50.65,80.10999999999999
2024-03-21 17:00:00,63.345,88.91000000000001
2024-03-21 18:00:00,69.835,103.975
2024-03-21 19:00:00,73.535,105.78499999999998
2024-03-21 20:00:00,64.5,91.74000000000004
2024-03-21 21:00:00,59.31499999999999,79.665
2024-03-21 22:00:00,56.419999999999995,82.44499999999998
2024-03-21 23:00:00,45.12500000000001,76.895
2024-03-22 00:00:00,37.465,70.72000000000003
2024-03-22 01:00:00,28.965,68.50499999999998
2024-03-22 02:00:00,18.384999999999998,68.39000000000001
2024-03-22 03:00:00,11.044999999999998,65.59500000000001
2024-03-22 04:00:00,12.154999999999998,64.70499999999998
2024-03-22 05:00:00,21.7,68.905
2024-03-22 06:00:00,42.269999999999996,78.835
2024-03-22 07:00:00,53.595000000000006,93.58500000000001
2024-03-22 08:00:00,54.345,101.635
2024-03-22 09:00:00,53.80500000000001,90.22499999999998
2024-03-22 10:00:00,46.529999999999994,84.015
2024-03-22 11:00:00,42.56,77.98
2024-03-22 12:00:00,38.49499999999999,72.065
2024-03-22 13:00:00,31.290000000000013,68.74500000000003
2024-03-22 14:00:00,40.114999999999995,70.72000000000001
2024-03-22 15:00:00,45.135000000000005,74.88999999999999
2024-03-22 16:00:00,50.65,80.10999999999999
2024-03-22 17:00:00,63.345,88.91000000000001
2024-03-22 18:00:00,69.835,103.975
2024-03-22 19:00:00,73.535,105.78499999999998
2024-03-22 20:00:00,64.5,91.74000000000004
2024-03-22 21:00:00,59.31499999999999,79.665
2024-03-22 22:00:00,56.419999999999995,82.44499999999998
2024-03-22 23:00:00,45.12500000000001,76.895
2024-03-23 00:00:00,37.465,70.72000000000003
2024-03-23 01:00:00,28.965,68.50499999999998
2024-03-23 02:00:00,18.384999999999998,68.39000000000001
2024-03-23 03:00:00,11.044999999999998,65.59500000000001
2024-03-23 04:00:00,12.154999999999998,64.70499999999998
2024-03-23 05:00:00,21.7,68.905
2024-03-23 06:00:00,42.269999999999996,78.835
2024-03-23 07:00:00,53.595000000000006,93.58500000000001
2024-03-23 08:00:00,54.345,101.635
2024-03-23 09:00:00,53.80500000000001,90.22499999999998
2024-03-23 10:00:00,46.529999999999994,84.015
2024-03-23 11:00:00,42.56,77.98
2024-03-23 12:00:00,38.49499999999999,72.065
2024-03-23 13:00:00,31.290000000000013,68.74500000000003
2024-03-23 14:00:00,40.114999999999995,70.72000000000001
2024-03-23 15:00:00,45.135000000000005,74.88999999999999
2024-03-23 16:00:00,50.65,80.10999999999999
2024-03-23 17:00:00,63.345,88.91000000000001
2024-03-23 18:00:00,69.835,103.975
2024-03-23 19:00:00,73.535,105.78499999999998
2024-03-23 20:00:00,64.5,91.74000000000004
2024-03-23 21:00:00,59.31499999999999,79.665
2024-03-23 22:00:00,56.419999999999995,82.44499999999998
2024-03-23 23:00:00,45.12500000000001,76.895
2024-03-24 00:00:00,37.465,70.72000000000003
2024-03-24 01:00:00,28.965,68.50499999999998
2024-03-24 02:00:00,18.384999999999998,68.39000000000001
2024-03-24 03:00:00,11.044999999999998,65.59500000000001
2024-03-24 04:00:00,12.154999999999998,64.70499999999998
2024-03-24 05:00:00,21.7,68.905
2024-03-24 06:00:00,42.269999999999996,78.835
2024-03-24 07:00:00,53.595000000000006,93.58500000000001
2024-03-24 08:00:00,54.345,101.635
2024-03-24 09:00:00,53.80500000000001,90.22499999999998
2024-03-24 10:00:00,46.529999999999994,84.015
2024-03-24 11:00:00,42.56,77.98
2024-03-24 12:00:00,38.49499999999999,72.065
2024-03-24 13:00:00,31.290000000000013,68.74500000000003
2024-03-24 14:00:00,40.114999999999995,70.72000000000001
2024-03-24 15:00:00,45.135000000000005,74.88999999999999
2024-03-24 16:00:00,50.65,80.10999999999999
2024-03-24 17:00:00,63.345,88.91000000000001
2024-03-24 18:00:00,69.835,103.975
2024-03-24 19:00:00,73.535,105.78499999999998
2024-03-24 20:00:00,64.5,91.74000000000004
2024-03-24 21:00:00,59.31499999999999,79.665
2024-03-24 22:00:00,56.419999999999995,82.44499999999998
2024-03-24 23:00:00,45.12500000000001,76.895
2024-03-25 00:00:00,39.225,70.715
2024-03-25 01:00:00,29.48,69.39999999999998
2024-03-25 02:00:00,26.105000000000004,67.21000000000001
2024-03-25 03:00:00,20.77,65.59500000000001
2024-03-25 04:00:00,16.785,64.70499999999998
2024-03-25 05:00:00,21.46,68.44499999999998
2024-03-25 06:00:00,40.82000000000001,80.10500000000002
2024-03-25 07:00:00,50.20000000000001,96.58500000000001
2024-03-25 08:00:00,52.58,102.035
2024-03-25 09:00:00,47.035000000000004,89.11500000000001
2024-03-25 10:00:00,42.495,83.38
2024-03-25 11:00:00,41.330000000000005,77.19500000000004
2024-03-25 12:00:00,35.175000000000004,69.795
2024-03-25 13:00:00,27.304999999999993,68.21500000000002
2024-03-25 14:00:00,32.88000000000002,70.17499999999997
2024-03-25 15:00:00,37.5,74.21500000000002
2024-03-25 16:00:00,47.31,79.59000000000003
2024-03-25 17:00:00,58.555,88.91000000000001
2024-03-25 18:00:00,65.52000000000001,104.835
2024-03-25 19:00:00,73.535,111.97
2024-03-25 20:00:00,64.25,92.87000000000002
2024-03-25 21:00:00,59.31499999999999,81.77000000000001
2024-03-25 22:00:00,56.195,81.86
2024-03-25 23:00:00,45.12500000000001,76.21999999999997
2024-03-26 00:00:00,39.225,70.715
2024-03-26 01:00:00,29.48,69.39999999999998
2024-03-26 02:00:00,26.105000000000004,67.21000000000001
2024-03-26 03:00:00,20.77,65.59500000000001
2024-03-26 04:00:00,16.785,64.70499999999998
2024-03-26 05:00:00,21.46,68.44499999999998
2024-03-26 06:00:00,40.82000000000001,80.10500000000002
2024-03-26 07:00:00,50.20000000000001,96.58500000000001
2024-03-26 08:00:00,52.58,102.035
2024-03-26 09:00:00,47.035000000000004,89.11500000000001
2024-03-26 10:00:00,42.495,83.38
2024-03-26 11:00:00,41.330000000000005,77.19500000000004
2024-03-26 12:00:00,35.175000000000004,69.795
2024-03-26 13:00:00,27.304999999999993,68.21500000000002
2024-03-26 14:00:00,32.88000000000002,70.17499999999997
2024-03-26 15:00:00,37.5,74.21500000000002
2024-03-26 16:00:00,47.31,79.59000000000003
2024-03-26 17:00:00,58.555,88.91000000000001
2024-03-26 18:00:00,65.52000000000001,104.835
2024-03-26 19:00:00,73.535,111.97
2024-03-26 20:00:00,64.25,92.87000000000002
2024-03-26 21:00:00,59.31499999999999,81.77000000000001
2024-03-26 22:00:00,56.195,81.86
2024-03-26 23:00:00,45.12500000000001,76.21999999999997
2024-03-27 00:00:00,39.225,70.715
2024-03-27 01:00:00,29.48,69.39999999999998
2024-03-27 02:00:00,26.105000000000004,67.21000000000001
2024-03-27 03:00:00,20.77,65.59500000000001
2024-03-27 04:00:00,16.785,64.70499999999998
2024-03-27 05:00:00,21.46,68.44499999999998
2024-03-27 06:00:00,40.82000000000001,80.10500000000002
2024-03-27 07:00:00,50.20000000000001,96.58500000000001
2024-03-27 08:00:00,52.58,102.035
2024-03-27 09:00:00,47.035000000000004,89.11500000000001
2024-03-27 10:00:00,42.495,83.38
2024-03-27 11:00:00,41.330000000000005,77.19500000000004
2024-03-27 12:00:00,35.175000000000004,69.795
2024-03-27 13:00:00,27.304999999999993,68.21500000000002
2024-03-27 14:00:00,32.88000000000002,70.17499999999997
2024-03-27 15:00:00,37.5,74.21500000000002
2024-03-27 16:00:00,47.31,79.59000000000003
2024-03-27 17:00:00,58.555,88.91000000000001
2024-03-27 18:00:00,65.52000000000001,104.835
2024-03-27 19:00:00,73.535,111.97
2024-03-27 20:00:00,64.25,92.87000000000002
2024-03-27 21:00:00,59.31499999999999,81.77000000000001
2024-03-27 22:00:00,56.195,81.86
2024-03-27 23:00:00,45.12500000000001,76.21999999999997
2024-03-28 00:00:00,39.225,70.715
2024-03-28 01:00:00,29.48,69.39999999999998
2024-03-28 02:00:00,26.105000000000004,67.21000000000001
2024-03-28 03:00:00,20.77,65.59500000000001
2024-03-28 04:00:00,16.785,64.70499999999998
2024-03-28 05:00:00,21.46,68.44499999999998
2024-03-28 06:00:00,40.82000000000001,80.10500000000002
2024-03-28 07:00:00,50.20000000000001,96.58500000000001
2024-03-28 08:00:00,52.58,102.035
2024-03-28 09:00:00,47.035000000000004,89.11500000000001
2024-03-28 10:00:00,42.495,83.38
2024-03-28 11:00:00,41.330000000000005,77.19500000000004
2024-03-28 12:00:00,35.175000000000004,69.795
2024-03-28 13:00:00,27.304999999999993,68.21500000000002
2024-03-28 14:00:00,32.88000000000002,70.17499999999997
2024-03-28 15:00:00,37.5,74.21500000000002
2024-03-28 16:00:00,47.31,79.59000000000003
2024-03-28 17:00:00,58.555,88.91000000000001
2024-03-28 18:00:00,65.52000000000001,104.835
2024-03-28 19:00:00,73.535,111.97
2024-03-28 20:00:00,64.25,92.87000000000002
2024-03-28 21:00:00,59.31499999999999,81.77000000000001
2024-03-28 22:00:00,56.195,81.86
2024-03-28 23:00:00,45.12500000000001,76.21999999999997
2024-03-29 00:00:00,39.225,70.715
2024-03-29 01:00:00,29.48,69.39999999999998
2024-03-29 02:00:00,26.105000000000004,67.21000000000001
2024-03-29 03:00:00,20.77,65.59500000000001
2024-03-29 04:00:00,16.785,64.70499999999998
2024-03-29 05:00:00,21.46,68.44499999999998
2024-03-29 06:00:00,40.82000000000001,80.10500000000002
2024-03-29 07:00:00,50.20000000000001,96.58500000000001
2024-03-29 08:00:00,52.58,102.035
2024-03-29 09:00:00,47.035000000000004,89.11500000000001
2024-03-29 10:00:00,42.495,83.38
2024-03-29 11:00:00,41.330000000000005,77.19500000000004
2024-03-29 12:00:00,35.175000000000004,69.795
2024-03-29 13:00:00,27.304999999999993,68.21500000000002
2024-03-29 14:00:00,32.88000000000002,70.17499999999997
2024-03-29 15:00:00,37.5,74.21500000000002
2024-03-29 16:00:00,47.31,79.59000000000003
2024-03-29 17:00:00,58.555,88.91000000000001
2024-03-29 18:00:00,65.52000000000001,104.835
2024-03-29 19:00:00,73.535,111.97
2024-03-29 20:00:00,64.25,92.87000000000002
2024-03-29 21:00:00,59.31499999999999,81.77000000000001
2024-03-29 22:00:00,56.195,81.86
2024-03-29 23:00:00,45.12500000000001,76.21999999999997
2024-03-30 00:00:00,39.225,70.715
2024-03-30 01:00:00,29.48,69.39999999999998
2024-03-30 02:00:00,26.105000000000004,67.21000000000001
2024-03-30 03:00:00,20.77,65.59500000000001
2024-03-30 04:00:00,16.785,64.70499999999998
2024-03-30 05:00:00,21.46,68.44499999999998
2024-03-30 06:00:00,40.82000000000001,80.10500000000002
2024-03-30 07:00:00,50.20000000000001,96.58500000000001
2024-03-30 08:00:00,52.58,102.035
2024-03-30 09:00:00,47.035000000000004,89.11500000000001
2024-03-30 10:00:00,42.495,83.38
2024-03-30 11:00:00,41.330000000000005,77.19500000000004
2024-03-30 12:00:00,35.175000000000004,69.795
2024-03-30 13:00:00,27.304999999999993,68.21500000000002
2024-03-30 14:00:00,32.88000000000002,70.17499999999997
2024-03-30 15:00:00,37.5,74.21500000000002
2024-03-30 16:00:00,47.31,79.59000000000003
2024-03-30 17:00:00,58.555,88.91000000000001
2024-03-30 18:00:00,65.52000000000001,104.835
2024-03-30 19:00:00,73.535,111.97
2024-03-30 20:00:00,64.25,92.87000000000002
2024-03-30 21:00:00,59.31499999999999,81.77000000000001
2024-03-30 22:00:00,56.195,81.86
2024-03-30 23:00:00,45.12500000000001,76.21999999999997
2024-03-31 00:00:00,39.225,70.715
2024-03-31 01:00:00,29.48,69.39999999999998
2024-03-31 02:00:00,26.105000000000004,67.21000000000001
2024-03-31 03:00:00,20.77,65.59500000000001
2024-03-31 04:00:00,16.785,64.70499999999998
2024-03-31 05:00:00,21.46,68.44499999999998
2024-03-31 06:00:00,40.82000000000001,80.10500000000002
2024-03-31 07:00:00,50.20000000000001,96.58500000000001
2024-03-31 08:00:00,52.58,102.035
2024-03-31 09:00:00,47.035000000000004,89.11500000000001
2024-03-31 10:00:00,42.495,83.38
2024-03-31 11:00:00,41.330000000000005,77.19500000000004
2024-03-31 12:00:00,35.175000000000004,69.795
2024-03-31 13:00:00,27.304999999999993,68.21500000000002
2024-03-31 14:00:00,32.88000000000002,70.17499999999997
2024-03-31 15:00:00,37.5,74.21500000000002
2024-03-31 16:00:00,47.31,79.59000000000003
2024-03-31 17:00:00,58.555,88.91000000000001
2024-03-31 18:00:00,65.52000000000001,104.835
2024-03-31 19:00:00,73.535,111.97
2024-03-31 20:00:00,64.25,92.87000000000002
2024-03-31 21:00:00,59.31499999999999,81.77000000000001
2024-03-31 22:00:00,56.195,81.86
2024-03-31 23:00:00,45.12500000000001,76.21999999999997
2024-04-01 00:00:00,37.465,70.21500000000003
2024-04-01 01:00:00,29.445,69.39999999999998
2024-04-01 02:00:00,26.105,66.62499999999997
2024-04-01 03:00:00,22.715000000000003,63.925000000000004
2024-04-01 04:00:00,21.244999999999997,64.31999999999998
2024-04-01 05:00:00,24.26,67.31000000000002
2024-04-01 06:00:00,40.82000000000001,79.37500000000001
2024-04-01 07:00:00,52.18000000000001,96.58500000000001
2024-04-01 08:00:00,48.935,100.69999999999999
2024-04-01 09:00:00,44.654999999999994,87.25499999999998
2024-04-01 10:00:00,37.38,78.50500000000002
2024-04-01 11:00:00,27.465,73.55
2024-04-01 12:00:00,19.645000000000007,68.60999999999997
2024-04-01 13:00:00,13.575000000000017,66.84
2024-04-01 14:00:00,14.839999999999993,68.24000000000002
2024-04-01 15:00:00,27.04,70.77500000000002
2024-04-01 16:00:00,42.93,76.18999999999998
2024-04-01 17:00:00,54.044999999999995,86.49999999999999
2024-04-01 18:00:00,63.46,105.07500000000002
2024-04-01 19:00:00,71.50999999999999,117.33500000000001
2024-04-01 20:00:00,64.5,92.87000000000002
2024-04-01 21:00:00,55.945,78.28000000000002
2024-04-01 22:00:00,54.18000000000001,77.80000000000003
2024-04-01 23:00:00,48.919999999999995,73.66
2024-04-02 00:00:00,37.465,70.21500000000003
2024-04-02 01:00:00,29.445,69.39999999999998
2024-04-02 02:00:00,26.105,66.62499999999997
2024-04-02 03:00:00,22.715000000000003,63.925000000000004
2024-04-02 04:00:00,21.244999999999997,64.31999999999998
2024-04-02 05:00:00,24.26,67.31000000000002
2024-04-02 06:00:00,40.82000000000001,79.37500000000001
2024-04-02 07:00:00,52.18000000000001,96.58500000000001
2024-04-02 08:00:00,48.935,100.69999999999999
2024-04-02 09:00:00,44.654999999999994,87.25499999999998
2024-04-02 10:00:00,37.38,78.50500000000002
2024-04-02 11:00:00,27.465,73.55
2024-04-02 12:00:00,19.645000000000007,68.60999999999997
2024-04-02 13:00:00,13.575000000000017,66.84
2024-04-02 14:00:00,14.839999999999993,68.24000000000002
2024-04-02 15:00:00,27.04,70.77500000000002
2024-04-02 16:00:00,42.93,76.18999999999998
2024-04-02 17:00:00,54.044999999999995,86.49999999999999
2024-04-02 18:00:00,63.46,105.07500000000002
2024-04-02 19:00:00,71.50999999999999,117.33500000000001
2024-04-02 20:00:00,64.5,92.87000000000002
2024-04-02 21:00:00,55.945,78.28000000000002
2024-04-02 22:00:00,54.18000000000001,77.80000000000003
2024-04-02 23:00:00,48.919999999999995,73.66
2024-04-03 00:00:00,37.465,70.21500000000003
2024-04-03 01:00:00,29.445,69.39999999999998
2024-04-03 02:00:00,26.105,66.62499999999997
2024-04-03 03:00:00,22.715000000000003,63.925000000000004
2024-04-03 04:00:00,21.244999999999997,64.31999999999998
2024-04-03 05:00:00,24.26,67.31000000000002
2024-04-03 06:00:00,40.82000000000001,79.37500000000001
2024-04-03 07:00:00,52.18000000000001,96.58500000000001
2024-04-03 08:00:00,48.935,100.69999999999999
2024-04-03 09:00:00,44.654999999999994,87.25499999999998
2024-04-03 10:00:00,37.38,78.50500000000002
2024-04-03 11:00:00,27.465,73.55
2024-04-03 12:00:00,19.645000000000007,68.60999999999997
2024-04-03 13:00:00,13.575000000000017,66.84
2024-04-03 14:00:00,14.839999999999993,68.24000000000002
2024-04-03 15:00:00,27.04,70.77500000000002
2024-04-03 16:00:00,42.93,76.18999999999998
2024-04-03 17:00:00,54.044999999999995,86.49999999999999
2024-04-03 18:00:00,63.46,105.07500000000002
2024-04-03 19:00:00,71.50999999999999,117.33500000000001
2024-04-03 20:00:00,64.5,92.87000000000002
2024-04-03 21:00:00,55.945,78.28000000000002
2024-04-03 22:00:00,54.18000000000001,77.80000000000003
2024-04-03 23:00:00,48.919999999999995,73.66
2024-04-04 00:00:00,37.465,70.21500000000003
2024-04-04 01:00:00,29.445,69.39999999999998
2024-04-04 02:00:00,26.105,66.62499999999997
2024-04-04 03:00:00,22.715000000000003,63.925000000000004
2024-04-04 04:00:00,21.244999999999997,64.31999999999998
2024-04-04 05:00:00,24.26,67.31000000000002
2024-04-04 06:00:00,40.82000000000001,79.37500000000001
2024-04-04 07:00:00,52.18000000000001,96.58500000000001
2024-04-04 08:00:00,48.935,100.69999999999999
2024-04-04 09:00:00,44.654999999999994,87.25499999999998
2024-04-04 10:00:00,37.38,78.50500000000002
2024-04-04 11:00:00,27.465,73.55
2024-04-04 12:00:00,19.645000000000007,68.60999999999997
2024-04-04 13:00:00,13.575000000000017,66.84
2024-04-04 14:00:00,14.839999999999993,68.24000000000002
2024-04-04 15:00:00,27.04,70.77500000000002
2024-04-04 16:00:00,42.93,76.18999999999998
2024-04-04 17:00:00,54.044999999999995,86.49999999999999
2024-04-04 18:00:00,63.46,105.07500000000002
2024-04-04 19:00:00,71.50999999999999,117.33500000000001
2024-04-04 20:00:00,64.5,92.87000000000002
2024-04-04 21:00:00,55.945,78.28000000000002
2024-04-04 22:00:00,54.18000000000001,77.80000000000003
2024-04-04 23:00:00,48.919999999999995,73.66
2024-04-05 00:00:00,37.465,70.21500000000003
2024-04-05 01:00:00,29.445,69.39999999999998
2024-04-05 02:00:00,26.105,66.62499999999997
2024-04-05 03:00:00,22.715000000000003,63.925000000000004
2024-04-05 04:00:00,21.244999999999997,64.31999999999998
2024-04-05 05:00:00,24.26,67.31000000000002
2024-04-05 06:00:00,40.82000000000001,79.37500000000001
2024-04-05 07:00:00,52.18000000000001,96.58500000000001
2024-04-05 08:00:00,48.935,100.69999999999999
2024-04-05 09:00:00,44.654999999999994,87.25499999999998
2024-04-05 10:00:00,37.38,78.50500000000002
2024-04-05 11:00:00,27.465,73.55
2024-04-05 12:00:00,19.645000000000007,68.60999999999997
2024-04-05 13:00:00,13.575000000000017,66.84
2024-04-05 14:00:00,14.839999999999993,68.24000000000002
2024-04-05 15:00:00,27.04,70.77500000000002
2024-04-05 16:00:00,42.93,76.18999999999998
2024-04-05 17:00:00,54.044999999999995,86.49999999999999
2024-04-05 18:00:00,63.46,105.07500000000002
2024-04-05 19:00:00,71.50999999999999,117.33500000000001
2024-04-05 20:00:00,64.5,92.87000000000002
2024-04-05 21:00:00,55.945,78.28000000000002
2024-04-05 22:00:00,54.18000000000001,77.80000000000003
2024-04-05 23:00:00,48.919999999999995,73.66
2024-04-06 00:00:00,37.465,70.21500000000003
2024-04-06 01:00:00,29.445,69.39999999999998
2024-04-06 02:00:00,26.105,66.62499999999997
2024-04-06 03:00:00,22.715000000000003,63.925000000000004
2024-04-06 04:00:00,21.244999999999997,64.31999999999998
2024-04-06 05:00:00,24.26,67.31000000000002
2024-04-06 06:00:00,40.82000000000001,79.37500000000001
2024-04-06 07:00:00,52.18000000000001,96.58500000000001
2024-04-06 08:00:00,48.935,100.69999999999999
2024-04-06 09:00:00,44.654999999999994,87.25499999999998
2024-04-06 10:00:00,37.38,78.50500000000002
2024-04-06 11:00:00,27.465,73.55
2024-04-06 12:00:00,19.645000000000007,68.60999999999997
2024-04-06 13:00:00,13.575000000000017,66.84
2024-04-06 14:00:00,14.839999999999993,68.24000000000002
2024-04-06 15:00:00,27.04,70.77500000000002
2024-04-06 16:00:00,42.93,76.18999999999998
2024-04-06 17:00:00,54.044999999999995,86.49999999999999
2024-04-06 18:00:00,63.46,105.07500000000002
2024-04-06 19:00:00,71.50999999999999,117.33500000000001
2024-04-06 20:00:00,64.5,92.87000000000002
2024-04-06 21:00:00,55.945,78.28000000000002
2024-04-06 22:00:00,54.18000000000001,77.80000000000003
2024-04-06 23:00:00,48.919999999999995,73.66
2024-04-07 00:00:00,37.465,70.21500000000003
2024-04-07 01:00:00,29.445,69.39999999999998
2024-04-07 02:00:00,26.105,66.62499999999997
2024-04-07 03:00:00,22.715000000000003,63.925000000000004
2024-04-07 04:00:00,21.244999999999997,64.31999999999998
2024-04-07 05:00:00,24.26,67.31000000000002
2024-04-07 06:00:00,40.82000000000001,79.37500000000001
2024-04-07 07:00:00,52.18000000000001,96.58500000000001
2024-04-07 08:00:00,48.935,100.69999999999999
2024-04-07 09:00:00,44.654999999999994,87.25499999999998
2024-04-07 10:00:00,37.38,78.50500000000002
2024-04-07 11:00:00,27.465,73.55
2024-04-07 12:00:00,19.645000000000007,68.60999999999997
2024-04-07 13:00:00,13.575000000000017,66.84
2024-04-07 14:00:00,14.839999999999993,68.24000000000002
2024-04-07 15:00:00,27.04,70.77500000000002
2024-04-07 16:00:00,42.93,76.18999999999998
2024-04-07 17:00:00,54.044999999999995,86.49999999999999
2024-04-07 18:00:00,63.46,105.07500000000002
2024-04-07 19:00:00,71.50999999999999,117.33500000000001
2024-04-07 20:00:00,64.5,92.87000000000002
2024-04-07 21:00:00,55.945,78.28000000000002
2024-04-07 22:00:00,54.18000000000001,77.80000000000003
2024-04-07 23:00:00,48.919999999999995,73.66
2024-04-08 00:00:00,23.42,69.64999999999999
2024-04-08 01:00:00,21.805,68.35000000000002
2024-04-08 02:00:00,21.905,66.13499999999999
2024-04-08 03:00:00,20.154999999999998,62.135
2024-04-08 04:00:00,19.435000000000002,64.005
2024-04-08 05:00:00,20.76,67.31000000000002
2024-04-08 06:00:00,26.025000000000002,79.37500000000001
2024-04-08 07:00:00,35.15,96.58500000000001
2024-04-08 08:00:00,38.36,100.69999999999999
2024-04-08 09:00:00,30.26,83.91000000000001
2024-04-08 10:00:00,21.635000000000005,73.41000000000004
2024-04-08 11:00:00,13.654999999999996,70.11499999999998
2024-04-08 12:00:00,4.284999999999999,65.25500000000004
2024-04-08 13:00:00,0.04000000000002069,65.69999999999996
2024-04-08 14:00:00,0.015000000000013235,64.78
2024-04-08 15:00:00,0.0,68.53
2024-04-08 16:00:00,4.099999999999986,74.56500000000001
2024-04-08 17:00:00,21.584999999999997,85.25000000000001
2024-04-08 18:00:00,43.975,104.73000000000002
2024-04-08 19:00:00,59.99999999999999,117.33500000000001
2024-04-08 20:00:00,53.11,92.37500000000001
2024-04-08 21:00:00,46.06,78.28000000000002
2024-04-08 22:00:00,39.544999999999995,77.80000000000003
2024-04-08 23:00:00,33.86,72.70000000000003
2024-04-09 00:00:00,23.42,69.64999999999999
2024-04-09 01:00:00,21.805,68.35000000000002
2024-04-09 02:00:00,21.905,66.13499999999999
2024-04-09 03:00:00,20.154999999999998,62.135
2024-04-09 04:00:00,19.435000000000002,64.005
2024-04-09 05:00:00,20.76,67.31000000000002
2024-04-09 06:00:00,26.025000000000002,79.37500000000001
2024-04-09 07:00:00,35.15,96.58500000000001
2024-04-09 08:00:00,38.36,100.69999999999999
2024-04-09 09:00:00,30.26,83.91000000000001
2024-04-09 10:00:00,21.635000000000005,73.41000000000004
2024-04-09 11:00:00,13.654999999999996,70.11499999999998
2024-04-09 12:00:00,4.284999999999999,65.25500000000004
2024-04-09 13:00:00,0.04000000000002069,65.69999999999996
2024-04-09 14:00:00,0.015000000000013235,64.78
2024-04-09 15:00:00,0.0,68.53
2024-04-09 16:00:00,4.099999999999986,74.56500000000001
2024-04-09 17:00:00,21.584999999999997,85.25000000000001
2024-04-09 18:00:00,43.975,104.73000000000002
2024-04-09 19:00:00,59.99999999999999,117.33500000000001
2024-04-09 20:00:00,53.11,92.37500000000001
2024-04-09 21:00:00,46.06,78.28000000000002
2024-04-09 22:00:00,39.544999999999995,77.80000000000003
2024-04-09 23:00:00,33.86,72.70000000000003
2024-04-10 00:00:00,23.42,69.64999999999999
2024-04-10 01:00:00,21.805,68.35000000000002
2024-04-10 02:00:00,21.905,66.13499999999999
2024-04-10 03:00:00,20.154999999999998,62.135
2024-04-10 04:00:00,19.435000000000002,64.005
2024-04-10 05:00:00,20.76,67.31000000000002
2024-04-10 06:00:00,26.025000000000002,79.37500000000001
2024-04-10 07:00:00,35.15,96.58500000000001
2024-04-10 08:00:00,38.36,100.69999999999999
2024-04-10 09:00:00,30.26,83.91000000000001
2024-04-10 10:00:00,21.635000000000005,73.41000000000004
2024-04-10 11:00:00,13.654999999999996,70.11499999999998
2024-04-10 12:00:00,4.284999999999999,65.25500000000004
2024-04-10 13:00:00,0.04000000000002069,65.69999999999996
2024-04-10 14:00:00,0.015000000000013235,64.78
2024-04-10 15:00:00,0.0,68.53
2024-04-10 16:00:00,4.099999999999986,74.56500000000001
2024-04-10 17:00:00,21.584999999999997,85.25000000000001
2024-04-10 18:00:00,43.975,104.73000000000002
2024-04-10 19:00:00,59.99999999999999,117.33500000000001
2024-04-10 20:00:00,53.11,92.37500000000001
2024-04-10 21:00:00,46.06,78.28000000000002
2024-04-10 22:00:00,39.544999999999995,77.80000000000003
2024-04-10 23:00:00,33.86,72.70000000000003
2024-04-11 00:00:00,23.42,69.64999999999999
2024-04-11 01:00:00,21.805,68.35000000000002
2024-04-11 02:00:00,21.905,66.13499999999999
2024-04-11 03:00:00,20.154999999999998,62.135
2024-04-11 04:00:00,19.435000000000002,64.005
2024-04-11 05:00:00,20.76,67.31000000000002
2024-04-11 06:00:00,26.025000000000002,79.37500000000001
2024-04-11 07:00:00,35.15,96.58500000000001
2024-04-11 08:00:00,38.36,100.69999999999999
2024-04-11 09:00:00,30.26,83.91000000000001
2024-04-11 10:00:00,21.635000000000005,73.41000000000004
2024-04-11 11:00:00,13.654999999999996,70.11499999999998
2024-04-11 12:00:00,4.284999999999999,65.25500000000004
2024-04-11 13:00:00,0.04000000000002069,65.69999999999996
2024-04-11 14:00:00,0.015000000000013235,64.78
2024-04-11 15:00:00,0.0,68.53
2024-04-11 16:00:00,4.099999999999986,74.56500000000001
2024-04-11 17:00:00,21.584999999999997,85.25000000000001
2024-04-11 18:00:00,43.975,104.73000000000002
2024-04-11 19:00:00,59.99999999999999,117.33500000000001
2024-04-11 20:00:00,53.11,92.37500000000001
2024-04-11 21:00:00,46.06,78.28000000000002
2024-04-11 22:00:00,39.544999999999995,77.80000000000003
2024-04-11 23:00:00,33.86,72.70000000000003
2024-04-12 00:00:00,23.42,69.64999999999999
2024-04-12 01:00:00,21.805,68.35000000000002
2024-04-12 02:00:00,21.905,66.13499999999999
2024-04-12 03:00:00,20.154999999999998,62.135
2024-04-12 04:00:00,19.435000000000002,64.005
2024-04-12 05:00:00,20.76,67.31000000000002
2024-04-12 06:00:00,26.025000000000002,79.37500000000001
2024-04-12 07:00:00,35.15,96.58500000000001
2024-04-12 08:00:00,38.36,100.69999999999999
2024-04-12 09:00:00,30.26,83.91000000000001
2024-04-12 10:00:00,21.635000000000005,73.41000000000004
2024-04-12 11:00:00,13.654999999999996,70.11499999999998
2024-04-12 12:00:00,4.284999999999999,65.25500000000004
2024-04-12 13:00:00,0.04000000000002069,65.69999999999996
2024-04-12 14:00:00,0.015000000000013235,64.78
2024-04-12 15:00:00,0.0,68.53
2024-04-12 16:00:00,4.099999999999986,74.56500000000001
2024-04-12 17:00:00,21.584999999999997,85.25000000000001
2024-04-12 18:00:00,43.975,104.73000000000002
2024-04-12 19:00:00,59.99999999999999,117.33500000000001
2024-04-12 20:00:00,53.11,92.37500000000001
2024-04-12 21:00:00,46.06,78.28000000000002
2024-04-12 22:00:00,39.544999999999995,77.80000000000003
2024-04-12 23:00:00,33.86,72.70000000000003
2024-04-13 00:00:00,23.42,69.64999999999999
2024-04-13 01:00:00,21.805,68.35000000000002
2024-04-13 02:00:00,21.905,66.13499999999999
2024-04-13 03:00:00,20.154999999999998,62.135
2024-04-13 04:00:00,19.435000000000002,64.005
2024-04-13 05:00:00,20.76,67.31000000000002
2024-04-13 06:00:00,26.025000000000002,79.37500000000001
2024-04-13 07:00:00,35.15,96.58500000000001
2024-04-13 08:00:00,38.36,100.69999999999999
2024-04-13 09:00:00,30.26,83.91000000000001
2024-04-13 10:00:00,21.635000000000005,73.41000000000004
2024-04-13 11:00:00,13.654999999999996,70.11499999999998
2024-04-13 12:00:00,4.284999999999999,65.25500000000004
2024-04-13 13:00:00,0.04000000000002069,65.69999999999996
2024-04-13 14:00:00,0.015000000000013235,64.78
2024-04-13 15:00:00,0.0,68.53
2024-04-13 16:00:00,4.099999999999986,74.56500000000001
2024-04-13 17:00:00,21.584999999999997,85.25000000000001
2024-04-13 18:00:00,43.975,104.73000000000002
2024-04-13 19:00:00,59.99999999999999,117.33500000000001
2024-04-13 20:00:00,53.11,92.37500000000001
2024-04-13 21:00:00,46.06,78.28000000000002
2024-04-13 22:00:00,39.544999999999995,77.80000000000003
2024-04-13 23:00:00,33.86,72.70000000000003
2024-04-14 00:00:00,23.42,69.64999999999999
2024-04-14 01:00:00,21.805,68.35000000000002
2024-04-14 02:00:00,21.905,66.13499999999999
2024-04-14 03:00:00,20.154999999999998,62.135
2024-04-14 04:00:00,19.435000000000002,64.005
2024-04-14 05:00:00,20.76,67.31000000000002
2024-04-14 06:00:00,26.025000000000002,79.37500000000001
2024-04-14 07:00:00,35.15,96.58500000000001
2024-04-14 08:00:00,38.36,100.69999999999999
2024-04-14 09:00:00,30.26,83.91000000000001
2024-04-14 10:00:00,21.635000000000005,73.41000000000004
2024-04-14 11:00:00,13.654999999999996,70.11499999999998
2024-04-14 12:00:00,4.284999999999999,65.25500000000004
2024-04-14 13:00:00,0.04000000000002069,65.69999999999996
2024-04-14 14:00:00,0.015000000000013235,64.78
2024-04-14 15:00:00,0.0,68.53
2024-04-14 16:00:00,4.099999999999986,74.56500000000001
2024-04-14 17:00:00,21.584999999999997,85.25000000000001
2024-04-14 18:00:00,43.975,104.73000000000002
2024-04-14 19:00:00,59.99999999999999,117.33500000000001
2024-04-14 20:00:00,53.11,92.37500000000001
2024-04-14 21:00:00,46.06,78.28000000000002
2024-04-14 22:00:00,39.544999999999995,77.80000000000003
2024-04-14 23:00:00,33.86,72.70000000000003
2024-04-15 00:00:00,19.605,70.21500000000003
2024-04-15 01:00:00,13.55,68.35000000000002
2024-04-15 02:00:00,9.669999999999998,66.13499999999999
2024-04-15 03:00:00,9.664999999999997,62.135
2024-04-15 04:00:00,12.235000000000003,64.005
2024-04-15 05:00:00,15.410000000000002,67.31000000000002
2024-04-15 06:00:00,21.845,79.37500000000001
2024-04-15 07:00:00,27.645,101.38999999999997
2024-04-15 08:00:00,27.184999999999995,102.035
2024-04-15 09:00:00,16.970000000000002,84.28999999999999
2024-04-15 10:00:00,5.1000000000000005,72.62000000000003
2024-04-15 11:00:00,3.570000000000001,69.51000000000002
2024-04-15 12:00:00,0.10000000000000174,64.72500000000001
2024-04-15 13:00:00,-0.029999999999988335,65.69999999999996
2024-04-15 14:00:00,-0.4499999999999996,64.21
2024-04-15 15:00:00,-0.9299999999999949,66.64000000000001
2024-04-15 16:00:00,-0.08000000000000028,72.74500000000002
2024-04-15 17:00:00,14.940000000000003,85.25000000000001
2024-04-15 18:00:00,40.835,104.935
2024-04-15 19:00:00,56.46499999999999,126.14000000000001
2024-04-15 20:00:00,48.89000000000001,107.59999999999998
2024-04-15 21:00:00,40.875,87.79
2024-04-15 22:00:00,35.055,77.825
2024-04-15 23:00:00,25.095000000000002,72.70000000000003
2024-04-16 00:00:00,19.605,70.21500000000003
2024-04-16 01:00:00,13.55,68.35000000000002
2024-04-16 02:00:00,9.669999999999998,66.13499999999999
2024-04-16 03:00:00,9.664999999999997,62.135
2024-04-16 04:00:00,12.235000000000003,64.005
2024-04-16 05:00:00,15.410000000000002,67.31000000000002
2024-04-16 06:00:00,21.845,79.37500000000001
2024-04-16 07:00:00,27.645,101.38999999999997
2024-04-16 08:00:00,27.184999999999995,102.035
2024-04-16 09:00:00,16.970000000000002,84.28999999999999
2024-04-16 10:00:00,5.1000000000000005,72.62000000000003
2024-04-16 11:00:00,3.570000000000001,69.51000000000002
2024-04-16 12:00:00,0.10000000000000174,64.72500000000001
2024-04-16 13:00:00,-0.029999999999988335,65.69999999999996
2024-04-16 14:00:00,-0.4499999999999996,64.21
2024-04-16 15:00:00,-0.9299999999999949,66.64000000000001
2024-04-16 16:00:00,-0.08000000000000028,72.74500000000002
2024-04-16 17:00:00,14.940000000000003,85.25000000000001
2024-04-16 18:00:00,40.835,104.935
2024-04-16 19:00:00,56.46499999999999,126.14000000000001
2024-04-16 20:00:00,48.89000000000001,107.59999999999998
2024-04-16 21:00:00,40.875,87.79
2024-04-16 22:00:00,35.055,77.825
2024-04-16 23:00:00,25.095000000000002,72.70000000000003
2024-04-17 00:00:00,19.605,70.21500000000003
2024-04-17 01:00:00,13.55,68.35000000000002
2024-04-17 02:00:00,9.669999999999998,66.13499999999999
2024-04-17 03:00:00,9.664999999999997,62.135
2024-04-17 04:00:00,12.235000000000003,64.005
2024-04-17 05:00:00,15.410000000000002,67.31000000000002
2024-04-17 06:00:00,21.845,79.37500000000001
2024-04-17 07:00:00,27.645,101.38999999999997
2024-04-17 08:00:00,27.184999999999995,102.035
2024-04-17 09:00:00,16.970000000000002,84.28999999999999
2024-04-17 10:00:00,5.1000000000000005,72.62000000000003
2024-04-17 11:00:00,3.570000000000001,69.51000000000002
2024-04-17 12:00:00,0.10000000000000174,64.72500000000001
2024-04-17 13:00:00,-0.029999999999988335,65.69999999999996
2024-04-17 14:00:00,-0.4499999999999996,64.21
2024-04-17 15:00:00,-0.9299999999999949,66.64000000000001
2024-04-17 16:00:00,-0.08000000000000028,72.74500000000002
2024-04-17 17:00:00,14.940000000000003,85.25000000000001
2024-04-17 18:00:00,40.835,104.935
2024-04-17 19:00:00,56.46499999999999,126.14000000000001
2024-04-17 20:00:00,48.89000000000001,107.59999999999998
2024-04-17 21:00:00,40.875,87.79
2024-04-17 22:00:00,35.055,77.825
2024-04-17 23:00:00,25.095000000000002,72.70000000000003
2024-04-18 00:00:00,19.605,70.21500000000003
2024-04-18 01:00:00,13.55,68.35000000000002
2024-04-18 02:00:00,9.669999999999998,66.13499999999999
2024-04-18 03:00:00,9.664999999999997,62.135
2024-04-18 04:00:00,12.235000000000003,64.005
2024-04-18 05:00:00,15.410000000000002,67.31000000000002
2024-04-18 06:00:00,21.845,79.37500000000001
2024-04-18 07:00:00,27.645,101.38999999999997
2024-04-18 08:00:00,27.184999999999995,102.035
2024-04-18 09:00:00,16.970000000000002,84.28999999999999
2024-04-18 10:00:00,5.1000000000000005,72.62000000000003
2024-04-18 11:00:00,3.570000000000001,69.51000000000002
2024-04-18 12:00:00,0.10000000000000174,64.72500000000001
2024-04-18 13:00:00,-0.029999999999988335,65.69999999999996
2024-04-18 14:00:00,-0.4499999999999996,64.21
2024-04-18 15:00:00,-0.9299999999999949,66.64000000000001
2024-04-18 16:00:00,-0.08000000000000028,72.74500000000002
2024-04-18 17:00:00,14.940000000000003,85.25000000000001
2024-04-18 18:00:00,40.835,104.935
2024-04-18 19:00:00,56.46499999999999,126.14000000000001
2024-04-18 20:00:00,48.89000000000001,107.59999999999998
2024-04-18 21:00:00,40.875,87.79
2024-04-18 22:00:00,35.055,77.825
2024-04-18 23:00:00,25.095000000000002,72.70000000000003
2024-04-19 00:00:00,19.605,70.21500000000003
2024-04-19 01:00:00,13.55,68.35000000000002
2024-04-19 02:00:00,9.669999999999998,66.13499999999999
2024-04-19 03:00:00,9.664999999999997,62.135
2024-04-19 04:00:00,12.235000000000003,64.005
2024-04-19 05:00:00,15.410000000000002,67.31000000000002
2024-04-19 06:00:00,21.845,79.37500000000001
2024-04-19 07:00:00,27.645,101.38999999999997
2024-04-19 08:00:00,27.184999999999995,102.035
2024-04-19 09:00:00,16.970000000000002,84.28999999999999
2024-04-19 10:00:00,5.1000000000000005,72.62000000000003
2024-04-19 11:00:00,3.570000000000001,69.51000000000002
2024-04-19 12:00:00,0.10000000000000174,64.72500000000001
2024-04-19 13:00:00,-0.029999999999988335,65.69999999999996
2024-04-19 14:00:00,-0.4499999999999996,64.21
2024-04-19 15:00:00,-0.9299999999999949,66.64000000000001
2024-04-19 16:00:00,-0.08000000000000028,72.74500000000002
2024-04-19 17:00:00,14.940000000000003,85.25000000000001
2024-04-19 18:00:00,40.835,104.935
2024-04-19 19:00:00,56.46499999999999,126.14000000000001
2024-04-19 20:00:00,48.89000000000001,107.59999999999998
2024-04-19 21:00:00,40.875,87.79
2024-04-19 22:00:00,35.055,77.825
2024-04-19 23:00:00,25.095000000000002,72.70000000000003
2024-04-20 00:00:00,19.605,70.21500000000003
2024-04-20 01:00:00,13.55,68.35000000000002
2024-04-20 02:00:00,9.669999999999998,66.13499999999999
2024-04-20 03:00:00,9.664999999999997,62.135
2024-04-20 04:00:00,12.235000000000003,64.005
2024-04-20 05:00:00,15.410000000000002,67.31000000000002
2024-04-20 06:00:00,21.845,79.37500000000001
2024-04-20 07:00:00,27.645,101.38999999999997
2024-04-20 08:00:00,27.184999999999995,102.035
2024-04-20 09:00:00,16.970000000000002,84.28999999999999
2024-04-20 10:00:00,5.1000000000000005,72.62000000000003
2024-04-20 11:00:00,3.570000000000001,69.51000000000002
2024-04-20 12:00:00,0.10000000000000174,64.72500000000001
2024-04-20 13:00:00,-0.029999999999988335,65.69999999999996
2024-04-20 14:00:00,-0.4499999999999996,64.21
2024-04-20 15:00:00,-0.9299999999999949,66.64000000000001
2024-04-20 16:00:00,-0.08000000000000028,72.74500000000002
2024-04-20 17:00:00,14.940000000000003,85.25000000000001
2024-04-20 18:00:00,40.835,104.935
2024-04-20 19:00:00,56.46499999999999,126.14000000000001
2024-04-20 20:00:00,48.89000000000001,107.59999999999998
2024-04-20 21:00:00,40.875,87.79
2024-04-20 22:00:00,35.055,77.825
2024-04-20 23:00:00,25.095000000000002,72.70000000000003
2024-04-21 00:00:00,19.605,70.21500000000003
2024-04-21 01:00:00,13.55,68.35000000000002
2024-04-21 02:00:00,9.669999999999998,66.13499999999999
2024-04-21 03:00:00,9.664999999999997,62.135
2024-04-21 04:00:00,12.235000000000003,64.005
2024-04-21 05:00:00,15.410000000000002,67.31000000000002
2024-04-21 06:00:00,21.845,79.37500000000001
2024-04-21 07:00:00,27.645,101.38999999999997
2024-04-21 08:00:00,27.184999999999995,102.035
2024-04-21 09:00:00,16.970000000000002,84.28999999999999
2024-04-21 10:00:00,5.1000000000000005,72.62000000000003
2024-04-21 11:00:00,3.570000000000001,69.51000000000002
2024-04-21 12:00:00,0.10000000000000174,64.72500000000001
2024-04-21 13:00:00,-0.029999999999988335,65.69999999999996
2024-04-21 14:00:00,-0.4499999999999996,64.21
2024-04-21 15:00:00,-0.9299999999999949,66.64000000000001
2024-04-21 16:00:00,-0.08000000000000028,72.74500000000002
2024-04-21 17:00:00,14.940000000000003,85.25000000000001
2024-04-21 18:00:00,40.835,104.935
2024-04-21 19:00:00,56.46499999999999,126.14000000000001
2024-04-21 20:00:00,48.89000000000001,107.59999999999998
2024-04-21 21:00:00,40.875,87.79
2024-04-21 22:00:00,35.055,77.825
2024-04-21 23:00:00,25.095000000000002,72.70000000000003
2024-04-22 00:00:00,19.605,71.25999999999998
2024-04-22 01:00:00,13.55,69.39999999999998
2024-04-22 02:00:00,9.669999999999998,66.87500000000001
2024-04-22 03:00:00,9.664999999999997,65.59500000000001
2024-04-22 04:00:00,12.235000000000003,64.61499999999998
2024-04-22 05:00:00,15.410000000000002,68.455
2024-04-22 06:00:00,21.845,82.58
2024-04-22 07:00:00,27.645,104.045
2024-04-22 08:00:00,23.39,103.86500000000002
2024-04-22 09:00:00,16.605,85.48500000000003
2024-04-22 10:00:00,5.1000000000000005,75.04500000000002
2024-04-22 11:00:00,-0.025000000000001285,70.85
2024-04-22 12:00:00,0.0,66.75500000000001
2024-04-22 13:00:00,-0.10499999999999894,67.005
2024-04-22 14:00:00,-1.2849999999999904,64.21
2024-04-22 15:00:00,-1.3999999999999888,66.64000000000001
2024-04-22 16:00:00,-0.08000000000000028,72.74500000000002
2024-04-22 17:00:00,12.254999999999999,85.25000000000001
2024-04-22 18:00:00,34.71999999999999,104.935
2024-04-22 19:00:00,53.475,126.14000000000001
2024-04-22 20:00:00,52.230000000000004,113.525
2024-04-22 21:00:00,46.12,89.75999999999996
2024-04-22 22:00:00,37.805,82.31499999999998
2024-04-22 23:00:00,25.125,77.19500000000001
2024-04-23 00:00:00,19.605,71.25999999999998
2024-04-23 01:00:00,13.55,69.39999999999998
2024-04-23 02:00:00,9.669999999999998,66.87500000000001
2024-04-23 03:00:00,9.664999999999997,65.59500000000001
2024-04-23 04:00:00,12.235000000000003,64.61499999999998
2024-04-23 05:00:00,15.410000000000002,68.455
2024-04-23 06:00:00,21.845,82.58
2024-04-23 07:00:00,27.645,104.045
2024-04-23 08:00:00,23.39,103.86500000000002
2024-04-23 09:00:00,16.605,85.48500000000003
2024-04-23 10:00:00,5.1000000000000005,75.04500000000002
2024-04-23 11:00:00,-0.025000000000001285,70.85
2024-04-23 12:00:00,0.0,66.75500000000001
2024-04-23 13:00:00,-0.10499999999999894,67.005
2024-04-23 14:00:00,-1.2849999999999904,64.21
2024-04-23 15:00:00,-1.3999999999999888,66.64000000000001
2024-04-23 16:00:00,-0.08000000000000028,72.74500000000002
2024-04-23 17:00:00,12.254999999999999,85.25000000000001
2024-04-23 18:00:00,34.71999999999999,104.935
2024-04-23 19:00:00,53.475,126.14000000000001
2024-04-23 20:00:00,52.230000000000004,113.525
2024-04-23 21:00:00,46.12,89.75999999999996
2024-04-23 22:00:00,37.805,82.31499999999998
2024-04-23 23:00:00,25.125,77.19500000000001
2024-04-24 00:00:00,19.605,71.25999999999998
2024-04-24 01:00:00,13.55,69.39999999999998
2024-04-24 02:00:00,9.669999999999998,66.87500000000001
2024-04-24 03:00:00,9.664999999999997,65.59500000000001
2024-04-24 04:00:00,12.235000000000003,64.61499999999998
2024-04-24 05:00:00,15.410000000000002,68.455
2024-04-24 06:00:00,21.845,82.58
2024-04-24 07:00:00,27.645,104.045
2024-04-24 08:00:00,23.39,103.86500000000002
2024-04-24 09:00:00,16.605,85.48500000000003
2024-04-24 10:00:00,5.1000000000000005,75.04500000000002
2024-04-24 11:00:00,-0.025000000000001285,70.85
2024-04-24 12:00:00,0.0,66.75500000000001
2024-04-24 13:00:00,-0.10499999999999894,67.005
2024-04-24 14:00:00,-1.2849999999999904,64.21
2024-04-24 15:00:00,-1.3999999999999888,66.64000000000001
2024-04-24 16:00:00,-0.08000000000000028,72.74500000000002
2024-04-24 17:00:00,12.254999999999999,85.25000000000001
2024-04-24 18:00:00,34.71999999999999,104.935
2024-04-24 19:00:00,53.475,126.14000000000001
2024-04-24 20:00:00,52.230000000000004,113.525
2024-04-24 21:00:00,46.12,89.75999999999996
2024-04-24 22:00:00,37.805,82.31499999999998
2024-04-24 23:00:00,25.125,77.19500000000001
2024-04-25 00:00:00,19.605,71.25999999999998
2024-04-25 01:00:00,13.55,69.39999999999998
2024-04-25 02:00:00,9.669999999999998,66.87500000000001
2024-04-25 03:00:00,9.664999999999997,65.59500000000001
2024-04-25 04:00:00,12.235000000000003,64.61499999999998
2024-04-25 05:00:00,15.410000000000002,68.455
2024-04-25 06:00:00,21.845,82.58
2024-04-25 07:00:00,27.645,104.045
2024-04-25 08:00:00,23.39,103.86500000000002
2024-04-25 09:00:00,16.605,85.48500000000003
2024-04-25 10:00:00,5.1000000000000005,75.04500000000002
2024-04-25 11:00:00,-0.025000000000001285,70.85
2024-04-25 12:00:00,0.0,66.75500000000001
2024-04-25 13:00:00,-0.10499999999999894,67.005
2024-04-25 14:00:00,-1.2849999999999904,64.21
2024-04-25 15:00:00,-1.3999999999999888,66.64000000000001
2024-04-25 16:00:00,-0.08000000000000028,72.74500000000002
2024-04-25 17:00:00,12.254999999999999,85.25000000000001
2024-04-25 18:00:00,34.71999999999999,104.935
2024-04-25 19:00:00,53.475,126.14000000000001
2024-04-25 20:00:00,52.230000000000004,113.525
2024-04-25 21:00:00,46.12,89.75999999999996
2024-04-25 22:00:00,37.805,82.31499999999998
2024-04-25 23:00:00,25.125,77.19500000000001
2024-04-26 00:00:00,19.605,71.25999999999998
2024-04-26 01:00:00,13.55,69.39999999999998
2024-04-26 02:00:00,9.669999999999998,66.87500000000001
2024-04-26 03:00:00,9.664999999999997,65.59500000000001
2024-04-26 04:00:00,12.235000000000003,64.61499999999998
2024-04-26 05:00:00,15.410000000000002,68.455
2024-04-26 06:00:00,21.845,82.58
2024-04-26 07:00:00,27.645,104.045
2024-04-26 08:00:00,23.39,103.86500000000002
2024-04-26 09:00:00,16.605,85.48500000000003
2024-04-26 10:00:00,5.1000000000000005,75.04500000000002
2024-04-26 11:00:00,-0.025000000000001285,70.85
2024-04-26 12:00:00,0.0,66.75500000000001
2024-04-26 13:00:00,-0.10499999999999894,67.005
2024-04-26 14:00:00,-1.2849999999999904,64.21
2024-04-26 15:00:00,-1.3999999999999888,66.64000000000001
2024-04-26 16:00:00,-0.08000000000000028,72.74500000000002
2024-04-26 17:00:00,12.254999999999999,85.25000000000001
2024-04-26 18:00:00,34.71999999999999,104.935
2024-04-26 19:00:00,53.475,126.14000000000001
2024-04-26 20:00:00,52.230000000000004,113.525
2024-04-26 21:00:00,46.12,89.75999999999996
2024-04-26 22:00:00,37.805,82.31499999999998
2024-04-26 23:00:00,25.125,77.19500000000001
2024-04-27 00:00:00,19.605,71.25999999999998
2024-04-27 01:00:00,13.55,69.39999999999998
2024-04-27 02:00:00,9.669999999999998,66.87500000000001
2024-04-27 03:00:00,9.664999999999997,65.59500000000001
2024-04-27 04:00:00,12.235000000000003,64.61499999999998
2024-04-27 05:00:00,15.410000000000002,68.455
2024-04-27 06:00:00,21.845,82.58
2024-04-27 07:00:00,27.645,104.045
2024-04-27 08:00:00,23.39,103.86500000000002
2024-04-27 09:00:00,16.605,85.48500000000003
2024-04-27 10:00:00,5.1000000000000005,75.04500000000002
2024-04-27 11:00:00,-0.025000000000001285,70.85
2024-04-27 12:00:00,0.0,66.75500000000001
2024-04-27 13:00:00,-0.10499999999999894,67.005
2024-04-27 14:00:00,-1.2849999999999904,64.21
2024-04-27 15:00:00,-1.3999999999999888,66.64000000000001
2024-04-27 16:00:00,-0.08000000000000028,72.74500000000002
2024-04-27 17:00:00,12.254999999999999,85.25000000000001
2024-04-27 18:00:00,34.71999999999999,104.935
2024-04-27 19:00:00,53.475,126.14000000000001
2024-04-27 20:00:00,52.230000000000004,113.525
2024-04-27 21:00:00,46.12,89.75999999999996
2024-04-27 22:00:00,37.805,82.31499999999998
2024-04-27 23:00:00,25.125,77.19500000000001
2024-04-28 00:00:00,19.605,71.25999999999998
2024-04-28 01:00:00,13.55,69.39999999999998
2024-04-28 02:00:00,9.669999999999998,66.87500000000001
2024-04-28 03:00:00,9.664999999999997,65.59500000000001
2024-04-28 04:00:00,12.235000000000003,64.61499999999998
2024-04-28 05:00:00,15.410000000000002,68.455
2024-04-28 06:00:00,21.845,82.58
2024-04-28 07:00:00,27.645,104.045
2024-04-28 08:00:00,23.39,103.86500000000002
2024-04-28 09:00:00,16.605,85.48500000000003
2024-04-28 10:00:00,5.1000000000000005,75.04500000000002
2024-04-28 11:00:00,-0.025000000000001285,70.85
2024-04-28 12:00:00,0.0,66.75500000000001
2024-04-28 13:00:00,-0.10499999999999894,67.005
2024-04-28 14:00:00,-1.2849999999999904,64.21
2024-04-28 15:00:00,-1.3999999999999888,66.64000000000001
2024-04-28 16:00:00,-0.08000000000000028,72.74500000000002
2024-04-28 17:00:00,12.254999999999999,85.25000000000001
2024-04-28 18:00:00,34.71999999999999,104.935
2024-04-28 19:00:00,53.475,126.14000000000001
2024-04-28 20:00:00,52.230000000000004,113.525
2024-04-28 21:00:00,46.12,89.75999999999996
2024-04-28 22:00:00,37.805,82.31499999999998
2024-04-28 23:00:00,25.125,77.19500000000001
2024-04-29 00:00:00,19.605,79.03999999999999
2024-04-29 01:00:00,13.55,75.415
2024-04-29 02:00:00,9.669999999999998,71.76999999999997
2024-04-29 03:00:00,9.664999999999997,68.10500000000002
2024-04-29 04:00:00,12.235000000000003,67.74
2024-04-29 05:00:00,15.410000000000002,72.775
2024-04-29 06:00:00,21.55,91.61999999999998
2024-04-29 07:00:00,22.905,113.18499999999999
2024-04-29 08:00:00,19.254999999999995,108.99
2024-04-29 09:00:00,7.030000000000009,92.22000000000001
2024-04-29 10:00:00,0.7749999999999919,78.94000000000001
2024-04-29 11:00:00,-1.0250000000000072,73.66499999999998
2024-04-29 12:00:00,-1.7450000000000072,70.32000000000002
2024-04-29 13:00:00,-1.0050000000000052,67.06499999999998
2024-04-29 14:00:00,-4.850000000000005,65.27
2024-04-29 15:00:00,-2.1849999999999885,69.89
2024-04-29 16:00:00,-0.3200000000000011,71.47
2024-04-29 17:00:00,8.700000000000001,84.15999999999998
2024-04-29 18:00:00,32.184999999999995,104.935
2024-04-29 19:00:00,53.475,126.14000000000001
2024-04-29 20:00:00,52.230000000000004,117.47500000000004
2024-04-29 21:00:00,46.12,102.33500000000001
2024-04-29 22:00:00,37.805,88.68
2024-04-29 23:00:00,25.125,81.27999999999997
2024-04-30 00:00:00,19.605,79.03999999999999
2024-04-30 01:00:00,13.55,75.415
2024-04-30 02:00:00,9.669999999999998,71.76999999999997
2024-04-30 03:00:00,9.664999999999997,68.10500000000002
2024-04-30 04:00:00,12.235000000000003,67.74
2024-04-30 05:00:00,15.410000000000002,72.775
2024-04-30 06:00:00,21.55,91.61999999999998
2024-04-30 07:00:00,22.905,113.18499999999999
2024-04-30 08:00:00,19.254999999999995,108.99
2024-04-30 09:00:00,7.030000000000009,92.22000000000001
2024-04-30 10:00:00,0.7749999999999919,78.94000000000001
2024-04-30 11:00:00,-1.0250000000000072,73.66499999999998
2024-04-30 12:00:00,-1.7450000000000072,70.32000000000002
2024-04-30 13:00:00,-1.0050000000000052,67.06499999999998
2024-04-30 14:00:00,-4.850000000000005,65.27
2024-04-30 15:00:00,-2.1849999999999885,69.89
2024-04-30 16:00:00,-0.3200000000000011,71.47
2024-04-30 17:00:00,8.700000000000001,84.15999999999998
2024-04-30 18:00:00,32.184999999999995,104.935
2024-04-30 19:00:00,53.475,126.14000000000001
2024-04-30 20:00:00,52.230000000000004,117.47500000000004
2024-04-30 21:00:00,46.12,102.33500000000001
2024-04-30 22:00:00,37.805,88.68
2024-04-30 23:00:00,25.125,81.27999999999997
2024-05-01 00:00:00,19.605,79.03999999999999
2024-05-01 01:00:00,13.55,75.415
2024-05-01 02:00:00,9.669999999999998,71.76999999999997
2024-05-01 03:00:00,9.664999999999997,68.10500000000002
2024-05-01 04:00:00,12.235000000000003,67.74
2024-05-01 05:00:00,15.410000000000002,72.775
2024-05-01 06:00:00,21.55,91.61999999999998
2024-05-01 07:00:00,22.905,113.18499999999999
2024-05-01 08:00:00,19.254999999999995,108.99
2024-05-01 09:00:00,7.030000000000009,92.22000000000001
2024-05-01 10:00:00,0.7749999999999919,78.94000000000001
2024-05-01 11:00:00,-1.0250000000000072,73.66499999999998
2024-05-01 12:00:00,-1.7450000000000072,70.32000000000002
2024-05-01 13:00:00,-1.0050000000000052,67.06499999999998
2024-05-01 14:00:00,-4.850000000000005,65.27
2024-05-01 15:00:00,-2.1849999999999885,69.89
2024-05-01 16:00:00,-0.3200000000000011,71.47
2024-05-01 17:00:00,8.700000000000001,84.15999999999998
2024-05-01 18:00:00,32.184999999999995,104.935
2024-05-01 19:00:00,53.475,126.14000000000001
2024-05-01 20:00:00,52.230000000000004,117.47500000000004
2024-05-01 21:00:00,46.12,102.33500000000001
2024-05-01 22:00:00,37.805,88.68
2024-05-01 23:00:00,25.125,81.27999999999997
2024-05-02 00:00:00,19.605,79.03999999999999
2024-05-02 01:00:00,13.55,75.415
2024-05-02 02:00:00,9.669999999999998,71.76999999999997
2024-05-02 03:00:00,9.664999999999997,68.10500000000002
2024-05-02 04:00:00,12.235000000000003,67.74
2024-05-02 05:00:00,15.410000000000002,72.775
2024-05-02 06:00:00,21.55,91.61999999999998
2024-05-02 07:00:00,22.905,113.18499999999999
2024-05-02 08:00:00,19.254999999999995,108.99
2024-05-02 09:00:00,7.030000000000009,92.22000000000001
2024-05-02 10:00:00,0.7749999999999919,78.94000000000001
2024-05-02 11:00:00,-1.0250000000000072,73.66499999999998
2024-05-02 12:00:00,-1.7450000000000072,70.32000000000002
2024-05-02 13:00:00,-1.0050000000000052,67.06499999999998
2024-05-02 14:00:00,-4.850000000000005,65.27
2024-05-02 15:00:00,-2.1849999999999885,69.89
2024-05-02 16:00:00,-0.3200000000000011,71.47
2024-05-02 17:00:00,8.700000000000001,84.15999999999998
2024-05-02 18:00:00,32.184999999999995,104.935
2024-05-02 19:00:00,53.475,126.14000000000001
2024-05-02 20:00:00,52.230000000000004,117.47500000000004
2024-05-02 21:00:00,46.12,102.33500000000001
2024-05-02 22:00:00,37.805,88.68
2024-05-02 23:00:00,25.125,81.27999999999997
2024-05-03 00:00:00,19.605,79.03999999999999
2024-05-03 01:00:00,13.55,75.415
2024-05-03 02:00:00,9.669999999999998,71.76999999999997
2024-05-03 03:00:00,9.664999999999997,68.10500000000002
2024-05-03 04:00:00,12.235000000000003,67.74
2024-05-03 05:00:00,15.410000000000002,72.775
2024-05-03 06:00:00,21.55,91.61999999999998
2024-05-03 07:00:00,22.905,113.18499999999999
2024-05-03 08:00:00,19.254999999999995,108.99
2024-05-03 09:00:00,7.030000000000009,92.22000000000001
2024-05-03 10:00:00,0.7749999999999919,78.94000000000001
2024-05-03 11:00:00,-1.0250000000000072,73.66499999999998
2024-05-03 12:00:00,-1.7450000000000072,70.32000000000002
2024-05-03 13:00:00,-1.0050000000000052,67.06499999999998
2024-05-03 14:00:00,-4.850000000000005,65.27
2024-05-03 15:00:00,-2.1849999999999885,69.89
2024-05-03 16:00:00,-0.3200000000000011,71.47
2024-05-03 17:00:00,8.700000000000001,84.15999999999998
2024-05-03 18:00:00,32.184999999999995,104.935
2024-05-03 19:00:00,53.475,126.14000000000001
2024-05-03 20:00:00,52.230000000000004,117.47500000000004
2024-05-03 21:00:00,46.12,102.33500000000001
2024-05-03 22:00:00,37.805,88.68
2024-05-03 23:00:00,25.125,81.27999999999997
2024-05-04 00:00:00,19.605,79.03999999999999
2024-05-04 01:00:00,13.55,75.415
2024-05-04 02:00:00,9.669999999999998,71.76999999999997
2024-05-04 03:00:00,9.664999999999997,68.10500000000002
2024-05-04 04:00:00,12.235000000000003,67.74
2024-05-04 05:00:00,15.410000000000002,72.775
2024-05-04 06:00:00,21.55,91.61999999999998
2024-05-04 07:00:00,22.905,113.18499999999999
2024-05-04 08:00:00,19.254999999999995,108.99
2024-05-04 09:00:00,7.030000000000009,92.22000000000001
2024-05-04 10:00:00,0.7749999999999919,78.94000000000001
2024-05-04 11:00:00,-1.0250000000000072,73.66499999999998
2024-05-04 12:00:00,-1.7450000000000072,70.32000000000002
2024-05-04 13:00:00,-1.0050000000000052,67.06499999999998
2024-05-04 14:00:00,-4.850000000000005,65.27
2024-05-04 15:00:00,-2.1849999999999885,69.89
2024-05-04 16:00:00,-0.3200000000000011,71.47
2024-05-04 17:00:00,8.700000000000001,84.15999999999998
2024-05-04 18:00:00,32.184999999999995,104.935
2024-05-04 19:00:00,53.475,126.14000000000001
2024-05-04 20:00:00,52.230000000000004,117.47500000000004
2024-05-04 21:00:00,46.12,102.33500000000001
2024-05-04 22:00:00,37.805,88.68
2024-05-04 23:00:00,25.125,81.27999999999997
2024-05-05 00:00:00,19.605,79.03999999999999
2024-05-05 01:00:00,13.55,75.415
2024-05-05 02:00:00,9.669999999999998,71.76999999999997
2024-05-05 03:00:00,9.664999999999997,68.10500000000002
2024-05-05 04:00:00,12.235000000000003,67.74
2024-05-05 05:00:00,15.410000000000002,72.775
2024-05-05 06:00:00,21.55,91.61999999999998
2024-05-05 07:00:00,22.905,113.18499999999999
2024-05-05 08:00:00,19.254999999999995,108.99
2024-05-05 09:00:00,7.030000000000009,92.22000000000001
2024-05-05 10:00:00,0.7749999999999919,78.94000000000001
2024-05-05 11:00:00,-1.0250000000000072,73.66499999999998
2024-05-05 12:00:00,-1.7450000000000072,70.32000000000002
2024-05-05 13:00:00,-1.0050000000000052,67.06499999999998
2024-05-05 14:00:00,-4.850000000000005,65.27
2024-05-05 15:00:00,-2.1849999999999885,69.89
2024-05-05 16:00:00,-0.3200000000000011,71.47
2024-05-05 17:00:00,8.700000000000001,84.15999999999998
2024-05-05 18:00:00,32.184999999999995,104.935
2024-05-05 19:00:00,53.475,126.14000000000001
2024-05-05 20:00:00,52.230000000000004,117.47500000000004
2024-05-05 21:00:00,46.12,102.33500000000001
2024-05-05 22:00:00,37.805,88.68
2024-05-05 23:00:00,25.125,81.27999999999997
2024-05-06 00:00:00,19.605,81.685
2024-05-06 01:00:00,13.55,77.44000000000001
2024-05-06 02:00:00,9.669999999999998,74.32000000000002
2024-05-06 03:00:00,9.664999999999997,68.46999999999998
2024-05-06 04:00:00,12.235000000000003,66.45499999999998
2024-05-06 05:00:00,15.410000000000002,75.205
2024-05-06 06:00:00,21.55,91.61999999999998
2024-05-06 07:00:00,22.905,113.18499999999999
2024-05-06 08:00:00,19.255000000000006,108.80999999999999
2024-05-06 09:00:00,5.795000000000002,92.22000000000001
2024-05-06 10:00:00,0.004999999999997884,78.94000000000001
2024-05-06 11:00:00,-2.6299999999999986,73.075
2024-05-06 12:00:00,-6.054999999999991,69.54500000000003
2024-05-06 13:00:00,-12.590000000000005,66.22499999999998
2024-05-06 14:00:00,-13.950000000000006,61.465
2024-05-06 15:00:00,-3.769999999999988,63.74000000000002
2024-05-06 16:00:00,-0.9749999999999992,70.52
2024-05-06 17:00:00,5.3499999999999925,81.94499999999998
2024-05-06 18:00:00,30.705,102.185
2024-05-06 19:00:00,53.475,124.985
2024-05-06 20:00:00,52.230000000000004,120.9
2024-05-06 21:00:00,46.12,106.61500000000002
2024-05-06 22:00:00,37.805,90.59
2024-05-06 23:00:00,25.125,82.83499999999998
2024-05-07 00:00:00,19.605,81.685
2024-05-07 01:00:00,13.55,77.44000000000001
2024-05-07 02:00:00,9.669999999999998,74.32000000000002
2024-05-07 03:00:00,9.664999999999997,68.46999999999998
2024-05-07 04:00:00,12.235000000000003,66.45499999999998
2024-05-07 05:00:00,15.410000000000002,75.205
2024-05-07 06:00:00,21.55,91.61999999999998
2024-05-07 07:00:00,22.905,113.18499999999999
2024-05-07 08:00:00,19.255000000000006,108.80999999999999
2024-05-07 09:00:00,5.795000000000002,92.22000000000001
2024-05-07 10:00:00,0.004999999999997884,78.94000000000001
2024-05-07 11:00:00,-2.6299999999999986,73.075
2024-05-07 12:00:00,-6.054999999999991,69.54500000000003
2024-05-07 13:00:00,-12.590000000000005,66.22499999999998
2024-05-07 14:00:00,-13.950000000000006,61.465
2024-05-07 15:00:00,-3.769999999999988,63.74000000000002
2024-05-07 16:00:00,-0.9749999999999992,70.52
2024-05-07 17:00:00,5.3499999999999925,81.94499999999998
2024-05-07 18:00:00,30.705,102.185
2024-05-07 19:00:00,53.475,124.985
2024-05-07 20:00:00,52.230000000000004,120.9
2024-05-07 21:00:00,46.12,106.61500000000002
2024-05-07 22:00:00,37.805,90.59
2024-05-07 23:00:00,25.125,82.83499999999998
2024-05-08 00:00:00,19.605,81.685
2024-05-08 01:00:00,13.55,77.44000000000001
2024-05-08 02:00:00,9.669999999999998,74.32000000000002
2024-05-08 03:00:00,9.664999999999997,68.46999999999998
2024-05-08 04:00:00,12.235000000000003,66.45499999999998
2024-05-08 05:00:00,15.410000000000002,75.205
2024-05-08 06:00:00,21.55,91.61999999999998
2024-05-08 07:00:00,22.905,113.18499999999999
2024-05-08 08:00:00,19.255000000000006,108.80999999999999
2024-05-08 09:00:00,5.795000000000002,92.22000000000001
2024-05-08 10:00:00,0.004999999999997884,78.94000000000001
2024-05-08 11:00:00,-2.6299999999999986,73.075
2024-05-08 12:00:00,-6.054999999999991,69.54500000000003
2024-05-08 13:00:00,-12.590000000000005,66.22499999999998
2024-05-08 14:00:00,-13.950000000000006,61.465
2024-05-08 15:00:00,-3.769999999999988,63.74000000000002
2024-05-08 16:00:00,-0.9749999999999992,70.52
2024-05-08 17:00:00,5.3499999999999925,81.94499999999998
2024-05-08 18:00:00,30.705,102.185
2024-05-08 19:00:00,53.475,124.985
2024-05-08 20:00:00,52.230000000000004,120.9
2024-05-08 21:00:00,46.12,106.61500000000002
2024-05-08 22:00:00,37.805,90.59
2024-05-08 23:00:00,25.125,82.83499999999998
2024-05-09 00:00:00,19.605,81.685
2024-05-09 01:00:00,13.55,77.44000000000001
2024-05-09 02:00:00,9.669999999999998,74.32000000000002
2024-05-09 03:00:00,9.664999999999997,68.46999999999998
2024-05-09 04:00:00,12.235000000000003,66.45499999999998
2024-05-09 05:00:00,15.410000000000002,75.205
2024-05-09 06:00:00,21.55,91.61999999999998
2024-05-09 07:00:00,22.905,113.18499999999999
2024-05-09 08:00:00,19.255000000000006,108.80999999999999
2024-05-09 09:00:00,5.795000000000002,92.22000000000001
2024-05-09 10:00:00,0.004999999999997884,78.94000000000001
2024-05-09 11:00:00,-2.6299999999999986,73.075
2024-05-09 12:00:00,-6.054999999999991,69.54500000000003
2024-05-09 13:00:00,-12.590000000000005,66.22499999999998
2024-05-09 14:00:00,-13.950000000000006,61.465
2024-05-09 15:00:00,-3.769999999999988,63.74000000000002
2024-05-09 16:00:00,-0.9749999999999992,70.52
2024-05-09 17:00:00,5.3499999999999925,81.94499999999998
2024-05-09 18:00:00,30.705,102.185
2024-05-09 19:00:00,53.475,124.985
2024-05-09 20:00:00,52.230000000000004,120.9
2024-05-09 21:00:00,46.12,106.61500000000002
2024-05-09 22:00:00,37.805,90.59
2024-05-09 23:00:00,25.125,82.83499999999998
2024-05-10 00:00:00,19.605,81.685
2024-05-10 01:00:00,13.55,77.44000000000001
2024-05-10 02:00:00,9.669999999999998,74.32000000000002
2024-05-10 03:00:00,9.664999999999997,68.46999999999998
2024-05-10 04:00:00,12.235000000000003,66.45499999999998
2024-05-10 05:00:00,15.410000000000002,75.205
2024-05-10 06:00:00,21.55,91.61999999999998
2024-05-10 07:00:00,22.905,113.18499999999999
2024-05-10 08:00:00,19.255000000000006,108.80999999999999
2024-05-10 09:00:00,5.795000000000002,92.22000000000001
2024-05-10 10:00:00,0.004999999999997884,78.94000000000001
2024-05-10 11:00:00,-2.6299999999999986,73.075
2024-05-10 12:00:00,-6.054999999999991,69.54500000000003
2024-05-10 13:00:00,-12.590000000000005,66.22499999999998
2024-05-10 14:00:00,-13.950000000000006,61.465
2024-05-10 15:00:00,-3.769999999999988,63.74000000000002
2024-05-10 16:00:00,-0.9749999999999992,70.52
2024-05-10 17:00:00,5.3499999999999925,81.94499999999998
2024-05-10 18:00:00,30.705,102.185
2024-05-10 19:00:00,53.475,124.985
2024-05-10 20:00:00,52.230000000000004,120.9
2024-05-10 21:00:00,46.12,106.61500000000002
2024-05-10 22:00:00,37.805,90.59
2024-05-10 23:00:00,25.125,82.83499999999998
2024-05-11 00:00:00,19.605,81.685
2024-05-11 01:00:00,13.55,77.44000000000001
2024-05-11 02:00:00,9.669999999999998,74.32000000000002
2024-05-11 03:00:00,9.664999999999997,68.46999999999998
2024-05-11 04:00:00,12.235000000000003,66.45499999999998
2024-05-11 05:00:00,15.410000000000002,75.205
2024-05-11 06:00:00,21.55,91.61999999999998
2024-05-11 07:00:00,22.905,113.18499999999999
2024-05-11 08:00:00,19.255000000000006,108.80999999999999
2024-05-11 09:00:00,5.795000000000002,92.22000000000001
2024-05-11 10:00:00,0.004999999999997884,78.94000000000001
2024-05-11 11:00:00,-2.6299999999999986,73.075
2024-05-11 12:00:00,-6.054999999999991,69.54500000000003
2024-05-11 13:00:00,-12.590000000000005,66.22499999999998
2024-05-11 14:00:00,-13.950000000000006,61.465
2024-05-11 15:00:00,-3.769999999999988,63.74000000000002
2024-05-11 16:00:00,-0.9749999999999992,70.52
2024-05-11 17:00:00,5.3499999999999925,81.94499999999998
2024-05-11 18:00:00,30.705,102.185
2024-05-11 19:00:00,53.475,124.985
2024-05-11 20:00:00,52.230000000000004,120.9
2024-05-11 21:00:00,46.12,106.61500000000002
2024-05-11 22:00:00,37.805,90.59
2024-05-11 23:00:00,25.125,82.83499999999998
2024-05-12 00:00:00,19.605,81.685
2024-05-12 01:00:00,13.55,77.44000000000001
2024-05-12 02:00:00,9.669999999999998,74.32000000000002
2024-05-12 03:00:00,9.664999999999997,68.46999999999998
2024-05-12 04:00:00,12.235000000000003,66.45499999999998
2024-05-12 05:00:00,15.410000000000002,75.205
2024-05-12 06:00:00,21.55,91.61999999999998
2024-05-12 07:00:00,22.905,113.18499999999999
2024-05-12 08:00:00,19.255000000000006,108.80999999999999
2024-05-12 09:00:00,5.795000000000002,92.22000000000001
2024-05-12 10:00:00,0.004999999999997884,78.94000000000001
2024-05-12 11:00:00,-2.6299999999999986,73.075
2024-05-12 12:00:00,-6.054999999999991,69.54500000000003
2024-05-12 13:00:00,-12.590000000000005,66.22499999999998
2024-05-12 14:00:00,-13.950000000000006,61.465
2024-05-12 15:00:00,-3.769999999999988,63.74000000000002
2024-05-12 16:00:00,-0.9749999999999992,70.52
2024-05-12 17:00:00,5.3499999999999925,81.94499999999998
2024-05-12 18:00:00,30.705,102.185
2024-05-12 19:00:00,53.475,124.985
2024-05-12 20:00:00,52.230000000000004,120.9
2024-05-12 21:00:00,46.12,106.61500000000002
2024-05-12 22:00:00,37.805,90.59
2024-05-12 23:00:00,25.125,82.83499999999998
2024-05-13 00:00:00,19.605,84.88500000000002
2024-05-13 01:00:00,13.55,80.35
2024-05-13 02:00:00,9.669999999999998,78.32500000000002
2024-05-13 03:00:00,9.664999999999997,74.39500000000001
2024-05-13 04:00:00,12.235000000000003,74.24499999999999
2024-05-13 05:00:00,15.410000000000002,76.13999999999999
2024-05-13 06:00:00,21.005,93.03999999999996
2024-05-13 07:00:00,21.92,114.87000000000003
2024-05-13 08:00:00,18.729999999999997,112.33999999999997
2024-05-13 09:00:00,4.685000000000005,92.22000000000001
2024-05-13 10:00:00,-0.010000000000007192,81.64
2024-05-13 11:00:00,-10.185000000000006,73.66499999999998
2024-05-13 12:00:00,-16.54999999999999,68.87
2024-05-13 13:00:00,-28.485,64.39000000000001
2024-05-13 14:00:00,-31.310000000000013,60.79999999999999
2024-05-13 15:00:00,-23.145000000000003,62.84
2024-05-13 16:00:00,-1.464999999999998,68.24
2024-05-13 17:00:00,3.7500000000000004,81.94499999999998
2024-05-13 18:00:00,29.975,104.09500000000003
2024-05-13 19:00:00,48.28,124.985
2024-05-13 20:00:00,52.230000000000004,122.2
2024-05-13 21:00:00,46.12,110.75000000000003
2024-05-13 22:00:00,37.805,92.87
2024-05-13 23:00:00,25.125,84.53999999999996
2024-05-14 00:00:00,19.605,84.88500000000002
2024-05-14 01:00:00,13.55,80.35
2024-05-14 02:00:00,9.669999999999998,78.32500000000002
2024-05-14 03:00:00,9.664999999999997,74.39500000000001
2024-05-14 04:00:00,12.235000000000003,74.24499999999999
2024-05-14 05:00:00,15.410000000000002,76.13999999999999
2024-05-14 06:00:00,21.005,93.03999999999996
2024-05-14 07:00:00,21.92,114.87000000000003
2024-05-14 08:00:00,18.729999999999997,112.33999999999997
2024-05-14 09:00:00,4.685000000000005,92.22000000000001
2024-05-14 10:00:00,-0.010000000000007192,81.64
2024-05-14 11:00:00,-10.185000000000006,73.66499999999998
2024-05-14 12:00:00,-16.54999999999999,68.87
2024-05-14 13:00:00,-28.485,64.39000000000001
2024-05-14 14:00:00,-31.310000000000013,60.79999999999999
2024-05-14 15:00:00,-23.145000000000003,62.84
2024-05-14 16:00:00,-1.464999999999998,68.24
2024-05-14 17:00:00,3.7500000000000004,81.94499999999998
2024-05-14 18:00:00,29.975,104.09500000000003
2024-05-14 19:00:00,48.28,124.985
2024-05-14 20:00:00,52.230000000000004,122.2
2024-05-14 21:00:00,46.12,110.75000000000003
2024-05-14 22:00:00,37.805,92.87
2024-05-14 23:00:00,25.125,84.53999999999996
2024-05-15 00:00:00,19.605,84.88500000000002
2024-05-15 01:00:00,13.55,80.35
2024-05-15 02:00:00,9.669999999999998,78.32500000000002
2024-05-15 03:00:00,9.664999999999997,74.39500000000001
2024-05-15 04:00:00,12.235000000000003,74.24499999999999
2024-05-15 05:00:00,15.410000000000002,76.13999999999999
2024-05-15 06:00:00,21.005,93.03999999999996
2024-05-15 07:00:00,21.92,114.87000000000003
2024-05-15 08:00:00,18.729999999999997,112.33999999999997
2024-05-15 09:00:00,4.685000000000005,92.22000000000001
2024-05-15 10:00:00,-0.010000000000007192,81.64
2024-05-15 11:00:00,-10.185000000000006,73.66499999999998
2024-05-15 12:00:00,-16.54999999999999,68.87
2024-05-15 13:00:00,-28.485,64.39000000000001
2024-05-15 14:00:00,-31.310000000000013,60.79999999999999
2024-05-15 15:00:00,-23.145000000000003,62.84
2024-05-15 16:00:00,-1.464999999999998,68.24
2024-05-15 17:00:00,3.7500000000000004,81.94499999999998
2024-05-15 18:00:00,29.975,104.09500000000003
2024-05-15 19:00:00,48.28,124.985
2024-05-15 20:00:00,52.230000000000004,122.2
2024-05-15 21:00:00,46.12,110.75000000000003
2024-05-15 22:00:00,37.805,92.87
2024-05-15 23:00:00,25.125,84.53999999999996
2024-05-16 00:00:00,19.605,84.88500000000002
2024-05-16 01:00:00,13.55,80.35
2024-05-16 02:00:00,9.669999999999998,78.32500000000002
2024-05-16 03:00:00,9.664999999999997,74.39500000000001
2024-05-16 04:00:00,12.235000000000003,74.24499999999999
2024-05-16 05:00:00,15.410000000000002,76.13999999999999
2024-05-16 06:00:00,21.005,93.03999999999996
2024-05-16 07:00:00,21.92,114.87000000000003
2024-05-16 08:00:00,18.729999999999997,112.33999999999997
2024-05-16 09:00:00,4.685000000000005,92.22000000000001
2024-05-16 10:00:00,-0.010000000000007192,81.64
2024-05-16 11:00:00,-10.185000000000006,73.66499999999998
2024-05-16 12:00:00,-16.54999999999999,68.87
2024-05-16 13:00:00,-28.485,64.39000000000001
2024-05-16 14:00:00,-31.310000000000013,60.79999999999999
2024-05-16 15:00:00,-23.145000000000003,62.84
2024-05-16 16:00:00,-1.464999999999998,68.24
2024-05-16 17:00:00,3.7500000000000004,81.94499999999998
2024-05-16 18:00:00,29.975,104.09500000000003
2024-05-16 19:00:00,48.28,124.985
2024-05-16 20:00:00,52.230000000000004,122.2
2024-05-16 21:00:00,46.12,110.75000000000003
2024-05-16 22:00:00,37.805,92.87
2024-05-16 23:00:00,25.125,84.53999999999996
2024-05-17 00:00:00,19.605,84.88500000000002
2024-05-17 01:00:00,13.55,80.35
2024-05-17 02:00:00,9.669999999999998,78.32500000000002
2024-05-17 03:00:00,9.664999999999997,74.39500000000001
2024-05-17 04:00:00,12.235000000000003,74.24499999999999
2024-05-17 05:00:00,15.410000000000002,76.13999999999999
2024-05-17 06:00:00,21.005,93.03999999999996
2024-05-17 07:00:00,21.92,114.87000000000003
2024-05-17 08:00:00,18.729999999999997,112.33999999999997
2024-05-17 09:00:00,4.685000000000005,92.22000000000001
2024-05-17 10:00:00,-0.010000000000007192,81.64
2024-05-17 11:00:00,-10.185000000000006,73.66499999999998
2024-05-17 12:00:00,-16.54999999999999,68.87
2024-05-17 13:00:00,-28.485,64.39000000000001
2024-05-17 14:00:00,-31.310000000000013,60.79999999999999
2024-05-17 15:00:00,-23.145000000000003,62.84
2024-05-17 16:00:00,-1.464999999999998,68.24
2024-05-17 17:00:00,3.7500000000000004,81.94499999999998
2024-05-17 18:00:00,29.975,104.09500000000003
2024-05-17 19:00:00,48.28,124.985
2024-05-17 20:00:00,52.230000000000004,122.2
2024-05-17 21:00:00,46.12,110.75000000000003
2024-05-17 22:00:00,37.805,92.87
2024-05-17 23:00:00,25.125,84.53999999999996
2024-05-18 00:00:00,19.605,84.88500000000002
2024-05-18 01:00:00,13.55,80.35
2024-05-18 02:00:00,9.669999999999998,78.32500000000002
2024-05-18 03:00:00,9.664999999999997,74.39500000000001
2024-05-18 04:00:00,12.235000000000003,74.24499999999999
2024-05-18 05:00:00,15.410000000000002,76.13999999999999
2024-05-18 06:00:00,21.005,93.03999999999996
2024-05-18 07:00:00,21.92,114.87000000000003
2024-05-18 08:00:00,18.729999999999997,112.33999999999997
2024-05-18 09:00:00,4.685000000000005,92.22000000000001
2024-05-18 10:00:00,-0.010000000000007192,81.64
2024-05-18 11:00:00,-10.185000000000006,73.66499999999998
2024-05-18 12:00:00,-16.54999999999999,68.87
2024-05-18 13:00:00,-28.485,64.39000000000001
2024-05-18 14:00:00,-31.310000000000013,60.79999999999999
2024-05-18 15:00:00,-23.145000000000003,62.84
2024-05-18 16:00:00,-1.464999999999998,68.24
2024-05-18 17:00:00,3.7500000000000004,81.94499999999998
2024-05-18 18:00:00,29.975,104.09500000000003
2024-05-18 19:00:00,48.28,124.985
2024-05-18 20:00:00,52.230000000000004,122.2
2024-05-18 21:00:00,46.12,110.75000000000003
2024-05-18 22:00:00,37.805,92.87
2024-05-18 23:00:00,25.125,84.53999999999996
2024-05-19 00:00:00,19.605,84.88500000000002
2024-05-19 01:00:00,13.55,80.35
2024-05-19 02:00:00,9.669999999999998,78.32500000000002
2024-05-19 03:00:00,9.664999999999997,74.39500000000001
2024-05-19 04:00:00,12.235000000000003,74.24499999999999
2024-05-19 05:00:00,15.410000000000002,76.13999999999999
2024-05-19 06:00:00,21.005,93.03999999999996
2024-05-19 07:00:00,21.92,114.87000000000003
2024-05-19 08:00:00,18.729999999999997,112.33999999999997
2024-05-19 09:00:00,4.685000000000005,92.22000000000001
2024-05-19 10:00:00,-0.010000000000007192,81.64
2024-05-19 11:00:00,-10.185000000000006,73.66499999999998
2024-05-19 12:00:00,-16.54999999999999,68.87
2024-05-19 13:00:00,-28.485,64.39000000000001
2024-05-19 14:00:00,-31.310000000000013,60.79999999999999
2024-05-19 15:00:00,-23.145000000000003,62.84
2024-05-19 16:00:00,-1.464999999999998,68.24
2024-05-19 17:00:00,3.7500000000000004,81.94499999999998
2024-05-19 18:00:00,29.975,104.09500000000003
2024-05-19 19:00:00,48.28,124.985
2024-05-19 20:00:00,52.230000000000004,122.2
2024-05-19 21:00:00,46.12,110.75000000000003
2024-05-19 22:00:00,37.805,92.87
2024-05-19 23:00:00,25.125,84.53999999999996
2024-05-20 00:00:00,22.925000000000004,85.88499999999998
2024-05-20 01:00:00,17.265,80.35
2024-05-20 02:00:00,14.635,78.32500000000002
2024-05-20 03:00:00,12.084999999999999,74.39500000000001
2024-05-20 04:00:00,13.73,74.24499999999999
2024-05-20 05:00:00,17.619999999999997,76.13999999999999
2024-05-20 06:00:00,21.55,92.33999999999999
2024-05-20 07:00:00,27.645,114.87000000000003
2024-05-20 08:00:00,23.23,112.33999999999997
2024-05-20 09:00:00,6.189999999999994,92.22000000000001
2024-05-20 10:00:00,-0.44499999999999446,81.64
2024-05-20 11:00:00,-10.689999999999998,73.66499999999998
2024-05-20 12:00:00,-20.679999999999993,68.87
2024-05-20 13:00:00,-32.16,63.17499999999999
2024-05-20 14:00:00,-35.805000000000014,59.895
2024-05-20 15:00:00,-28.72,58.53500000000001
2024-05-20 16:00:00,-3.9999999999999916,66.41000000000001
2024-05-20 17:00:00,2.0799999999999987,79.78500000000003
2024-05-20 18:00:00,28.675000000000004,100.75
2024-05-20 19:00:00,44.68,120.31000000000002
2024-05-20 20:00:00,53.115,123.08500000000002
2024-05-20 21:00:00,47.654999999999994,110.75000000000003
2024-05-20 22:00:00,39.550000000000004,92.87
2024-05-20 23:00:00,29.025000000000002,85.75999999999999
2024-05-21 00:00:00,22.925000000000004,85.88499999999998
2024-05-21 01:00:00,17.265,80.35
2024-05-21 02:00:00,14.635,78.32500000000002
2024-05-21 03:00:00,12.084999999999999,74.39500000000001
2024-05-21 04:00:00,13.73,74.24499999999999
2024-05-21 05:00:00,17.619999999999997,76.13999999999999
2024-05-21 06:00:00,21.55,92.33999999999999
2024-05-21 07:00:00,27.645,114.87000000000003
2024-05-21 08:00:00,23.23,112.33999999999997
2024-05-21 09:00:00,6.189999999999994,92.22000000000001
2024-05-21 10:00:00,-0.44499999999999446,81.64
2024-05-21 11:00:00,-10.689999999999998,73.66499999999998
2024-05-21 12:00:00,-20.679999999999993,68.87
2024-05-21 13:00:00,-32.16,63.17499999999999
2024-05-21 14:00:00,-35.805000000000014,59.895
2024-05-21 15:00:00,-28.72,58.53500000000001
2024-05-21 16:00:00,-3.9999999999999916,66.41000000000001
2024-05-21 17:00:00,2.0799999999999987,79.78500000000003
2024-05-21 18:00:00,28.675000000000004,100.75
2024-05-21 19:00:00,44.68,120.31000000000002
2024-05-21 20:00:00,53.115,123.08500000000002
2024-05-21 21:00:00,47.654999999999994,110.75000000000003
2024-05-21 22:00:00,39.550000000000004,92.87
2024-05-21 23:00:00,29.025000000000002,85.75999999999999
2024-05-22 00:00:00,22.925000000000004,85.88499999999998
2024-05-22 01:00:00,17.265,80.35
2024-05-22 02:00:00,14.635,78.32500000000002
2024-05-22 03:00:00,12.084999999999999,74.39500000000001
2024-05-22 04:00:00,13.73,74.24499999999999
2024-05-22 05:00:00,17.619999999999997,76.13999999999999
2024-05-22 06:00:00,21.55,92.33999999999999
2024-05-22 07:00:00,27.645,114.87000000000003
2024-05-22 08:00:00,23.23,112.33999999999997
2024-05-22 09:00:00,6.189999999999994,92.22000000000001
2024-05-22 10:00:00,-0.44499999999999446,81.64
2024-05-22 11:00:00,-10.689999999999998,73.66499999999998
2024-05-22 12:00:00,-20.679999999999993,68.87
2024-05-22 13:00:00,-32.16,63.17499999999999
2024-05-22 14:00:00,-35.805000000000014,59.895
2024-05-22 15:00:00,-28.72,58.53500000000001
2024-05-22 16:00:00,-3.9999999999999916,66.41000000000001
2024-05-22 17:00:00,2.0799999999999987,79.78500000000003
2024-05-22 18:00:00,28.675000000000004,100.75
2024-05-22 19:00:00,44.68,120.31000000000002
2024-05-22 20:00:00,53.115,123.08500000000002
2024-05-22 21:00:00,47.654999999999994,110.75000000000003
2024-05-22 22:00:00,39.550000000000004,92.87
2024-05-22 23:00:00,29.025000000000002,85.75999999999999
2024-05-23 00:00:00,22.925000000000004,85.88499999999998
2024-05-23 01:00:00,17.265,80.35
2024-05-23 02:00:00,14.635,78.32500000000002
2024-05-23 03:00:00,12.084999999999999,74.39500000000001
2024-05-23 04:00:00,13.73,74.24499999999999
2024-05-23 05:00:00,17.619999999999997,76.13999999999999
2024-05-23 06:00:00,21.55,92.33999999999999
2024-05-23 07:00:00,27.645,114.87000000000003
2024-05-23 08:00:00,23.23,112.33999999999997
2024-05-23 09:00:00,6.189999999999994,92.22000000000001
2024-05-23 10:00:00,-0.44499999999999446,81.64
2024-05-23 11:00:00,-10.689999999999998,73.66499999999998
2024-05-23 12:00:00,-20.679999999999993,68.87
2024-05-23 13:00:00,-32.16,63.17499999999999
2024-05-23 14:00:00,-35.805000000000014,59.895
2024-05-23 15:00:00,-28.72,58.53500000000001
2024-05-23 16:00:00,-3.9999999999999916,66.41000000000001
2024-05-23 17:00:00,2.0799999999999987,79.78500000000003
2024-05-23 18:00:00,28.675000000000004,100.75
2024-05-23 19:00:00,44.68,120.31000000000002
2024-05-23 20:00:00,53.115,123.08500000000002
2024-05-23 21:00:00,47.654999999999994,110.75000000000003
2024-05-23 22:00:00,39.550000000000004,92.87
2024-05-23 23:00:00,29.025000000000002,85.75999999999999
2024-05-24 00:00:00,22.925000000000004,85.88499999999998
2024-05-24 01:00:00,17.265,80.35
2024-05-24 02:00:00,14.635,78.32500000000002
2024-05-24 03:00:00,12.084999999999999,74.39500000000001
2024-05-24 04:00:00,13.73,74.24499999999999
2024-05-24 05:00:00,17.619999999999997,76.13999999999999
2024-05-24 06:00:00,21.55,92.33999999999999
2024-05-24 07:00:00,27.645,114.87000000000003
2024-05-24 08:00:00,23.23,112.33999999999997
2024-05-24 09:00:00,6.189999999999994,92.22000000000001
2024-05-24 10:00:00,-0.44499999999999446,81.64
2024-05-24 11:00:00,-10.689999999999998,73.66499999999998
2024-05-24 12:00:00,-20.679999999999993,68.87
2024-05-24 13:00:00,-32.16,63.17499999999999
2024-05-24 14:00:00,-35.805000000000014,59.895
2024-05-24 15:00:00,-28.72,58.53500000000001
2024-05-24 16:00:00,-3.9999999999999916,66.41000000000001
2024-05-24 17:00:00,2.0799999999999987,79.78500000000003
2024-05-24 18:00:00,28.675000000000004,100.75
2024-05-24 19:00:00,44.68,120.31000000000002
2024-05-24 20:00:00,53.115,123.08500000000002
2024-05-24 21:00:00,47.654999999999994,110.75000000000003
2024-05-24 22:00:00,39.550000000000004,92.87
2024-05-24 23:00:00,29.025000000000002,85.75999999999999
2024-05-25 00:00:00,22.925000000000004,85.88499999999998
2024-05-25 01:00:00,17.265,80.35
2024-05-25 02:00:00,14.635,78.32500000000002
2024-05-25 03:00:00,12.084999999999999,74.39500000000001
2024-05-25 04:00:00,13.73,74.24499999999999
2024-05-25 05:00:00,17.619999999999997,76.13999999999999
2024-05-25 06:00:00,21.55,92.33999999999999
2024-05-25 07:00:00,27.645,114.87000000000003
2024-05-25 08:00:00,23.23,112.33999999999997
2024-05-25 09:00:00,6.189999999999994,92.22000000000001
2024-05-25 10:00:00,-0.44499999999999446,81.64
2024-05-25 11:00:00,-10.689999999999998,73.66499999999998
2024-05-25 12:00:00,-20.679999999999993,68.87
2024-05-25 13:00:00,-32.16,63.17499999999999
2024-05-25 14:00:00,-35.805000000000014,59.895
2024-05-25 15:00:00,-28.72,58.53500000000001
2024-05-25 16:00:00,-3.9999999999999916,66.41000000000001
2024-05-25 17:00:00,2.0799999999999987,79.78500000000003
2024-05-25 18:00:00,28.675000000000004,100.75
2024-05-25 19:00:00,44.68,120.31000000000002
2024-05-25 20:00:00,53.115,123.08500000000002
2024-05-25 21:00:00,47.654999999999994,110.75000000000003
2024-05-25 22:00:00,39.550000000000004,92.87
2024-05-25 23:00:00,29.025000000000002,85.75999999999999
2024-05-26 00:00:00,22.925000000000004,85.88499999999998
2024-05-26 01:00:00,17.265,80.35
2024-05-26 02:00:00,14.635,78.32500000000002
2024-05-26 03:00:00,12.084999999999999,74.39500000000001
2024-05-26 04:00:00,13.73,74.24499999999999
2024-05-26 05:00:00,17.619999999999997,76.13999999999999
2024-05-26 06:00:00,21.55,92.33999999999999
2024-05-26 07:00:00,27.645,114.87000000000003
2024-05-26 08:00:00,23.23,112.33999999999997
2024-05-26 09:00:00,6.189999999999994,92.22000000000001
2024-05-26 10:00:00,-0.44499999999999446,81.64
2024-05-26 11:00:00,-10.689999999999998,73.66499999999998
2024-05-26 12:00:00,-20.679999999999993,68.87
2024-05-26 13:00:00,-32.16,63.17499999999999
2024-05-26 14:00:00,-35.805000000000014,59.895
2024-05-26 15:00:00,-28.72,58.53500000000001
2024-05-26 16:00:00,-3.9999999999999916,66.41000000000001
2024-05-26 17:00:00,2.0799999999999987,79.78500000000003
2024-05-26 18:00:00,28.675000000000004,100.75
2024-05-26 19:00:00,44.68,120.31000000000002
2024-05-26 20:00:00,53.115,123.08500000000002
2024-05-26 21:00:00,47.654999999999994,110.75000000000003
2024-05-26 22:00:00,39.550000000000004,92.87
2024-05-26 23:00:00,29.025000000000002,85.75999999999999
2024-05-27 00:00:00,25.545,90.83500000000002
2024-05-27 01:00:00,18.035,82.30000000000001
2024-05-27 02:00:00,17.385,81.98000000000002
2024-05-27 03:00:00,14.620000000000001,80.85999999999999
2024-05-27 04:00:00,16.139999999999997,78.05
2024-05-27 05:00:00,19.435000000000002,80.37500000000003
2024-05-27 06:00:00,21.55,94.12499999999999
2024-05-27 07:00:00,27.67,115.30500000000004
2024-05-27 08:00:00,18.729999999999997,112.33999999999997
2024-05-27 09:00:00,5.119999999999997,93.39999999999999
2024-05-27 10:00:00,-0.44499999999999446,82.60999999999999
2024-05-27 11:00:00,-10.689999999999998,75.84999999999998
2024-05-27 12:00:00,-20.679999999999993,70.32000000000001
2024-05-27 13:00:00,-32.16,65.17000000000002
2024-05-27 14:00:00,-35.805000000000014,61.165
2024-05-27 15:00:00,-28.72,61.320000000000036
2024-05-27 16:00:00,-4.770000000000002,68.24
2024-05-27 17:00:00,2.0799999999999987,76.305
2024-05-27 18:00:00,28.675000000000004,99.99000000000001
2024-05-27 19:00:00,44.68,118.88000000000001
2024-05-27 20:00:00,54.21,123.08500000000002
2024-05-27 21:00:00,48.595,112.83499999999998
2024-05-27 22:00:00,41.29,98.02500000000002
2024-05-27 23:00:00,33.86,89.455
2024-05-28 00:00:00,25.545,90.83500000000002
2024-05-28 01:00:00,18.035,82.30000000000001
2024-05-28 02:00:00,17.385,81.98000000000002
2024-05-28 03:00:00,14.620000000000001,80.85999999999999
2024-05-28 04:00:00,16.139999999999997,78.05
2024-05-28 05:00:00,19.435000000000002,80.37500000000003
2024-05-28 06:00:00,21.55,94.12499999999999
2024-05-28 07:00:00,27.67,115.30500000000004
2024-05-28 08:00:00,18.729999999999997,112.33999999999997
2024-05-28 09:00:00,5.119999999999997,93.39999999999999
2024-05-28 10:00:00,-0.44499999999999446,82.60999999999999
2024-05-28 11:00:00,-10.689999999999998,75.84999999999998
2024-05-28 12:00:00,-20.679999999999993,70.32000000000001
2024-05-28 13:00:00,-32.16,65.17000000000002
2024-05-28 14:00:00,-35.805000000000014,61.165
2024-05-28 15:00:00,-28.72,61.320000000000036
2024-05-28 16:00:00,-4.770000000000002,68.24
2024-05-28 17:00:00,2.0799999999999987,76.305
2024-05-28 18:00:00,28.675000000000004,99.99000000000001
2024-05-28 19:00:00,44.68,118.88000000000001
2024-05-28 20:00:00,54.21,123.08500000000002
2024-05-28 21:00:00,48.595,112.83499999999998
2024-05-28 22:00:00,41.29,98.02500000000002
2024-05-28 23:00:00,33.86,89.455
2024-05-29 00:00:00,25.545,90.83500000000002
2024-05-29 01:00:00,18.035,82.30000000000001
2024-05-29 02:00:00,17.385,81.98000000000002
2024-05-29 03:00:00,14.620000000000001,80.85999999999999
2024-05-29 04:00:00,16.139999999999997,78.05
2024-05-29 05:00:00,19.435000000000002,80.37500000000003
2024-05-29 06:00:00,21.55,94.12499999999999
2024-05-29 07:00:00,27.67,115.30500000000004
2024-05-29 08:00:00,18.729999999999997,112.33999999999997
2024-05-29 09:00:00,5.119999999999997,93.39999999999999
2024-05-29 10:00:00,-0.44499999999999446,82.60999999999999
2024-05-29 11:00:00,-10.689999999999998,75.84999999999998
2024-05-29 12:00:00,-20.679999999999993,70.32000000000001
2024-05-29 13:00:00,-32.16,65.17000000000002
2024-05-29 14:00:00,-35.805000000000014,61.165
2024-05-29 15:00:00,-28.72,61.320000000000036
2024-05-29 16:00:00,-4.770000000000002,68.24
2024-05-29 17:00:00,2.0799999999999987,76.305
2024-05-29 18:00:00,28.675000000000004,99.99000000000001
2024-05-29 19:00:00,44.68,118.88000000000001
2024-05-29 20:00:00,54.21,123.08500000000002
2024-05-29 21:00:00,48.595,112.83499999999998
2024-05-29 22:00:00,41.29,98.02500000000002
2024-05-29 23:00:00,33.86,89.455
2024-05-30 00:00:00,25.545,90.83500000000002
2024-05-30 01:00:00,18.035,82.30000000000001
2024-05-30 02:00:00,17.385,81.98000000000002
2024-05-30 03:00:00,14.620000000000001,80.85999999999999
2024-05-30 04:00:00,16.139999999999997,78.05
2024-05-30 05:00:00,19.435000000000002,80.37500000000003
2024-05-30 06:00:00,21.55,94.12499999999999
2024-05-30 07:00:00,27.67,115.30500000000004
2024-05-30 08:00:00,18.729999999999997,112.33999999999997
2024-05-30 09:00:00,5.119999999999997,93.39999999999999
2024-05-30 10:00:00,-0.44499999999999446,82.60999999999999
2024-05-30 11:00:00,-10.689999999999998,75.84999999999998
2024-05-30 12:00:00,-20.679999999999993,70.32000000000001
2024-05-30 13:00:00,-32.16,65.17000000000002
2024-05-30 14:00:00,-35.805000000000014,61.165
2024-05-30 15:00:00,-28.72,61.320000000000036
2024-05-30 16:00:00,-4.770000000000002,68.24
2024-05-30 17:00:00,2.0799999999999987,76.305
2024-05-30 18:00:00,28.675000000000004,99.99000000000001
2024-05-30 19:00:00,44.68,118.88000000000001
2024-05-30 20:00:00,54.21,123.08500000000002
2024-05-30 21:00:00,48.595,112.83499999999998
2024-05-30 22:00:00,41.29,98.02500000000002
2024-05-30 23:00:00,33.86,89.455
2024-05-31 00:00:00,25.545,90.83500000000002
2024-05-31 01:00:00,18.035,82.30000000000001
2024-05-31 02:00:00,17.385,81.98000000000002
2024-05-31 03:00:00,14.620000000000001,80.85999999999999
2024-05-31 04:00:00,16.139999999999997,78.05
2024-05-31 05:00:00,19.435000000000002,80.37500000000003
2024-05-31 06:00:00,21.55,94.12499999999999
2024-05-31 07:00:00,27.67,115.30500000000004
2024-05-31 08:00:00,18.729999999999997,112.33999999999997
2024-05-31 09:00:00,5.119999999999997,93.39999999999999
2024-05-31 10:00:00,-0.44499999999999446,82.60999999999999
2024-05-31 11:00:00,-10.689999999999998,75.84999999999998
2024-05-31 12:00:00,-20.679999999999993,70.32000000000001
2024-05-31 13:00:00,-32.16,65.17000000000002
2024-05-31 14:00:00,-35.805000000000014,61.165
2024-05-31 15:00:00,-28.72,61.320000000000036
2024-05-31 16:00:00,-4.770000000000002,68.24
2024-05-31 17:00:00,2.0799999999999987,76.305
2024-05-31 18:00:00,28.675000000000004,99.99000000000001
2024-05-31 19:00:00,44.68,118.88000000000001
2024-05-31 20:00:00,54.21,123.08500000000002
2024-05-31 21:00:00,48.595,112.83499999999998
2024-05-31 22:00:00,41.29,98.02500000000002
2024-05-31 23:00:00,33.86,89.455
2024-06-01 00:00:00,25.545,90.83500000000002
2024-06-01 01:00:00,18.035,82.30000000000001
2024-06-01 02:00:00,17.385,81.98000000000002
2024-06-01 03:00:00,14.620000000000001,80.85999999999999
2024-06-01 04:00:00,16.139999999999997,78.05
2024-06-01 05:00:00,19.435000000000002,80.37500000000003
2024-06-01 06:00:00,21.55,94.12499999999999
2024-06-01 07:00:00,27.67,115.30500000000004
2024-06-01 08:00:00,18.729999999999997,112.33999999999997
2024-06-01 09:00:00,5.119999999999997,93.39999999999999
2024-06-01 10:00:00,-0.44499999999999446,82.60999999999999
2024-06-01 11:00:00,-10.689999999999998,75.84999999999998
2024-06-01 12:00:00,-20.679999999999993,70.32000000000001
2024-06-01 13:00:00,-32.16,65.17000000000002
2024-06-01 14:00:00,-35.805000000000014,61.165
2024-06-01 15:00:00,-28.72,61.320000000000036
2024-06-01 16:00:00,-4.770000000000002,68.24
2024-06-01 17:00:00,2.0799999999999987,76.305
2024-06-01 18:00:00,28.675000000000004,99.99000000000001
2024-06-01 19:00:00,44.68,118.88000000000001
2024-06-01 20:00:00,54.21,123.08500000000002
2024-06-01 21:00:00,48.595,112.83499999999998
2024-06-01 22:00:00,41.29,98.02500000000002
2024-06-01 23:00:00,33.86,89.455
2024-06-02 00:00:00,25.545,90.83500000000002
2024-06-02 01:00:00,18.035,82.30000000000001
2024-06-02 02:00:00,17.385,81.98000000000002
2024-06-02 03:00:00,14.620000000000001,80.85999999999999
2024-06-02 04:00:00,16.139999999999997,78.05
2024-06-02 05:00:00,19.435000000000002,80.37500000000003
2024-06-02 06:00:00,21.55,94.12499999999999
2024-06-02 07:00:00,27.67,115.30500000000004
2024-06-02 08:00:00,18.729999999999997,112.33999999999997
2024-06-02 09:00:00,5.119999999999997,93.39999999999999
2024-06-02 10:00:00,-0.44499999999999446,82.60999999999999
2024-06-02 11:00:00,-10.689999999999998,75.84999999999998
2024-06-02 12:00:00,-20.679999999999993,70.32000000000001
2024-06-02 13:00:00,-32.16,65.17000000000002
2024-06-02 14:00:00,-35.805000000000014,61.165
2024-06-02 15:00:00,-28.72,61.320000000000036
2024-06-02 16:00:00,-4.770000000000002,68.24
2024-06-02 17:00:00,2.0799999999999987,76.305
2024-06-02 18:00:00,28.675000000000004,99.99000000000001
2024-06-02 19:00:00,44.68,118.88000000000001
2024-06-02 20:00:00,54.21,123.08500000000002
2024-06-02 21:00:00,48.595,112.83499999999998
2024-06-02 22:00:00,41.29,98.02500000000002
2024-06-02 23:00:00,33.86,89.455
2024-06-03 00:00:00,29.83,90.83500000000002
2024-06-03 01:00:00,24.685000000000002,84.09499999999998
2024-06-03 02:00:00,20.07,81.98000000000002
2024-06-03 03:00:00,20.210000000000004,81.59000000000002
2024-06-03 04:00:00,19.495,79.845
2024-06-03 05:00:00,20.789999999999996,80.37500000000003
2024-06-03 06:00:00,27.630000000000003,94.12499999999999
2024-06-03 07:00:00,34.625,115.30500000000004
2024-06-03 08:00:00,23.23,112.33999999999997
2024-06-03 09:00:00,6.189999999999997,93.29000000000002
2024-06-03 10:00:00,-0.37500000000000216,81.64000000000003
2024-06-03 11:00:00,-10.185000000000006,73.66499999999998
2024-06-03 12:00:00,-20.679999999999993,70.32000000000001
2024-06-03 13:00:00,-28.729999999999993,65.17000000000002
2024-06-03 14:00:00,-35.805000000000014,61.165
2024-06-03 15:00:00,-32.190000000000005,62.08000000000002
2024-06-03 16:00:00,-6.875000000000003,68.24
2024-06-03 17:00:00,0.8899999999999988,77.67499999999998
2024-06-03 18:00:00,28.380000000000003,99.99000000000001
2024-06-03 19:00:00,50.269999999999996,120.31000000000002
2024-06-03 20:00:00,57.14499999999999,124.345
2024-06-03 21:00:00,54.14,114.08000000000003
2024-06-03 22:00:00,51.39999999999999,99.77
2024-06-03 23:00:00,45.370000000000005,90.49499999999998
2024-06-04 00:00:00,29.83,90.83500000000002
2024-06-04 01:00:00,24.685000000000002,84.09499999999998
2024-06-04 02:00:00,20.07,81.98000000000002
2024-06-04 03:00:00,20.210000000000004,81.59000000000002
2024-06-04 04:00:00,19.495,79.845
2024-06-04 05:00:00,20.789999999999996,80.37500000000003
2024-06-04 06:00:00,27.630000000000003,94.12499999999999
2024-06-04 07:00:00,34.625,115.30500000000004
2024-06-04 08:00:00,23.23,112.33999999999997
2024-06-04 09:00:00,6.189999999999997,93.29000000000002
2024-06-04 10:00:00,-0.37500000000000216,81.64000000000003
2024-06-04 11:00:00,-10.185000000000006,73.66499999999998
2024-06-04 12:00:00,-20.679999999999993,70.32000000000001
2024-06-04 13:00:00,-28.729999999999993,65.17000000000002
2024-06-04 14:00:00,-35.805000000000014,61.165
2024-06-04 15:00:00,-32.190000000000005,62.08000000000002
2024-06-04 16:00:00,-6.875000000000003,68.24
2024-06-04 17:00:00,0.8899999999999988,77.67499999999998
2024-06-04 18:00:00,28.380000000000003,99.99000000000001
2024-06-04 19:00:00,50.269999999999996,120.31000000000002
2024-06-04 20:00:00,57.14499999999999,124.345
2024-06-04 21:00:00,54.14,114.08000000000003
2024-06-04 22:00:00,51.39999999999999,99.77
2024-06-04 23:00:00,45.370000000000005,90.49499999999998
2024-06-05 00:00:00,29.83,90.83500000000002
2024-06-05 01:00:00,24.685000000000002,84.09499999999998
2024-06-05 02:00:00,20.07,81.98000000000002
2024-06-05 03:00:00,20.210000000000004,81.59000000000002
2024-06-05 04:00:00,19.495,79.845
2024-06-05 05:00:00,20.789999999999996,80.37500000000003
2024-06-05 06:00:00,27.630000000000003,94.12499999999999
2024-06-05 07:00:00,34.625,115.30500000000004
2024-06-05 08:00:00,23.23,112.33999999999997
2024-06-05 09:00:00,6.189999999999997,93.29000000000002
2024-06-05 10:00:00,-0.37500000000000216,81.64000000000003
2024-06-05 11:00:00,-10.185000000000006,73.66499999999998
2024-06-05 12:00:00,-20.679999999999993,70.32000000000001
2024-06-05 13:00:00,-28.729999999999993,65.17000000000002
2024-06-05 14:00:00,-35.805000000000014,61.165
2024-06-05 15:00:00,-32.190000000000005,62.08000000000002
2024-06-05 16:00:00,-6.875000000000003,68.24
2024-06-05 17:00:00,0.8899999999999988,77.67499999999998
2024-06-05 18:00:00,28.380000000000003,99.99000000000001
2024-06-05 19:00:00,50.269999999999996,120.31000000000002
2024-06-05 20:00:00,57.14499999999999,124.345
2024-06-05 21:00:00,54.14,114.08000000000003
2024-06-05 22:00:00,51.39999999999999,99.77
2024-06-05 23:00:00,45.370000000000005,90.49499999999998
2024-06-06 00:00:00,29.83,90.83500000000002
2024-06-06 01:00:00,24.685000000000002,84.09499999999998
2024-06-06 02:00:00,20.07,81.98000000000002
2024-06-06 03:00:00,20.210000000000004,81.59000000000002
2024-06-06 04:00:00,19.495,79.845
2024-06-06 05:00:00,20.789999999999996,80.37500000000003
2024-06-06 06:00:00,27.630000000000003,94.12499999999999
2024-06-06 07:00:00,34.625,115.30500000000004
2024-06-06 08:00:00,23.23,112.33999999999997
2024-06-06 09:00:00,6.189999999999997,93.29000000000002
2024-06-06 10:00:00,-0.37500000000000216,81.64000000000003
2024-06-06 11:00:00,-10.185000000000006,73.66499999999998
2024-06-06 12:00:00,-20.679999999999993,70.32000000000001
2024-06-06 13:00:00,-28.729999999999993,65.17000000000002
2024-06-06 14:00:00,-35.805000000000014,61.165
2024-06-06 15:00:00,-32.190000000000005,62.08000000000002
2024-06-06 16:00:00,-6.875000000000003,68.24
2024-06-06 17:00:00,0.8899999999999988,77.67499999999998
2024-06-06 18:00:00,28.380000000000003,99.99000000000001
2024-06-06 19:00:00,50.269999999999996,120.31000000000002
2024-06-06 20:00:00,57.14499999999999,124.345
2024-06-06 21:00:00,54.14,114.08000000000003
2024-06-06 22:00:00,51.39999999999999,99.77
2024-06-06 23:00:00,45.370000000000005,90.49499999999998
2024-06-07 00:00:00,29.83,90.83500000000002
2024-06-07 01:00:00,24.685000000000002,84.09499999999998
2024-06-07 02:00:00,20.07,81.98000000000002
2024-06-07 03:00:00,20.210000000000004,81.59000000000002
2024-06-07 04:00:00,19.495,79.845
2024-06-07 05:00:00,20.789999999999996,80.37500000000003
2024-06-07 06:00:00,27.630000000000003,94.12499999999999
2024-06-07 07:00:00,34.625,115.30500000000004
2024-06-07 08:00:00,23.23,112.33999999999997
2024-06-07 09:00:00,6.189999999999997,93.29000000000002
2024-06-07 10:00:00,-0.37500000000000216,81.64000000000003
2024-06-07 11:00:00,-10.185000000000006,73.66499999999998
2024-06-07 12:00:00,-20.679999999999993,70.32000000000001
2024-06-07 13:00:00,-28.729999999999993,65.17000000000002
2024-06-07 14:00:00,-35.805000000000014,61.165
2024-06-07 15:00:00,-32.190000000000005,62.08000000000002
2024-06-07 16:00:00,-6.875000000000003,68.24
2024-06-07 17:00:00,0.8899999999999988,77.67499999999998
2024-06-07 18:00:00,28.380000000000003,99.99000000000001
2024-06-07 19:00:00,50.269999999999996,120.31000000000002
2024-06-07 20:00:00,57.14499999999999,124.345
2024-06-07 21:00:00,54.14,114.08000000000003
2024-06-07 22:00:00,51.39999999999999,99.77
2024-06-07 23:00:00,45.370000000000005,90.49499999999998
2024-06-08 00:00:00,29.83,90.83500000000002
2024-06-08 01:00:00,24.685000000000002,84.09499999999998
2024-06-08 02:00:00,20.07,81.98000000000002
2024-06-08 03:00:00,20.210000000000004,81.59000000000002
2024-06-08 04:00:00,19.495,79.845
2024-06-08 05:00:00,20.789999999999996,80.37500000000003
2024-06-08 06:00:00,27.630000000000003,94.12499999999999
2024-06-08 07:00:00,34.625,115.30500000000004
2024-06-08 08:00:00,23.23,112.33999999999997
2024-06-08 09:00:00,6.189999999999997,93.29000000000002
2024-06-08 10:00:00,-0.37500000000000216,81.64000000000003
2024-06-08 11:00:00,-10.185000000000006,73.66499999999998
2024-06-08 12:00:00,-20.679999999999993,70.32000000000001
2024-06-08 13:00:00,-28.729999999999993,65.17000000000002
2024-06-08 14:00:00,-35.805000000000014,61.165
2024-06-08 15:00:00,-32.190000000000005,62.08000000000002
2024-06-08 16:00:00,-6.875000000000003,68.24
2024-06-08 17:00:00,0.8899999999999988,77.67499999999998
2024-06-08 18:00:00,28.380000000000003,99.99000000000001
2024-06-08 19:00:00,50.269999999999996,120.31000000000002
2024-06-08 20:00:00,57.14499999999999,124.345
2024-06-08 21:00:00,54.14,114.08000000000003
2024-06-08 22:00:00,51.39999999999999,99.77
2024-06-08 23:00:00,45.370000000000005,90.49499999999998
2024-06-09 00:00:00,29.83,90.83500000000002
2024-06-09 01:00:00,24.685000000000002,84.09499999999998
2024-06-09 02:00:00,20.07,81.98000000000002
2024-06-09 03:00:00,20.210000000000004,81.59000000000002
2024-06-09 04:00:00,19.495,79.845
2024-06-09 05:00:00,20.789999999999996,80.37500000000003
2024-06-09 06:00:00,27.630000000000003,94.12499999999999
2024-06-09 07:00:00,34.625,115.30500000000004
2024-06-09 08:00:00,23.23,112.33999999999997
2024-06-09 09:00:00,6.189999999999997,93.29000000000002
2024-06-09 10:00:00,-0.37500000000000216,81.64000000000003
2024-06-09 11:00:00,-10.185000000000006,73.66499999999998
2024-06-09 12:00:00,-20.679999999999993,70.32000000000001
2024-06-09 13:00:00,-28.729999999999993,65.17000000000002
2024-06-09 14:00:00,-35.805000000000014,61.165
2024-06-09 15:00:00,-32.190000000000005,62.08000000000002
2024-06-09 16:00:00,-6.875000000000003,68.24
2024-06-09 17:00:00,0.8899999999999988,77.67499999999998
2024-06-09 18:00:00,28.380000000000003,99.99000000000001
2024-06-09 19:00:00,50.269999999999996,120.31000000000002
2024-06-09 20:00:00,57.14499999999999,124.345
2024-06-09 21:00:00,54.14,114.08000000000003
2024-06-09 22:00:00,51.39999999999999,99.77
2024-06-09 23:00:00,45.370000000000005,90.49499999999998
2024-06-10 00:00:00,47.275,93.53
2024-06-10 01:00:00,36.34000000000001,86.43499999999999
2024-06-10 02:00:00,33.70500000000001,84.79500000000003
2024-06-10 03:00:00,26.705,82.11500000000002
2024-06-10 04:00:00,25.66999999999999,82.14499999999998
2024-06-10 05:00:00,22.51,82.05500000000002
2024-06-10 06:00:00,35.175,101.255
2024-06-10 07:00:00,36.150000000000006,124.68000000000002
2024-06-10 08:00:00,27.365,115.05999999999996
2024-06-10 09:00:00,6.189999999999997,97.72499999999998
2024-06-10 10:00:00,-0.9600000000000042,82.61
2024-06-10 11:00:00,-13.185000000000002,73.66499999999998
2024-06-10 12:00:00,-22.709999999999997,70.32000000000001
2024-06-10 13:00:00,-28.729999999999993,65.055
2024-06-10 14:00:00,-32.51500000000001,61.11000000000001
2024-06-10 15:00:00,-22.115000000000002,61.120000000000005
2024-06-10 16:00:00,-6.169999999999996,66.07000000000001
2024-06-10 17:00:00,1.8949999999999958,77.67499999999998
2024-06-10 18:00:00,30.34,98.50999999999998
2024-06-10 19:00:00,52.49,118.88000000000001
2024-06-10 20:00:00,63.565000000000005,137.365
2024-06-10 21:00:00,57.964999999999996,121.58499999999997
2024-06-10 22:00:00,55.21,109.34499999999998
2024-06-10 23:00:00,55.26,95.51500000000001
2024-06-11 00:00:00,47.275,93.53
2024-06-11 01:00:00,36.34000000000001,86.43499999999999
2024-06-11 02:00:00,33.70500000000001,84.79500000000003
2024-06-11 03:00:00,26.705,82.11500000000002
2024-06-11 04:00:00,25.66999999999999,82.14499999999998
2024-06-11 05:00:00,22.51,82.05500000000002
2024-06-11 06:00:00,35.175,101.255
2024-06-11 07:00:00,36.150000000000006,124.68000000000002
2024-06-11 08:00:00,27.365,115.05999999999996
2024-06-11 09:00:00,6.189999999999997,97.72499999999998
2024-06-11 10:00:00,-0.9600000000000042,82.61
2024-06-11 11:00:00,-13.185000000000002,73.66499999999998
2024-06-11 12:00:00,-22.709999999999997,70.32000000000001
2024-06-11 13:00:00,-28.729999999999993,65.055
2024-06-11 14:00:00,-32.51500000000001,61.11000000000001
2024-06-11 15:00:00,-22.115000000000002,61.120000000000005
2024-06-11 16:00:00,-6.169999999999996,66.07000000000001
2024-06-11 17:00:00,1.8949999999999958,77.67499999999998
2024-06-11 18:00:00,30.34,98.50999999999998
2024-06-11 19:00:00,52.49,118.88000000000001
2024-06-11 20:00:00,63.565000000000005,137.365
2024-06-11 21:00:00,57.964999999999996,121.58499999999997
2024-06-11 22:00:00,55.21,109.34499999999998
2024-06-11 23:00:00,55.26,95.51500000000001
2024-06-12 00:00:00,47.275,93.53
2024-06-12 01:00:00,36.34000000000001,86.43499999999999
2024-06-12 02:00:00,33.70500000000001,84.79500000000003
2024-06-12 03:00:00,26.705,82.11500000000002
2024-06-12 04:00:00,25.66999999999999,82.14499999999998
2024-06-12 05:00:00,22.51,82.05500000000002
2024-06-12 06:00:00,35.175,101.255
2024-06-12 07:00:00,36.150000000000006,124.68000000000002
2024-06-12 08:00:00,27.365,115.05999999999996
2024-06-12 09:00:00,6.189999999999997,97.72499999999998
2024-06-12 10:00:00,-0.9600000000000042,82.61
2024-06-12 11:00:00,-13.185000000000002,73.66499999999998
2024-06-12 12:00:00,-22.709999999999997,70.32000000000001
2024-06-12 13:00:00,-28.729999999999993,65.055
2024-06-12 14:00:00,-32.51500000000001,61.11000000000001
2024-06-12 15:00:00,-22.115000000000002,61.120000000000005
2024-06-12 16:00:00,-6.169999999999996,66.07000000000001
2024-06-12 17:00:00,1.8949999999999958,77.67499999999998
2024-06-12 18:00:00,30.34,98.50999999999998
2024-06-12 19:00:00,52.49,118.88000000000001
2024-06-12 20:00:00,63.565000000000005,137.365
2024-06-12 21:00:00,57.964999999999996,121.58499999999997
2024-06-12 22:00:00,55.21,109.34499999999998
2024-06-12 23:00:00,55.26,95.51500000000001
2024-06-13 00:00:00,47.275,93.53
2024-06-13 01:00:00,36.34000000000001,86.43499999999999
2024-06-13 02:00:00,33.70500000000001,84.79500000000003
2024-06-13 03:00:00,26.705,82.11500000000002
2024-06-13 04:00:00,25.66999999999999,82.14499999999998
2024-06-13 05:00:00,22.51,82.05500000000002
2024-06-13 06:00:00,35.175,101.255
2024-06-13 07:00:00,36.150000000000006,124.68000000000002
2024-06-13 08:00:00,27.365,115.05999999999996
2024-06-13 09:00:00,6.189999999999997,97.72499999999998
2024-06-13 10:00:00,-0.9600000000000042,82.61
2024-06-13 11:00:00,-13.185000000000002,73.66499999999998
2024-06-13 12:00:00,-22.709999999999997,70.32000000000001
2024-06-13 13:00:00,-28.729999999999993,65.055
2024-06-13 14:00:00,-32.51500000000001,61.11000000000001
2024-06-13 15:00:00,-22.115000000000002,61.120000000000005
2024-06-13 16:00:00,-6.169999999999996,66.07000000000001
2024-06-13 17:00:00,1.8949999999999958,77.67499999999998
2024-06-13 18:00:00,30.34,98.50999999999998
2024-06-13 19:00:00,52.49,118.88000000000001
2024-06-13 20:00:00,63.565000000000005,137.365
2024-06-13 21:00:00,57.964999999999996,121.58499999999997
2024-06-13 22:00:00,55.21,109.34499999999998
2024-06-13 23:00:00,55.26,95.51500000000001
2024-06-14 00:00:00,47.275,93.53
2024-06-14 01:00:00,36.34000000000001,86.43499999999999
2024-06-14 02:00:00,33.70500000000001,84.79500000000003
2024-06-14 03:00:00,26.705,82.11500000000002
2024-06-14 04:00:00,25.66999999999999,82.14499999999998
2024-06-14 05:00:00,22.51,82.05500000000002
2024-06-14 06:00:00,35.175,101.255
2024-06-14 07:00:00,36.150000000000006,124.68000000000002
2024-06-14 08:00:00,27.365,115.05999999999996
2024-06-14 09:00:00,6.189999999999997,97.72499999999998
2024-06-14 10:00:00,-0.9600000000000042,82.61
2024-06-14 11:00:00,-13.185000000000002,73.66499999999998
2024-06-14 12:00:00,-22.709999999999997,70.32000000000001
2024-06-14 13:00:00,-28.729999999999993,65.055
2024-06-14 14:00:00,-32.51500000000001,61.11000000000001
2024-06-14 15:00:00,-22.115000000000002,61.120000000000005
2024-06-14 16:00:00,-6.169999999999996,66.07000000000001
2024-06-14 17:00:00,1.8949999999999958,77.67499999999998
2024-06-14 18:00:00,30.34,98.50999999999998
2024-06-14 19:00:00,52.49,118.88000000000001
2024-06-14 20:00:00,63.565000000000005,137.365
2024-06-14 21:00:00,57.964999999999996,121.58499999999997
2024-06-14 22:00:00,55.21,109.34499999999998
2024-06-14 23:00:00,55.26,95.51500000000001
2024-06-15 00:00:00,47.275,93.53
2024-06-15 01:00:00,36.34000000000001,86.43499999999999
2024-06-15 02:00:00,33.70500000000001,84.79500000000003
2024-06-15 03:00:00,26.705,82.11500000000002
2024-06-15 04:00:00,25.66999999999999,82.14499999999998
2024-06-15 05:00:00,22.51,82.05500000000002
2024-06-15 06:00:00,35.175,101.255
2024-06-15 07:00:00,36.150000000000006,124.68000000000002
2024-06-15 08:00:00,27.365,115.05999999999996
2024-06-15 09:00:00,6.189999999999997,97.72499999999998
2024-06-15 10:00:00,-0.9600000000000042,82.61
2024-06-15 11:00:00,-13.185000000000002,73.66499999999998
2024-06-15 12:00:00,-22.709999999999997,70.32000000000001
2024-06-15 13:00:00,-28.729999999999993,65.055
2024-06-15 14:00:00,-32.51500000000001,61.11000000000001
2024-06-15 15:00:00,-22.115000000000002,61.120000000000005
2024-06-15 16:00:00,-6.169999999999996,66.07000000000001
2024-06-15 17:00:00,1.8949999999999958,77.67499999999998
2024-06-15 18:00:00,30.34,98.50999999999998
2024-06-15 19:00:00,52.49,118.88000000000001
2024-06-15 20:00:00,63.565000000000005,137.365
2024-06-15 21:00:00,57.964999999999996,121.58499999999997
2024-06-15 22:00:00,55.21,109.34499999999998
2024-06-15 23:00:00,55.26,95.51500000000001
2024-06-16 00:00:00,47.275,93.53
2024-06-16 01:00:00,36.34000000000001,86.43499999999999
2024-06-16 02:00:00,33.70500000000001,84.79500000000003
2024-06-16 03:00:00,26.705,82.11500000000002
2024-06-16 04:00:00,25.66999999999999,82.14499999999998
2024-06-16 05:00:00,22.51,82.05500000000002
2024-06-16 06:00:00,35.175,101.255
2024-06-16 07:00:00,36.150000000000006,124.68000000000002
2024-06-16 08:00:00,27.365,115.05999999999996
2024-06-16 09:00:00,6.189999999999997,97.72499999999998
2024-06-16 10:00:00,-0.9600000000000042,82.61
2024-06-16 11:00:00,-13.185000000000002,73.66499999999998
2024-06-16 12:00:00,-22.709999999999997,70.32000000000001
2024-06-16 13:00:00,-28.729999999999993,65.055
2024-06-16 14:00:00,-32.51500000000001,61.11000000000001
2024-06-16 15:00:00,-22.115000000000002,61.120000000000005
2024-06-16 16:00:00,-6.169999999999996,66.07000000000001
2024-06-16 17:00:00,1.8949999999999958,77.67499999999998
2024-06-16 18:00:00,30.34,98.50999999999998
2024-06-16 19:00:00,52.49,118.88000000000001
2024-06-16 20:00:00,63.565000000000005,137.365
2024-06-16 21:00:00,57.964999999999996,121.58499999999997
2024-06-16 22:00:00,55.21,109.34499999999998
2024-06-16 23:00:00,55.26,95.51500000000001
2024-06-17 00:00:00,52.230000000000004,94.90499999999997
2024-06-17 01:00:00,44.510000000000005,88.13499999999998
2024-06-17 02:00:00,33.70500000000001,83.10000000000002
2024-06-17 03:00:00,26.705,81.59000000000002
2024-06-17 04:00:00,21.505000000000003,79.845
2024-06-17 05:00:00,20.789999999999992,81.85000000000001
2024-06-17 06:00:00,24.865,98.08499999999997
2024-06-17 07:00:00,19.470000000000002,118.37000000000003
2024-06-17 08:00:00,7.800000000000002,112.33999999999997
2024-06-17 09:00:00,-2.7627899967797022e-15,95.76
2024-06-17 10:00:00,-2.3200000000000003,82.61
2024-06-17 11:00:00,-14.565000000000003,75.38499999999996
2024-06-17 12:00:00,-25.255,69.30499999999998
2024-06-17 13:00:00,-32.165,60.43999999999997
2024-06-17 14:00:00,-38.285000000000004,55.704999999999984
2024-06-17 15:00:00,-28.84,59.68999999999999
2024-06-17 16:00:00,-8.679999999999996,65.36500000000001
2024-06-17 17:00:00,0.0949999999999999,77.67499999999998
2024-06-17 18:00:00,27.605,95.49499999999999
2024-06-17 19:00:00,53.65,115.155
2024-06-17 20:00:00,65.08,134.095
2024-06-17 21:00:00,62.65,123.19499999999996
2024-06-17 22:00:00,64.48500000000001,109.84499999999998
2024-06-17 23:00:00,59.63,96.40499999999999
2024-06-18 00:00:00,52.230000000000004,94.90499999999997
2024-06-18 01:00:00,44.510000000000005,88.13499999999998
2024-06-18 02:00:00,33.70500000000001,83.10000000000002
2024-06-18 03:00:00,26.705,81.59000000000002
2024-06-18 04:00:00,21.505000000000003,79.845
2024-06-18 05:00:00,20.789999999999992,81.85000000000001
2024-06-18 06:00:00,24.865,98.08499999999997
2024-06-18 07:00:00,19.470000000000002,118.37000000000003
2024-06-18 08:00:00,7.800000000000002,112.33999999999997
2024-06-18 09:00:00,-2.7627899967797022e-15,95.76
2024-06-18 10:00:00,-2.3200000000000003,82.61
2024-06-18 11:00:00,-14.565000000000003,75.38499999999996
2024-06-18 12:00:00,-25.255,69.30499999999998
2024-06-18 13:00:00,-32.165,60.43999999999997
2024-06-18 14:00:00,-38.285000000000004,55.704999999999984
2024-06-18 15:00:00,-28.84,59.68999999999999
2024-06-18 16:00:00,-8.679999999999996,65.36500000000001
2024-06-18 17:00:00,0.0949999999999999,77.67499999999998
2024-06-18 18:00:00,27.605,95.49499999999999
2024-06-18 19:00:00,53.65,115.155
2024-06-18 20:00:00,65.08,134.095
2024-06-18 21:00:00,62.65,123.19499999999996
2024-06-18 22:00:00,64.48500000000001,109.84499999999998
2024-06-18 23:00:00,59.63,96.40499999999999
2024-06-19 00:00:00,52.230000000000004,94.90499999999997
2024-06-19 01:00:00,44.510000000000005,88.13499999999998
2024-06-19 02:00:00,33.70500000000001,83.10000000000002
2024-06-19 03:00:00,26.705,81.59000000000002
2024-06-19 04:00:00,21.505000000000003,79.845
2024-06-19 05:00:00,20.789999999999992,81.85000000000001
2024-06-19 06:00:00,24.865,98.08499999999997
2024-06-19 07:00:00,19.470000000000002,118.37000000000003
2024-06-19 08:00:00,7.800000000000002,112.33999999999997
2024-06-19 09:00:00,-2.7627899967797022e-15,95.76
2024-06-19 10:00:00,-2.3200000000000003,82.61
2024-06-19 11:00:00,-14.565000000000003,75.38499999999996
2024-06-19 12:00:00,-25.255,69.30499999999998
2024-06-19 13:00:00,-32.165,60.43999999999997
2024-06-19 14:00:00,-38.285000000000004,55.704999999999984
2024-06-19 15:00:00,-28.84,59.68999999999999
2024-06-19 16:00:00,-8.679999999999996,65.36500000000001
2024-06-19 17:00:00,0.0949999999999999,77.67499999999998
2024-06-19 18:00:00,27.605,95.49499999999999
2024-06-19 19:00:00,53.65,115.155
2024-06-19 20:00:00,65.08,134.095
2024-06-19 21:00:00,62.65,123.19499999999996
2024-06-19 22:00:00,64.48500000000001,109.84499999999998
2024-06-19 23:00:00,59.63,96.40499999999999
2024-06-20 00:00:00,52.230000000000004,94.90499999999997
2024-06-20 01:00:00,44.510000000000005,88.13499999999998
2024-06-20 02:00:00,33.70500000000001,83.10000000000002
2024-06-20 03:00:00,26.705,81.59000000000002
2024-06-20 04:00:00,21.505000000000003,79.845
2024-06-20 05:00:00,20.789999999999992,81.85000000000001
2024-06-20 06:00:00,24.865,98.08499999999997
2024-06-20 07:00:00,19.470000000000002,118.37000000000003
2024-06-20 08:00:00,7.800000000000002,112.33999999999997
2024-06-20 09:00:00,-2.7627899967797022e-15,95.76
2024-06-20 10:00:00,-2.3200000000000003,82.61
2024-06-20 11:00:00,-14.565000000000003,75.38499999999996
2024-06-20 12:00:00,-25.255,69.30499999999998
2024-06-20 13:00:00,-32.165,60.43999999999997
2024-06-20 14:00:00,-38.285000000000004,55.704999999999984
2024-06-20 15:00:00,-28.84,59.68999999999999
2024-06-20 16:00:00,-8.679999999999996,65.36500000000001
2024-06-20 17:00:00,0.0949999999999999,77.67499999999998
2024-06-20 18:00:00,27.605,95.49499999999999
2024-06-20 19:00:00,53.65,115.155
2024-06-20 20:00:00,65.08,134.095
2024-06-20 21:00:00,62.65,123.19499999999996
2024-06-20 22:00:00,64.48500000000001,109.84499999999998
2024-06-20 23:00:00,59.63,96.40499999999999
2024-06-21 00:00:00,52.230000000000004,94.90499999999997
2024-06-21 01:00:00,44.510000000000005,88.13499999999998
2024-06-21 02:00:00,33.70500000000001,83.10000000000002
2024-06-21 03:00:00,26.705,81.59000000000002
2024-06-21 04:00:00,21.505000000000003,79.845
2024-06-21 05:00:00,20.789999999999992,81.85000000000001
2024-06-21 06:00:00,24.865,98.08499999999997
2024-06-21 07:00:00,19.470000000000002,118.37000000000003
2024-06-21 08:00:00,7.800000000000002,112.33999999999997
2024-06-21 09:00:00,-2.7627899967797022e-15,95.76
2024-06-21 10:00:00,-2.3200000000000003,82.61
2024-06-21 11:00:00,-14.565000000000003,75.38499999999996
2024-06-21 12:00:00,-25.255,69.30499999999998
2024-06-21 13:00:00,-32.165,60.43999999999997
2024-06-21 14:00:00,-38.285000000000004,55.704999999999984
2024-06-21 15:00:00,-28.84,59.68999999999999
2024-06-21 16:00:00,-8.679999999999996,65.36500000000001
2024-06-21 17:00:00,0.0949999999999999,77.67499999999998
2024-06-21 18:00:00,27.605,95.49499999999999
2024-06-21 19:00:00,53.65,115.155
2024-06-21 20:00:00,65.08,134.095
2024-06-21 21:00:00,62.65,123.19499999999996
2024-06-21 22:00:00,64.48500000000001,109.84499999999998
2024-06-21 23:00:00,59.63,96.40499999999999
2024-06-22 00:00:00,52.230000000000004,94.90499999999997
2024-06-22 01:00:00,44.510000000000005,88.13499999999998
2024-06-22 02:00:00,33.70500000000001,83.10000000000002
2024-06-22 03:00:00,26.705,81.59000000000002
2024-06-22 04:00:00,21.505000000000003,79.845
2024-06-22 05:00:00,20.789999999999992,81.85000000000001
2024-06-22 06:00:00,24.865,98.08499999999997
2024-06-22 07:00:00,19.470000000000002,118.37000000000003
2024-06-22 08:00:00,7.800000000000002,112.33999999999997
2024-06-22 09:00:00,-2.7627899967797022e-15,95.76
2024-06-22 10:00:00,-2.3200000000000003,82.61
2024-06-22 11:00:00,-14.565000000000003,75.38499999999996
2024-06-22 12:00:00,-25.255,69.30499999999998
2024-06-22 13:00:00,-32.165,60.43999999999997
2024-06-22 14:00:00,-38.285000000000004,55.704999999999984
2024-06-22 15:00:00,-28.84,59.68999999999999
2024-06-22 16:00:00,-8.679999999999996,65.36500000000001
2024-06-22 17:00:00,0.0949999999999999,77.67499999999998
2024-06-22 18:00:00,27.605,95.49499999999999
2024-06-22 19:00:00,53.65,115.155
2024-06-22 20:00:00,65.08,134.095
2024-06-22 21:00:00,62.65,123.19499999999996
2024-06-22 22:00:00,64.48500000000001,109.84499999999998
2024-06-22 23:00:00,59.63,96.40499999999999
2024-06-23 00:00:00,52.230000000000004,94.90499999999997
2024-06-23 01:00:00,44.510000000000005,88.13499999999998
2024-06-23 02:00:00,33.70500000000001,83.10000000000002
2024-06-23 03:00:00,26.705,81.59000000000002
2024-06-23 04:00:00,21.505000000000003,79.845
2024-06-23 05:00:00,20.789999999999992,81.85000000000001
2024-06-23 06:00:00,24.865,98.08499999999997
2024-06-23 07:00:00,19.470000000000002,118.37000000000003
2024-06-23 08:00:00,7.800000000000002,112.33999999999997
2024-06-23 09:00:00,-2.7627899967797022e-15,95.76
2024-06-23 10:00:00,-2.3200000000000003,82.61
2024-06-23 11:00:00,-14.565000000000003,75.38499999999996
2024-06-23 12:00:00,-25.255,69.30499999999998
2024-06-23 13:00:00,-32.165,60.43999999999997
2024-06-23 14:00:00,-38.285000000000004,55.704999999999984
2024-06-23 15:00:00,-28.84,59.68999999999999
2024-06-23 16:00:00,-8.679999999999996,65.36500000000001
2024-06-23 17:00:00,0.0949999999999999,77.67499999999998
2024-06-23 18:00:00,27.605,95.49499999999999
2024-06-23 19:00:00,53.65,115.155
2024-06-23 20:00:00,65.08,134.095
2024-06-23 21:00:00,62.65,123.19499999999996
2024-06-23 22:00:00,64.48500000000001,109.84499999999998
2024-06-23 23:00:00,59.63,96.40499999999999
2024-06-24 00:00:00,52.230000000000004,99.515
2024-06-24 01:00:00,45.96,89.79
2024-06-24 02:00:00,33.70500000000001,87.10000000000002
2024-06-24 03:00:00,27.25,81.59000000000002
2024-06-24 04:00:00,26.055000000000003,83.41
2024-06-24 05:00:00,22.509999999999998,83.90999999999998
2024-06-24 06:00:00,37.815,100.035
2024-06-24 07:00:00,35.675,113.685
2024-06-24 08:00:00,14.989999999999998,112.33999999999997
2024-06-24 09:00:00,2.129999999999998,93.11000000000004
2024-06-24 10:00:00,-1.280000000000002,83.25
2024-06-24 11:00:00,-11.960000000000006,74.745
2024-06-24 12:00:00,-22.709999999999997,65.52500000000003
2024-06-24 13:00:00,-30.005000000000003,58.26499999999997
2024-06-24 14:00:00,-35.82000000000001,55.84000000000002
2024-06-24 15:00:00,-26.534999999999997,59.68999999999999
2024-06-24 16:00:00,-7.314999999999993,65.36500000000001
2024-06-24 17:00:00,0.6199999999999951,77.77500000000002
2024-06-24 18:00:00,31.974999999999998,99.65499999999999
2024-06-24 19:00:00,53.65,121.4
2024-06-24 20:00:00,65.08,140.71000000000004
2024-06-24 21:00:00,62.65,125.405
2024-06-24 22:00:00,64.48500000000001,113.97500000000001
2024-06-24 23:00:00,59.63,97.72000000000003
2024-06-25 00:00:00,52.230000000000004,99.515
2024-06-25 01:00:00,45.96,89.79
2024-06-25 02:00:00,33.70500000000001,87.10000000000002
2024-06-25 03:00:00,27.25,81.59000000000002
2024-06-25 04:00:00,26.055000000000003,83.41
2024-06-25 05:00:00,22.509999999999998,83.90999999999998
2024-06-25 06:00:00,37.815,100.035
2024-06-25 07:00:00,35.675,113.685
2024-06-25 08:00:00,14.989999999999998,112.33999999999997
2024-06-25 09:00:00,2.129999999999998,93.11000000000004
2024-06-25 10:00:00,-1.280000000000002,83.25
2024-06-25 11:00:00,-11.960000000000006,74.745
2024-06-25 12:00:00,-22.709999999999997,65.52500000000003
2024-06-25 13:00:00,-30.005000000000003,58.26499999999997
2024-06-25 14:00:00,-35.82000000000001,55.84000000000002
2024-06-25 15:00:00,-26.534999999999997,59.68999999999999
2024-06-25 16:00:00,-7.314999999999993,65.36500000000001
2024-06-25 17:00:00,0.6199999999999951,77.77500000000002
2024-06-25 18:00:00,31.974999999999998,99.65499999999999
2024-06-25 19:00:00,53.65,121.4
2024-06-25 20:00:00,65.08,140.71000000000004
2024-06-25 21:00:00,62.65,125.405
2024-06-25 22:00:00,64.48500000000001,113.97500000000001
2024-06-25 23:00:00,59.63,97.72000000000003
2024-06-26 00:00:00,52.230000000000004,99.515
2024-06-26 01:00:00,45.96,89.79
2024-06-26 02:00:00,33.70500000000001,87.10000000000002
2024-06-26 03:00:00,27.25,81.59000000000002
2024-06-26 04:00:00,26.055000000000003,83.41
2024-06-26 05:00:00,22.509999999999998,83.90999999999998
2024-06-26 06:00:00,37.815,100.035
2024-06-26 07:00:00,35.675,113.685
2024-06-26 08:00:00,14.989999999999998,112.33999999999997
2024-06-26 09:00:00,2.129999999999998,93.11000000000004
2024-06-26 10:00:00,-1.280000000000002,83.25
2024-06-26 11:00:00,-11.960000000000006,74.745
2024-06-26 12:00:00,-22.709999999999997,65.52500000000003
2024-06-26 13:00:00,-30.005000000000003,58.26499999999997
2024-06-26 14:00:00,-35.82000000000001,55.84000000000002
2024-06-26 15:00:00,-26.534999999999997,59.68999999999999
2024-06-26 16:00:00,-7.314999999999993,65.36500000000001
2024-06-26 17:00:00,0.6199999999999951,77.77500000000002
2024-06-26 18:00:00,31.974999999999998,99.65499999999999
2024-06-26 19:00:00,53.65,121.4
2024-06-26 20:00:00,65.08,140.71000000000004
2024-06-26 21:00:00,62.65,125.405
2024-06-26 22:00:00,64.48500000000001,113.97500000000001
2024-06-26 23:00:00,59.63,97.72000000000003
2024-06-27 00:00:00,52.230000000000004,99.515
2024-06-27 01:00:00,45.96,89.79
2024-06-27 02:00:00,33.70500000000001,87.10000000000002
2024-06-27 03:00:00,27.25,81.59000000000002
2024-06-27 04:00:00,26.055000000000003,83.41
2024-06-27 05:00:00,22.509999999999998,83.90999999999998
2024-06-27 06:00:00,37.815,100.035
2024-06-27 07:00:00,35.675,113.685
2024-06-27 08:00:00,14.989999999999998,112.33999999999997
2024-06-27 09:00:00,2.129999999999998,93.11000000000004
2024-06-27 10:00:00,-1.280000000000002,83.25
2024-06-27 11:00:00,-11.960000000000006,74.745
2024-06-27 12:00:00,-22.709999999999997,65.52500000000003
2024-06-27 13:00:00,-30.005000000000003,58.26499999999997
2024-06-27 14:00:00,-35.82000000000001,55.84000000000002
2024-06-27 15:00:00,-26.534999999999997,59.68999999999999
2024-06-27 16:00:00,-7.314999999999993,65.36500000000001
2024-06-27 17:00:00,0.6199999999999951,77.77500000000002
2024-06-27 18:00:00,31.974999999999998,99.65499999999999
2024-06-27 19:00:00,53.65,121.4
2024-06-27 20:00:00,65.08,140.71000000000004
2024-06-27 21:00:00,62.65,125.405
2024-06-27 22:00:00,64.48500000000001,113.97500000000001
2024-06-27 23:00:00,59.63,97.72000000000003
2024-06-28 00:00:00,52.230000000000004,99.515
2024-06-28 01:00:00,45.96,89.79
2024-06-28 02:00:00,33.70500000000001,87.10000000000002
2024-06-28 03:00:00,27.25,81.59000000000002
2024-06-28 04:00:00,26.055000000000003,83.41
2024-06-28 05:00:00,22.509999999999998,83.90999999999998
2024-06-28 06:00:00,37.815,100.035
2024-06-28 07:00:00,35.675,113.685
2024-06-28 08:00:00,14.989999999999998,112.33999999999997
2024-06-28 09:00:00,2.129999999999998,93.11000000000004
2024-06-28 10:00:00,-1.280000000000002,83.25
2024-06-28 11:00:00,-11.960000000000006,74.745
2024-06-28 12:00:00,-22.709999999999997,65.52500000000003
2024-06-28 13:00:00,-30.005000000000003,58.26499999999997
2024-06-28 14:00:00,-35.82000000000001,55.84000000000002
2024-06-28 15:00:00,-26.534999999999997,59.68999999999999
2024-06-28 16:00:00,-7.314999999999993,65.36500000000001
2024-06-28 17:00:00,0.6199999999999951,77.77500000000002
2024-06-28 18:00:00,31.974999999999998,99.65499999999999
2024-06-28 19:00:00,53.65,121.4
2024-06-28 20:00:00,65.08,140.71000000000004
2024-06-28 21:00:00,62.65,125.405
2024-06-28 22:00:00,64.48500000000001,113.97500000000001
2024-06-28 23:00:00,59.63,97.72000000000003
2024-06-29 00:00:00,52.230000000000004,99.515
2024-06-29 01:00:00,45.96,89.79
2024-06-29 02:00:00,33.70500000000001,87.10000000000002
2024-06-29 03:00:00,27.25,81.59000000000002
2024-06-29 04:00:00,26.055000000000003,83.41
2024-06-29 05:00:00,22.509999999999998,83.90999999999998
2024-06-29 06:00:00,37.815,100.035
2024-06-29 07:00:00,35.675,113.685
2024-06-29 08:00:00,14.989999999999998,112.33999999999997
2024-06-29 09:00:00,2.129999999999998,93.11000000000004
2024-06-29 10:00:00,-1.280000000000002,83.25
2024-06-29 11:00:00,-11.960000000000006,74.745
2024-06-29 12:00:00,-22.709999999999997,65.52500000000003
2024-06-29 13:00:00,-30.005000000000003,58.26499999999997
2024-06-29 14:00:00,-35.82000000000001,55.84000000000002
2024-06-29 15:00:00,-26.534999999999997,59.68999999999999
2024-06-29 16:00:00,-7.314999999999993,65.36500000000001
2024-06-29 17:00:00,0.6199999999999951,77.77500000000002
2024-06-29 18:00:00,31.974999999999998,99.65499999999999
2024-06-29 19:00:00,53.65,121.4
2024-06-29 20:00:00,65.08,140.71000000000004
2024-06-29 21:00:00,62.65,125.405
2024-06-29 22:00:00,64.48500000000001,113.97500000000001
2024-06-29 23:00:00,59.63,97.72000000000003
2024-06-30 00:00:00,52.230000000000004,99.515
2024-06-30 01:00:00,45.96,89.79
2024-06-30 02:00:00,33.70500000000001,87.10000000000002
2024-06-30 03:00:00,27.25,81.59000000000002
2024-06-30 04:00:00,26.055000000000003,83.41
2024-06-30 05:00:00,22.509999999999998,83.90999999999998
2024-06-30 06:00:00,37.815,100.035
2024-06-30 07:00:00,35.675,113.685
2024-06-30 08:00:00,14.989999999999998,112.33999999999997
2024-06-30 09:00:00,2.129999999999998,93.11000000000004
2024-06-30 10:00:00,-1.280000000000002,83.25
2024-06-30 11:00:00,-11.960000000000006,74.745
2024-06-30 12:00:00,-22.709999999999997,65.52500000000003
2024-06-30 13:00:00,-30.005000000000003,58.26499999999997
2024-06-30 14:00:00,-35.82000000000001,55.84000000000002
2024-06-30 15:00:00,-26.534999999999997,59.68999999999999
2024-06-30 16:00:00,-7.314999999999993,65.36500000000001
2024-06-30 17:00:00,0.6199999999999951,77.77500000000002
2024-06-30 18:00:00,31.974999999999998,99.65499999999999
2024-06-30 19:00:00,53.65,121.4
2024-06-30 20:00:00,65.08,140.71000000000004
2024-06-30 21:00:00,62.65,125.405
2024-06-30 22:00:00,64.48500000000001,113.97500000000001
2024-06-30 23:00:00,59.63,97.72000000000003
2024-07-01 00:00:00,54.16,100.57000000000002
2024-07-01 01:00:00,45.96,90.135
2024-07-01 02:00:00,34.5,88.145
2024-07-01 03:00:00,30.960000000000004,83.61
2024-07-01 04:00:00,28.520000000000003,84.99999999999997
2024-07-01 05:00:00,23.934999999999995,86.24000000000001
2024-07-01 06:00:00,29.345,104.25500000000001
2024-07-01 07:00:00,24.08,120.72500000000002
2024-07-01 08:00:00,10.040000000000003,117.58500000000001
2024-07-01 09:00:00,0.4199999999999921,96.88000000000001
2024-07-01 10:00:00,-2.3200000000000003,84.37499999999999
2024-07-01 11:00:00,-10.255,78.25000000000003
2024-07-01 12:00:00,-20.185000000000002,66.985
2024-07-01 13:00:00,-28.729999999999993,60.43999999999997
2024-07-01 14:00:00,-32.37499999999999,59.975
2024-07-01 15:00:00,-22.115000000000002,64.35499999999999
2024-07-01 16:00:00,-6.169999999999996,67.82999999999997
2024-07-01 17:00:00,1.8949999999999958,80.40000000000005
2024-07-01 18:00:00,36.51,100.345
2024-07-01 19:00:00,53.65,124.475
2024-07-01 20:00:00,69.495,141.04000000000002
2024-07-01 21:00:00,65.775,130.65
2024-07-01 22:00:00,67.71,118.02000000000001
2024-07-01 23:00:00,61.300000000000004,99.70999999999998
2024-07-02 00:00:00,54.16,100.57000000000002
2024-07-02 01:00:00,45.96,90.135
2024-07-02 02:00:00,34.5,88.145
2024-07-02 03:00:00,30.960000000000004,83.61
2024-07-02 04:00:00,28.520000000000003,84.99999999999997
2024-07-02 05:00:00,23.934999999999995,86.24000000000001
2024-07-02 06:00:00,29.345,104.25500000000001
2024-07-02 07:00:00,24.08,120.72500000000002
2024-07-02 08:00:00,10.040000000000003,117.58500000000001
2024-07-02 09:00:00,0.4199999999999921,96.88000000000001
2024-07-02 10:00:00,-2.3200000000000003,84.37499999999999
2024-07-02 11:00:00,-10.255,78.25000000000003
2024-07-02 12:00:00,-20.185000000000002,66.985
2024-07-02 13:00:00,-28.729999999999993,60.43999999999997
2024-07-02 14:00:00,-32.37499999999999,59.975
2024-07-02 15:00:00,-22.115000000000002,64.35499999999999
2024-07-02 16:00:00,-6.169999999999996,67.82999999999997
2024-07-02 17:00:00,1.8949999999999958,80.40000000000005
2024-07-02 18:00:00,36.51,100.345
2024-07-02 19:00:00,53.65,124.475
2024-07-02 20:00:00,69.495,141.04000000000002
2024-07-02 21:00:00,65.775,130.65
2024-07-02 22:00:00,67.71,118.02000000000001
2024-07-02 23:00:00,61.300000000000004,99.70999999999998
2024-07-03 00:00:00,54.16,100.57000000000002
2024-07-03 01:00:00,45.96,90.135
2024-07-03 02:00:00,34.5,88.145
2024-07-03 03:00:00,30.960000000000004,83.61
2024-07-03 04:00:00,28.520000000000003,84.99999999999997
2024-07-03 05:00:00,23.934999999999995,86.24000000000001
2024-07-03 06:00:00,29.345,104.25500000000001
2024-07-03 07:00:00,24.08,120.72500000000002
2024-07-03 08:00:00,10.040000000000003,117.58500000000001
2024-07-03 09:00:00,0.4199999999999921,96.88000000000001
2024-07-03 10:00:00,-2.3200000000000003,84.37499999999999
2024-07-03 11:00:00,-10.255,78.25000000000003
2024-07-03 12:00:00,-20.185000000000002,66.985
2024-07-03 13:00:00,-28.729999999999993,60.43999999999997
2024-07-03 14:00:00,-32.37499999999999,59.975
2024-07-03 15:00:00,-22.115000000000002,64.35499999999999
2024-07-03 16:00:00,-6.169999999999996,67.82999999999997
2024-07-03 17:00:00,1.8949999999999958,80.40000000000005
2024-07-03 18:00:00,36.51,100.345
2024-07-03 19:00:00,53.65,124.475
2024-07-03 20:00:00,69.495,141.04000000000002
2024-07-03 21:00:00,65.775,130.65
2024-07-03 22:00:00,67.71,118.02000000000001
2024-07-03 23:00:00,61.300000000000004,99.70999999999998
2024-07-04 00:00:00,54.16,100.57000000000002
2024-07-04 01:00:00,45.96,90.135
2024-07-04 02:00:00,34.5,88.145
2024-07-04 03:00:00,30.960000000000004,83.61
2024-07-04 04:00:00,28.520000000000003,84.99999999999997
2024-07-04 05:00:00,23.934999999999995,86.24000000000001
2024-07-04 06:00:00,29.345,104.25500000000001
2024-07-04 07:00:00,24.08,120.72500000000002
2024-07-04 08:00:00,10.040000000000003,117.58500000000001
2024-07-04 09:00:00,0.4199999999999921,96.88000000000001
2024-07-04 10:00:00,-2.3200000000000003,84.37499999999999
2024-07-04 11:00:00,-10.255,78.25000000000003
2024-07-04 12:00:00,-20.185000000000002,66.985
2024-07-04 13:00:00,-28.729999999999993,60.43999999999997
2024-07-04 14:00:00,-32.37499999999999,59.975
2024-07-04 15:00:00,-22.115000000000002,64.35499999999999
2024-07-04 16:00:00,-6.169999999999996,67.82999999999997
2024-07-04 17:00:00,1.8949999999999958,80.40000000000005
2024-07-04 18:00:00,36.51,100.345
2024-07-04 19:00:00,53.65,124.475
2024-07-04 20:00:00,69.495,141.04000000000002
2024-07-04 21:00:00,65.775,130.65
2024-07-04 22:00:00,67.71,118.02000000000001
2024-07-04 23:00:00,61.300000000000004,99.70999999999998
2024-07-05 00:00:00,54.16,100.57000000000002
2024-07-05 01:00:00,45.96,90.135
2024-07-05 02:00:00,34.5,88.145
2024-07-05 03:00:00,30.960000000000004,83.61
2024-07-05 04:00:00,28.520000000000003,84.99999999999997
2024-07-05 05:00:00,23.934999999999995,86.24000000000001
2024-07-05 06:00:00,29.345,104.25500000000001
2024-07-05 07:00:00,24.08,120.72500000000002
2024-07-05 08:00:00,10.040000000000003,117.58500000000001
2024-07-05 09:00:00,0.4199999999999921,96.88000000000001
2024-07-05 10:00:00,-2.3200000000000003,84.37499999999999
2024-07-05 11:00:00,-10.255,78.25000000000003
2024-07-05 12:00:00,-20.185000000000002,66.985
2024-07-05 13:00:00,-28.729999999999993,60.43999999999997
2024-07-05 14:00:00,-32.37499999999999,59.975
2024-07-05 15:00:00,-22.115000000000002,64.35499999999999
2024-07-05 16:00:00,-6.169999999999996,67.82999999999997
2024-07-05 17:00:00,1.8949999999999958,80.40000000000005
2024-07-05 18:00:00,36.51,100.345
2024-07-05 19:00:00,53.65,124.475
2024-07-05 20:00:00,69.495,141.04000000000002
2024-07-05 21:00:00,65.775,130.65
2024-07-05 22:00:00,67.71,118.02000000000001
2024-07-05 23:00:00,61.300000000000004,99.70999999999998
2024-07-06 00:00:00,54.16,100.57000000000002
2024-07-06 01:00:00,45.96,90.135
2024-07-06 02:00:00,34.5,88.145
2024-07-06 03:00:00,30.960000000000004,83.61
2024-07-06 04:00:00,28.520000000000003,84.99999999999997
2024-07-06 05:00:00,23.934999999999995,86.24000000000001
2024-07-06 06:00:00,29.345,104.25500000000001
2024-07-06 07:00:00,24.08,120.72500000000002
2024-07-06 08:00:00,10.040000000000003,117.58500000000001
2024-07-06 09:00:00,0.4199999999999921,96.88000000000001
2024-07-06 10:00:00,-2.3200000000000003,84.37499999999999
2024-07-06 11:00:00,-10.255,78.25000000000003
2024-07-06 12:00:00,-20.185000000000002,66.985
2024-07-06 13:00:00,-28.729999999999993,60.43999999999997
2024-07-06 14:00:00,-32.37499999999999,59.975
2024-07-06 15:00:00,-22.115000000000002,64.35499999999999
2024-07-06 16:00:00,-6.169999999999996,67.82999999999997
2024-07-06 17:00:00,1.8949999999999958,80.40000000000005
2024-07-06 18:00:00,36.51,100.345
2024-07-06 19:00:00,53.65,124.475
2024-07-06 20:00:00,69.495,141.04000000000002
2024-07-06 21:00:00,65.775,130.65
2024-07-06 22:00:00,67.71,118.02000000000001
2024-07-06 23:00:00,61.300000000000004,99.70999999999998
2024-07-07 00:00:00,54.16,100.57000000000002
2024-07-07 01:00:00,45.96,90.135
2024-07-07 02:00:00,34.5,88.145
2024-07-07 03:00:00,30.960000000000004,83.61
2024-07-07 04:00:00,28.520000000000003,84.99999999999997
2024-07-07 05:00:00,23.934999999999995,86.24000000000001
2024-07-07 06:00:00,29.345,104.25500000000001
2024-07-07 07:00:00,24.08,120.72500000000002
2024-07-07 08:00:00,10.040000000000003,117.58500000000001
2024-07-07 09:00:00,0.4199999999999921,96.88000000000001
2024-07-07 10:00:00,-2.3200000000000003,84.37499999999999
2024-07-07 11:00:00,-10.255,78.25000000000003
2024-07-07 12:00:00,-20.185000000000002,66.985
2024-07-07 13:00:00,-28.729999999999993,60.43999999999997
2024-07-07 14:00:00,-32.37499999999999,59.975
2024-07-07 15:00:00,-22.115000000000002,64.35499999999999
2024-07-07 16:00:00,-6.169999999999996,67.82999999999997
2024-07-07 17:00:00,1.8949999999999958,80.40000000000005
2024-07-07 18:00:00,36.51,100.345
2024-07-07 19:00:00,53.65,124.475
2024-07-07 20:00:00,69.495,141.04000000000002
2024-07-07 21:00:00,65.775,130.65
2024-07-07 22:00:00,67.71,118.02000000000001
2024-07-07 23:00:00,61.300000000000004,99.70999999999998
2024-07-08 00:00:00,40.074999999999996,100.57000000000002
2024-07-08 01:00:00,31.395000000000007,90.135
2024-07-08 02:00:00,28.345000000000002,88.145
2024-07-08 03:00:00,19.09,83.60999999999997
2024-07-08 04:00:00,12.9,84.99999999999997
2024-07-08 05:00:00,6.784999999999999,86.24000000000001
2024-07-08 06:00:00,9.295000000000002,101.81499999999998
2024-07-08 07:00:00,9.689999999999998,118.215
2024-07-08 08:00:00,5.1099999999999985,117.58500000000001
2024-07-08 09:00:00,0.009999999999996852,99.35500000000002
2024-07-08 10:00:00,-3.4249999999999985,84.08500000000002
2024-07-08 11:00:00,-11.264999999999999,74.745
2024-07-08 12:00:00,-17.004999999999995,66.985
2024-07-08 13:00:00,-26.625000000000014,58.995
2024-07-08 14:00:00,-35.82000000000001,57.08500000000001
2024-07-08 15:00:00,-26.534999999999993,59.690000000000005
2024-07-08 16:00:00,-7.3150000000000075,65.365
2024-07-08 17:00:00,-0.6400000000000045,77.77500000000003
2024-07-08 18:00:00,26.255000000000003,99.65499999999999
2024-07-08 19:00:00,52.96,124.47499999999998
2024-07-08 20:00:00,62.254999999999995,141.04000000000002
2024-07-08 21:00:00,65.775,130.65
2024-07-08 22:00:00,66.5,118.02000000000001
2024-07-08 23:00:00,59.63,99.70999999999998
2024-07-09 00:00:00,40.074999999999996,100.57000000000002
2024-07-09 01:00:00,31.395000000000007,90.135
2024-07-09 02:00:00,28.345000000000002,88.145
2024-07-09 03:00:00,19.09,83.60999999999997
2024-07-09 04:00:00,12.9,84.99999999999997
2024-07-09 05:00:00,6.784999999999999,86.24000000000001
2024-07-09 06:00:00,9.295000000000002,101.81499999999998
2024-07-09 07:00:00,9.689999999999998,118.215
2024-07-09 08:00:00,5.1099999999999985,117.58500000000001
2024-07-09 09:00:00,0.009999999999996852,99.35500000000002
2024-07-09 10:00:00,-3.4249999999999985,84.08500000000002
2024-07-09 11:00:00,-11.264999999999999,74.745
2024-07-09 12:00:00,-17.004999999999995,66.985
2024-07-09 13:00:00,-26.625000000000014,58.995
2024-07-09 14:00:00,-35.82000000000001,57.08500000000001
2024-07-09 15:00:00,-26.534999999999993,59.690000000000005
2024-07-09 16:00:00,-7.3150000000000075,65.365
2024-07-09 17:00:00,-0.6400000000000045,77.77500000000003
2024-07-09 18:00:00,26.255000000000003,99.65499999999999
2024-07-09 19:00:00,52.96,124.47499999999998
2024-07-09 20:00:00,62.254999999999995,141.04000000000002
2024-07-09 21:00:00,65.775,130.65
2024-07-09 22:00:00,66.5,118.02000000000001
2024-07-09 23:00:00,59.63,99.70999999999998
2024-07-10 00:00:00,40.074999999999996,100.57000000000002
2024-07-10 01:00:00,31.395000000000007,90.135
2024-07-10 02:00:00,28.345000000000002,88.145
2024-07-10 03:00:00,19.09,83.60999999999997
2024-07-10 04:00:00,12.9,84.99999999999997
2024-07-10 05:00:00,6.784999999999999,86.24000000000001
2024-07-10 06:00:00,9.295000000000002,101.81499999999998
2024-07-10 07:00:00,9.689999999999998,118.215
2024-07-10 08:00:00,5.1099999999999985,117.58500000000001
2024-07-10 09:00:00,0.009999999999996852,99.35500000000002
2024-07-10 10:00:00,-3.4249999999999985,84.08500000000002
2024-07-10 11:00:00,-11.264999999999999,74.745
2024-07-10 12:00:00,-17.004999999999995,66.985
2024-07-10 13:00:00,-26.625000000000014,58.995
2024-07-10 14:00:00,-35.82000000000001,57.08500000000001
2024-07-10 15:00:00,-26.534999999999993,59.690000000000005
2024-07-10 16:00:00,-7.3150000000000075,65.365
2024-07-10 17:00:00,-0.6400000000000045,77.77500000000003
2024-07-10 18:00:00,26.255000000000003,99.65499999999999
2024-07-10 19:00:00,52.96,124.47499999999998
2024-07-10 20:00:00,62.254999999999995,141.04000000000002
2024-07-10 21:00:00,65.775,130.65
2024-07-10 22:00:00,66.5,118.02000000000001
2024-07-10 23:00:00,59.63,99.70999999999998
2024-07-11 00:00:00,40.074999999999996,100.57000000000002
2024-07-11 01:00:00,31.395000000000007,90.135
2024-07-11 02:00:00,28.345000000000002,88.145
2024-07-11 03:00:00,19.09,83.60999999999997
2024-07-11 04:00:00,12.9,84.99999999999997
2024-07-11 05:00:00,6.784999999999999,86.24000000000001
2024-07-11 06:00:00,9.295000000000002,101.81499999999998
2024-07-11 07:00:00,9.689999999999998,118.215
2024-07-11 08:00:00,5.1099999999999985,117.58500000000001
2024-07-11 09:00:00,0.009999999999996852,99.35500000000002
2024-07-11 10:00:00,-3.4249999999999985,84.08500000000002
2024-07-11 11:00:00,-11.264999999999999,74.745
2024-07-11 12:00:00,-17.004999999999995,66.985
2024-07-11 13:00:00,-26.625000000000014,58.995
2024-07-11 14:00:00,-35.82000000000001,57.08500000000001
2024-07-11 15:00:00,-26.534999999999993,59.690000000000005
2024-07-11 16:00:00,-7.3150000000000075,65.365
2024-07-11 17:00:00,-0.6400000000000045,77.77500000000003
2024-07-11 18:00:00,26.255000000000003,99.65499999999999
2024-07-11 19:00:00,52.96,124.47499999999998
2024-07-11 20:00:00,62.254999999999995,141.04000000000002
2024-07-11 21:00:00,65.775,130.65
2024-07-11 22:00:00,66.5,118.02000000000001
2024-07-11 23:00:00,59.63,99.70999999999998
2024-07-12 00:00:00,40.074999999999996,100.57000000000002
2024-07-12 01:00:00,31.395000000000007,90.135
2024-07-12 02:00:00,28.345000000000002,88.145
2024-07-12 03:00:00,19.09,83.60999999999997
2024-07-12 04:00:00,12.9,84.99999999999997
2024-07-12 05:00:00,6.784999999999999,86.24000000000001
2024-07-12 06:00:00,9.295000000000002,101.81499999999998
2024-07-12 07:00:00,9.689999999999998,118.215
2024-07-12 08:00:00,5.1099999999999985,117.58500000000001
2024-07-12 09:00:00,0.009999999999996852,99.35500000000002
2024-07-12 10:00:00,-3.4249999999999985,84.08500000000002
2024-07-12 11:00:00,-11.264999999999999,74.745
2024-07-12 12:00:00,-17.004999999999995,66.985
2024-07-12 13:00:00,-26.625000000000014,58.995
2024-07-12 14:00:00,-35.82000000000001,57.08500000000001
2024-07-12 15:00:00,-26.534999999999993,59.690000000000005
2024-07-12 16:00:00,-7.3150000000000075,65.365
2024-07-12 17:00:00,-0.6400000000000045,77.77500000000003
2024-07-12 18:00:00,26.255000000000003,99.65499999999999
2024-07-12 19:00:00,52.96,124.47499999999998
2024-07-12 20:00:00,62.254999999999995,141.04000000000002
2024-07-12 21:00:00,65.775,130.65
2024-07-12 22:00:00,66.5,118.02000000000001
2024-07-12 23:00:00,59.63,99.70999999999998
2024-07-13 00:00:00,40.074999999999996,100.57000000000002
2024-07-13 01:00:00,31.395000000000007,90.135
2024-07-13 02:00:00,28.345000000000002,88.145
2024-07-13 03:00:00,19.09,83.60999999999997
2024-07-13 04:00:00,12.9,84.99999999999997
2024-07-13 05:00:00,6.784999999999999,86.24000000000001
2024-07-13 06:00:00,9.295000000000002,101.81499999999998
2024-07-13 07:00:00,9.689999999999998,118.215
2024-07-13 08:00:00,5.1099999999999985,117.58500000000001
2024-07-13 09:00:00,0.009999999999996852,99.35500000000002
2024-07-13 10:00:00,-3.4249999999999985,84.08500000000002
2024-07-13 11:00:00,-11.264999999999999,74.745
2024-07-13 12:00:00,-17.004999999999995,66.985
2024-07-13 13:00:00,-26.625000000000014,58.995
2024-07-13 14:00:00,-35.82000000000001,57.08500000000001
2024-07-13 15:00:00,-26.534999999999993,59.690000000000005
2024-07-13 16:00:00,-7.3150000000000075,65.365
2024-07-13 17:00:00,-0.6400000000000045,77.77500000000003
2024-07-13 18:00:00,26.255000000000003,99.65499999999999
2024-07-13 19:00:00,52.96,124.47499999999998
2024-07-13 20:00:00,62.254999999999995,141.04000000000002
2024-07-13 21:00:00,65.775,130.65
2024-07-13 22:00:00,66.5,118.02000000000001
2024-07-13 23:00:00,59.63,99.70999999999998
2024-07-14 00:00:00,40.074999999999996,100.57000000000002
2024-07-14 01:00:00,31.395000000000007,90.135
2024-07-14 02:00:00,28.345000000000002,88.145
2024-07-14 03:00:00,19.09,83.60999999999997
2024-07-14 04:00:00,12.9,84.99999999999997
2024-07-14 05:00:00,6.784999999999999,86.24000000000001
2024-07-14 06:00:00,9.295000000000002,101.81499999999998
2024-07-14 07:00:00,9.689999999999998,118.215
2024-07-14 08:00:00,5.1099999999999985,117.58500000000001
2024-07-14 09:00:00,0.009999999999996852,99.35500000000002
2024-07-14 10:00:00,-3.4249999999999985,84.08500000000002
2024-07-14 11:00:00,-11.264999999999999,74.745
2024-07-14 12:00:00,-17.004999999999995,66.985
2024-07-14 13:00:00,-26.625000000000014,58.995
2024-07-14 14:00:00,-35.82000000000001,57.08500000000001
2024-07-14 15:00:00,-26.534999999999993,59.690000000000005
2024-07-14 16:00:00,-7.3150000000000075,65.365
2024-07-14 17:00:00,-0.6400000000000045,77.77500000000003
2024-07-14 18:00:00,26.255000000000003,99.65499999999999
2024-07-14 19:00:00,52.96,124.47499999999998
2024-07-14 20:00:00,62.254999999999995,141.04000000000002
2024-07-14 21:00:00,65.775,130.65
2024-07-14 22:00:00,66.5,118.02000000000001
2024-07-14 23:00:00,59.63,99.70999999999998
2024-07-15 00:00:00,51.85000000000001,100.57000000000002
2024-07-15 01:00:00,40.65500000000001,90.135
2024-07-15 02:00:00,31.815,88.145
2024-07-15 03:00:00,19.09,83.61
2024-07-15 04:00:00,12.9,84.99999999999997
2024-07-15 05:00:00,6.784999999999999,86.24000000000001
2024-07-15 06:00:00,9.295000000000002,101.81499999999998
2024-07-15 07:00:00,9.689999999999998,118.215
2024-07-15 08:00:00,2.1800000000000046,117.58500000000001
2024-07-15 09:00:00,-0.010000000000002379,99.35500000000002
2024-07-15 10:00:00,-5.505000000000001,84.08500000000002
2024-07-15 11:00:00,-11.264999999999999,74.745
2024-07-15 12:00:00,-13.565000000000012,66.985
2024-07-15 13:00:00,-26.625000000000014,58.995
2024-07-15 14:00:00,-37.26,57.28499999999999
2024-07-15 15:00:00,-28.84,59.690000000000005
2024-07-15 16:00:00,-9.930000000000005,65.85
2024-07-15 17:00:00,-0.8199999999999917,79.94000000000003
2024-07-15 18:00:00,28.2,99.65499999999999
2024-07-15 19:00:00,52.96,123.99999999999999
2024-07-15 20:00:00,67.755,142.795
2024-07-15 21:00:00,69.675,133.01500000000001
2024-07-15 22:00:00,72.58999999999999,118.02000000000001
2024-07-15 23:00:00,64.21000000000001,99.71000000000002
2024-07-16 00:00:00,51.85000000000001,100.57000000000002
2024-07-16 01:00:00,40.65500000000001,90.135
2024-07-16 02:00:00,31.815,88.145
2024-07-16 03:00:00,19.09,83.61
2024-07-16 04:00:00,12.9,84.99999999999997
2024-07-16 05:00:00,6.784999999999999,86.24000000000001
2024-07-16 06:00:00,9.295000000000002,101.81499999999998
2024-07-16 07:00:00,9.689999999999998,118.215
2024-07-16 08:00:00,2.1800000000000046,117.58500000000001
2024-07-16 09:00:00,-0.010000000000002379,99.35500000000002
2024-07-16 10:00:00,-5.505000000000001,84.08500000000002
2024-07-16 11:00:00,-11.264999999999999,74.745
2024-07-16 12:00:00,-13.565000000000012,66.985
2024-07-16 13:00:00,-26.625000000000014,58.995
2024-07-16 14:00:00,-37.26,57.28499999999999
2024-07-16 15:00:00,-28.84,59.690000000000005
2024-07-16 16:00:00,-9.930000000000005,65.85
2024-07-16 17:00:00,-0.8199999999999917,79.94000000000003
2024-07-16 18:00:00,28.2,99.65499999999999
2024-07-16 19:00:00,52.96,123.99999999999999
2024-07-16 20:00:00,67.755,142.795
2024-07-16 21:00:00,69.675,133.01500000000001
2024-07-16 22:00:00,72.58999999999999,118.02000000000001
2024-07-16 23:00:00,64.21000000000001,99.71000000000002
2024-07-17 00:00:00,51.85000000000001,100.57000000000002
2024-07-17 01:00:00,40.65500000000001,90.135
2024-07-17 02:00:00,31.815,88.145
2024-07-17 03:00:00,19.09,83.61
2024-07-17 04:00:00,12.9,84.99999999999997
2024-07-17 05:00:00,6.784999999999999,86.24000000000001
2024-07-17 06:00:00,9.295000000000002,101.81499999999998
2024-07-17 07:00:00,9.689999999999998,118.215
2024-07-17 08:00:00,2.1800000000000046,117.58500000000001
2024-07-17 09:00:00,-0.010000000000002379,99.35500000000002
2024-07-17 10:00:00,-5.505000000000001,84.08500000000002
2024-07-17 11:00:00,-11.264999999999999,74.745
2024-07-17 12:00:00,-13.565000000000012,66.985
2024-07-17 13:00:00,-26.625000000000014,58.995
2024-07-17 14:00:00,-37.26,57.28499999999999
2024-07-17 15:00:00,-28.84,59.690000000000005
2024-07-17 16:00:00,-9.930000000000005,65.85
2024-07-17 17:00:00,-0.8199999999999917,79.94000000000003
2024-07-17 18:00:00,28.2,99.65499999999999
2024-07-17 19:00:00,52.96,123.99999999999999
2024-07-17 20:00:00,67.755,142.795
2024-07-17 21:00:00,69.675,133.01500000000001
2024-07-17 22:00:00,72.58999999999999,118.02000000000001
2024-07-17 23:00:00,64.21000000000001,99.71000000000002
2024-07-18 00:00:00,51.85000000000001,100.57000000000002
2024-07-18 01:00:00,40.65500000000001,90.135
2024-07-18 02:00:00,31.815,88.145
2024-07-18 03:00:00,19.09,83.61
2024-07-18 04:00:00,12.9,84.99999999999997
2024-07-18 05:00:00,6.784999999999999,86.24000000000001
2024-07-18 06:00:00,9.295000000000002,101.81499999999998
2024-07-18 07:00:00,9.689999999999998,118.215
2024-07-18 08:00:00,2.1800000000000046,117.58500000000001
2024-07-18 09:00:00,-0.010000000000002379,99.35500000000002
2024-07-18 10:00:00,-5.505000000000001,84.08500000000002
2024-07-18 11:00:00,-11.264999999999999,74.745
2024-07-18 12:00:00,-13.565000000000012,66.985
2024-07-18 13:00:00,-26.625000000000014,58.995
2024-07-18 14:00:00,-37.26,57.28499999999999
2024-07-18 15:00:00,-28.84,59.690000000000005
2024-07-18 16:00:00,-9.930000000000005,65.85
2024-07-18 17:00:00,-0.8199999999999917,79.94000000000003
2024-07-18 18:00:00,28.2,99.65499999999999
2024-07-18 19:00:00,52.96,123.99999999999999
2024-07-18 20:00:00,67.755,142.795
2024-07-18 21:00:00,69.675,133.01500000000001
2024-07-18 22:00:00,72.58999999999999,118.02000000000001
2024-07-18 23:00:00,64.21000000000001,99.71000000000002
2024-07-19 00:00:00,51.85000000000001,100.57000000000002
2024-07-19 01:00:00,40.65500000000001,90.135
2024-07-19 02:00:00,31.815,88.145
2024-07-19 03:00:00,19.09,83.61
2024-07-19 04:00:00,12.9,84.99999999999997
2024-07-19 05:00:00,6.784999999999999,86.24000000000001
2024-07-19 06:00:00,9.295000000000002,101.81499999999998
2024-07-19 07:00:00,9.689999999999998,118.215
2024-07-19 08:00:00,2.1800000000000046,117.58500000000001
2024-07-19 09:00:00,-0.010000000000002379,99.35500000000002
2024-07-19 10:00:00,-5.505000000000001,84.08500000000002
2024-07-19 11:00:00,-11.264999999999999,74.745
2024-07-19 12:00:00,-13.565000000000012,66.985
2024-07-19 13:00:00,-26.625000000000014,58.995
2024-07-19 14:00:00,-37.26,57.28499999999999
2024-07-19 15:00:00,-28.84,59.690000000000005
2024-07-19 16:00:00,-9.930000000000005,65.85
2024-07-19 17:00:00,-0.8199999999999917,79.94000000000003
2024-07-19 18:00:00,28.2,99.65499999999999
2024-07-19 19:00:00,52.96,123.99999999999999
2024-07-19 20:00:00,67.755,142.795
2024-07-19 21:00:00,69.675,133.01500000000001
2024-07-19 22:00:00,72.58999999999999,118.02000000000001
2024-07-19 23:00:00,64.21000000000001,99.71000000000002
2024-07-20 00:00:00,51.85000000000001,100.57000000000002
2024-07-20 01:00:00,40.65500000000001,90.135
2024-07-20 02:00:00,31.815,88.145
2024-07-20 03:00:00,19.09,83.61
2024-07-20 04:00:00,12.9,84.99999999999997
2024-07-20 05:00:00,6.784999999999999,86.24000000000001
2024-07-20 06:00:00,9.295000000000002,101.81499999999998
2024-07-20 07:00:00,9.689999999999998,118.215
2024-07-20 08:00:00,2.1800000000000046,117.58500000000001
2024-07-20 09:00:00,-0.010000000000002379,99.35500000000002
2024-07-20 10:00:00,-5.505000000000001,84.08500000000002
2024-07-20 11:00:00,-11.264999999999999,74.745
2024-07-20 12:00:00,-13.565000000000012,66.985
2024-07-20 13:00:00,-26.625000000000014,58.995
2024-07-20 14:00:00,-37.26,57.28499999999999
2024-07-20 15:00:00,-28.84,59.690000000000005
2024-07-20 16:00:00,-9.930000000000005,65.85
2024-07-20 17:00:00,-0.8199999999999917,79.94000000000003
2024-07-20 18:00:00,28.2,99.65499999999999
2024-07-20 19:00:00,52.96,123.99999999999999
2024-07-20 20:00:00,67.755,142.795
2024-07-20 21:00:00,69.675,133.01500000000001
2024-07-20 22:00:00,72.58999999999999,118.02000000000001
2024-07-20 23:00:00,64.21000000000001,99.71000000000002
2024-07-21 00:00:00,51.85000000000001,100.57000000000002
2024-07-21 01:00:00,40.65500000000001,90.135
2024-07-21 02:00:00,31.815,88.145
2024-07-21 03:00:00,19.09,83.61
2024-07-21 04:00:00,12.9,84.99999999999997
2024-07-21 05:00:00,6.784999999999999,86.24000000000001
2024-07-21 06:00:00,9.295000000000002,101.81499999999998
2024-07-21 07:00:00,9.689999999999998,118.215
2024-07-21 08:00:00,2.1800000000000046,117.58500000000001
2024-07-21 09:00:00,-0.010000000000002379,99.35500000000002
2024-07-21 10:00:00,-5.505000000000001,84.08500000000002
2024-07-21 11:00:00,-11.264999999999999,74.745
2024-07-21 12:00:00,-13.565000000000012,66.985
2024-07-21 13:00:00,-26.625000000000014,58.995
2024-07-21 14:00:00,-37.26,57.28499999999999
2024-07-21 15:00:00,-28.84,59.690000000000005
2024-07-21 16:00:00,-9.930000000000005,65.85
2024-07-21 17:00:00,-0.8199999999999917,79.94000000000003
2024-07-21 18:00:00,28.2,99.65499999999999
2024-07-21 19:00:00,52.96,123.99999999999999
2024-07-21 20:00:00,67.755,142.795
2024-07-21 21:00:00,69.675,133.01500000000001
2024-07-21 22:00:00,72.58999999999999,118.02000000000001
2024-07-21 23:00:00,64.21000000000001,99.71000000000002
2024-07-22 00:00:00,51.85000000000001,99.515
2024-07-22 01:00:00,34.51,89.76
2024-07-22 02:00:00,31.815,86.76499999999999
2024-07-22 03:00:00,19.09,81.11999999999999
2024-07-22 04:00:00,12.9,83.79499999999999
2024-07-22 05:00:00,6.784999999999999,85.57000000000004
2024-07-22 06:00:00,9.295000000000002,100.035
2024-07-22 07:00:00,9.689999999999998,118.215
2024-07-22 08:00:00,2.1799999999999935,117.58499999999997
2024-07-22 09:00:00,-0.04000000000000122,95.33000000000001
2024-07-22 10:00:00,-5.505000000000001,82.82999999999997
2024-07-22 11:00:00,-11.264999999999999,70.63499999999999
2024-07-22 12:00:00,-13.565000000000012,64.94
2024-07-22 13:00:00,-26.625000000000014,55.960000000000015
2024-07-22 14:00:00,-37.26,54.81000000000001
2024-07-22 15:00:00,-28.84,52.20500000000003
2024-07-22 16:00:00,-9.930000000000005,65.65
2024-07-22 17:00:00,-0.8199999999999917,79.94000000000003
2024-07-22 18:00:00,28.2,95.41500000000002
2024-07-22 19:00:00,52.349999999999994,123.99999999999999
2024-07-22 20:00:00,67.755,145.075
2024-07-22 21:00:00,71.095,135.055
2024-07-22 22:00:00,72.62,118.72
2024-07-22 23:00:00,64.21000000000001,100.8
2024-07-23 00:00:00,51.85000000000001,99.515
2024-07-23 01:00:00,34.51,89.76
2024-07-23 02:00:00,31.815,86.76499999999999
2024-07-23 03:00:00,19.09,81.11999999999999
2024-07-23 04:00:00,12.9,83.79499999999999
2024-07-23 05:00:00,6.784999999999999,85.57000000000004
2024-07-23 06:00:00,9.295000000000002,100.035
2024-07-23 07:00:00,9.689999999999998,118.215
2024-07-23 08:00:00,2.1799999999999935,117.58499999999997
2024-07-23 09:00:00,-0.04000000000000122,95.33000000000001
2024-07-23 10:00:00,-5.505000000000001,82.82999999999997
2024-07-23 11:00:00,-11.264999999999999,70.63499999999999
2024-07-23 12:00:00,-13.565000000000012,64.94
2024-07-23 13:00:00,-26.625000000000014,55.960000000000015
2024-07-23 14:00:00,-37.26,54.81000000000001
2024-07-23 15:00:00,-28.84,52.20500000000003
2024-07-23 16:00:00,-9.930000000000005,65.65
2024-07-23 17:00:00,-0.8199999999999917,79.94000000000003
2024-07-23 18:00:00,28.2,95.41500000000002
2024-07-23 19:00:00,52.349999999999994,123.99999999999999
2024-07-23 20:00:00,67.755,145.075
2024-07-23 21:00:00,71.095,135.055
2024-07-23 22:00:00,72.62,118.72
2024-07-23 23:00:00,64.21000000000001,100.8
2024-07-24 00:00:00,51.85000000000001,99.515
2024-07-24 01:00:00,34.51,89.76
2024-07-24 02:00:00,31.815,86.76499999999999
2024-07-24 03:00:00,19.09,81.11999999999999
2024-07-24 04:00:00,12.9,83.79499999999999
2024-07-24 05:00:00,6.784999999999999,85.57000000000004
2024-07-24 06:00:00,9.295000000000002,100.035
2024-07-24 07:00:00,9.689999999999998,118.215
2024-07-24 08:00:00,2.1799999999999935,117.58499999999997
2024-07-24 09:00:00,-0.04000000000000122,95.33000000000001
2024-07-24 10:00:00,-5.505000000000001,82.82999999999997
2024-07-24 11:00:00,-11.264999999999999,70.63499999999999
2024-07-24 12:00:00,-13.565000000000012,64.94
2024-07-24 13:00:00,-26.625000000000014,55.960000000000015
2024-07-24 14:00:00,-37.26,54.81000000000001
2024-07-24 15:00:00,-28.84,52.20500000000003
2024-07-24 16:00:00,-9.930000000000005,65.65
2024-07-24 17:00:00,-0.8199999999999917,79.94000000000003
2024-07-24 18:00:00,28.2,95.41500000000002
2024-07-24 19:00:00,52.349999999999994,123.99999999999999
2024-07-24 20:00:00,67.755,145.075
2024-07-24 21:00:00,71.095,135.055
2024-07-24 22:00:00,72.62,118.72
2024-07-24 23:00:00,64.21000000000001,100.8
2024-07-25 00:00:00,51.85000000000001,99.515
2024-07-25 01:00:00,34.51,89.76
2024-07-25 02:00:00,31.815,86.76499999999999
2024-07-25 03:00:00,19.09,81.11999999999999
2024-07-25 04:00:00,12.9,83.79499999999999
2024-07-25 05:00:00,6.784999999999999,85.57000000000004
2024-07-25 06:00:00,9.295000000000002,100.035
2024-07-25 07:00:00,9.689999999999998,118.215
2024-07-25 08:00:00,2.1799999999999935,117.58499999999997
2024-07-25 09:00:00,-0.04000000000000122,95.33000000000001
2024-07-25 10:00:00,-5.505000000000001,82.82999999999997
2024-07-25 11:00:00,-11.264999999999999,70.63499999999999
2024-07-25 12:00:00,-13.565000000000012,64.94
2024-07-25 13:00:00,-26.625000000000014,55.960000000000015
2024-07-25 14:00:00,-37.26,54.81000000000001
2024-07-25 15:00:00,-28.84,52.20500000000003
2024-07-25 16:00:00,-9.930000000000005,65.65
2024-07-25 17:00:00,-0.8199999999999917,79.94000000000003
2024-07-25 18:00:00,28.2,95.41500000000002
2024-07-25 19:00:00,52.349999999999994,123.99999999999999
2024-07-25 20:00:00,67.755,145.075
2024-07-25 21:00:00,71.095,135.055
2024-07-25 22:00:00,72.62,118.72
2024-07-25 23:00:00,64.21000000000001,100.8
2024-07-26 00:00:00,51.85000000000001,99.515
2024-07-26 01:00:00,34.51,89.76
2024-07-26 02:00:00,31.815,86.76499999999999
2024-07-26 03:00:00,19.09,81.11999999999999
2024-07-26 04:00:00,12.9,83.79499999999999
2024-07-26 05:00:00,6.784999999999999,85.57000000000004
2024-07-26 06:00:00,9.295000000000002,100.035
2024-07-26 07:00:00,9.689999999999998,118.215
2024-07-26 08:00:00,2.1799999999999935,117.58499999999997
2024-07-26 09:00:00,-0.04000000000000122,95.33000000000001
2024-07-26 10:00:00,-5.505000000000001,82.82999999999997
2024-07-26 11:00:00,-11.264999999999999,70.63499999999999
2024-07-26 12:00:00,-13.565000000000012,64.94
2024-07-26 13:00:00,-26.625000000000014,55.960000000000015
2024-07-26 14:00:00,-37.26,54.81000000000001
2024-07-26 15:00:00,-28.84,52.20500000000003
2024-07-26 16:00:00,-9.930000000000005,65.65
2024-07-26 17:00:00,-0.8199999999999917,79.94000000000003
2024-07-26 18:00:00,28.2,95.41500000000002
2024-07-26 19:00:00,52.349999999999994,123.99999999999999
2024-07-26 20:00:00,67.755,145.075
2024-07-26 21:00:00,71.095,135.055
2024-07-26 22:00:00,72.62,118.72
2024-07-26 23:00:00,64.21000000000001,100.8
2024-07-27 00:00:00,51.85000000000001,99.515
2024-07-27 01:00:00,34.51,89.76
2024-07-27 02:00:00,31.815,86.76499999999999
2024-07-27 03:00:00,19.09,81.11999999999999
2024-07-27 04:00:00,12.9,83.79499999999999
2024-07-27 05:00:00,6.784999999999999,85.57000000000004
2024-07-27 06:00:00,9.295000000000002,100.035
2024-07-27 07:00:00,9.689999999999998,118.215
2024-07-27 08:00:00,2.1799999999999935,117.58499999999997
2024-07-27 09:00:00,-0.04000000000000122,95.33000000000001
2024-07-27 10:00:00,-5.505000000000001,82.82999999999997
2024-07-27 11:00:00,-11.264999999999999,70.63499999999999
2024-07-27 12:00:00,-13.565000000000012,64.94
2024-07-27 13:00:00,-26.625000000000014,55.960000000000015
2024-07-27 14:00:00,-37.26,54.81000000000001
2024-07-27 15:00:00,-28.84,52.20500000000003
2024-07-27 16:00:00,-9.930000000000005,65.65
2024-07-27 17:00:00,-0.8199999999999917,79.94000000000003
2024-07-27 18:00:00,28.2,95.41500000000002
2024-07-27 19:00:00,52.349999999999994,123.99999999999999
2024-07-27 20:00:00,67.755,145.075
2024-07-27 21:00:00,71.095,135.055
2024-07-27 22:00:00,72.62,118.72
2024-07-27 23:00:00,64.21000000000001,100.8
2024-07-28 00:00:00,51.85000000000001,99.515
2024-07-28 01:00:00,34.51,89.76
2024-07-28 02:00:00,31.815,86.76499999999999
2024-07-28 03:00:00,19.09,81.11999999999999
2024-07-28 04:00:00,12.9,83.79499999999999
2024-07-28 05:00:00,6.784999999999999,85.57000000000004
2024-07-28 06:00:00,9.295000000000002,100.035
2024-07-28 07:00:00,9.689999999999998,118.215
2024-07-28 08:00:00,2.1799999999999935,117.58499999999997
2024-07-28 09:00:00,-0.04000000000000122,95.33000000000001
2024-07-28 10:00:00,-5.505000000000001,82.82999999999997
2024-07-28 11:00:00,-11.264999999999999,70.63499999999999
2024-07-28 12:00:00,-13.565000000000012,64.94
2024-07-28 13:00:00,-26.625000000000014,55.960000000000015
2024-07-28 14:00:00,-37.26,54.81000000000001
2024-07-28 15:00:00,-28.84,52.20500000000003
2024-07-28 16:00:00,-9.930000000000005,65.65
2024-07-28 17:00:00,-0.8199999999999917,79.94000000000003
2024-07-28 18:00:00,28.2,95.41500000000002
2024-07-28 19:00:00,52.349999999999994,123.99999999999999
2024-07-28 20:00:00,67.755,145.075
2024-07-28 21:00:00,71.095,135.055
2024-07-28 22:00:00,72.62,118.72
2024-07-28 23:00:00,64.21000000000001,100.8
2024-07-29 00:00:00,55.47,99.515
2024-07-29 01:00:00,40.65500000000001,88.76999999999998
2024-07-29 02:00:00,35.805,86.765
2024-07-29 03:00:00,25.669999999999998,80.08
2024-07-29 04:00:00,17.22,83.14000000000001
2024-07-29 05:00:00,10.544999999999998,85.57
2024-07-29 06:00:00,10.819999999999997,100.035
2024-07-29 07:00:00,14.144999999999998,118.215
2024-07-29 08:00:00,5.1099999999999985,117.58500000000001
2024-07-29 09:00:00,-0.03000000000000161,95.33000000000001
2024-07-29 10:00:00,-5.505000000000001,82.83000000000003
2024-07-29 11:00:00,-11.264999999999999,69.22000000000001
2024-07-29 12:00:00,-13.35000000000001,65.19
2024-07-29 13:00:00,-27.900000000000002,55.589999999999996
2024-07-29 14:00:00,-37.26,51.305000000000014
2024-07-29 15:00:00,-28.84,52.20500000000003
2024-07-29 16:00:00,-9.930000000000005,65.65
2024-07-29 17:00:00,-0.8949999999999958,81.04000000000002
2024-07-29 18:00:00,31.61,97.28000000000002
2024-07-29 19:00:00,55.82499999999999,123.23
2024-07-29 20:00:00,73.465,142.79500000000002
2024-07-29 21:00:00,72.75,135.05499999999998
2024-07-29 22:00:00,75.46000000000001,118.72
2024-07-29 23:00:00,64.595,98.89999999999998
2024-07-30 00:00:00,55.47,99.515
2024-07-30 01:00:00,40.65500000000001,88.76999999999998
2024-07-30 02:00:00,35.805,86.765
2024-07-30 03:00:00,25.669999999999998,80.08
2024-07-30 04:00:00,17.22,83.14000000000001
2024-07-30 05:00:00,10.544999999999998,85.57
2024-07-30 06:00:00,10.819999999999997,100.035
2024-07-30 07:00:00,14.144999999999998,118.215
2024-07-30 08:00:00,5.1099999999999985,117.58500000000001
2024-07-30 09:00:00,-0.03000000000000161,95.33000000000001
2024-07-30 10:00:00,-5.505000000000001,82.83000000000003
2024-07-30 11:00:00,-11.264999999999999,69.22000000000001
2024-07-30 12:00:00,-13.35000000000001,65.19
2024-07-30 13:00:00,-27.900000000000002,55.589999999999996
2024-07-30 14:00:00,-37.26,51.305000000000014
2024-07-30 15:00:00,-28.84,52.20500000000003
2024-07-30 16:00:00,-9.930000000000005,65.65
2024-07-30 17:00:00,-0.8949999999999958,81.04000000000002
2024-07-30 18:00:00,31.61,97.28000000000002
2024-07-30 19:00:00,55.82499999999999,123.23
2024-07-30 20:00:00,73.465,142.79500000000002
2024-07-30 21:00:00,72.75,135.05499999999998
2024-07-30 22:00:00,75.46000000000001,118.72
2024-07-30 23:00:00,64.595,98.89999999999998
2024-07-31 00:00:00,55.47,99.515
2024-07-31 01:00:00,40.65500000000001,88.76999999999998
2024-07-31 02:00:00,35.805,86.765
2024-07-31 03:00:00,25.669999999999998,80.08
2024-07-31 04:00:00,17.22,83.14000000000001
2024-07-31 05:00:00,10.544999999999998,85.57
2024-07-31 06:00:00,10.819999999999997,100.035
2024-07-31 07:00:00,14.144999999999998,118.215
2024-07-31 08:00:00,5.1099999999999985,117.58500000000001
2024-07-31 09:00:00,-0.03000000000000161,95.33000000000001
2024-07-31 10:00:00,-5.505000000000001,82.83000000000003
2024-07-31 11:00:00,-11.264999999999999,69.22000000000001
2024-07-31 12:00:00,-13.35000000000001,65.19
2024-07-31 13:00:00,-27.900000000000002,55.589999999999996
2024-07-31 14:00:00,-37.26,51.305000000000014
2024-07-31 15:00:00,-28.84,52.20500000000003
2024-07-31 16:00:00,-9.930000000000005,65.65
2024-07-31 17:00:00,-0.8949999999999958,81.04000000000002
2024-07-31 18:00:00,31.61,97.28000000000002
2024-07-31 19:00:00,55.82499999999999,123.23
2024-07-31 20:00:00,73.465,142.79500000000002
2024-07-31 21:00:00,72.75,135.05499999999998
2024-07-31 22:00:00,75.46000000000001,118.72
2024-07-31 23:00:00,64.595,98.89999999999998
2024-08-01 00:00:00,55.47,99.515
2024-08-01 01:00:00,40.65500000000001,88.76999999999998
2024-08-01 02:00:00,35.805,86.765
2024-08-01 03:00:00,25.669999999999998,80.08
2024-08-01 04:00:00,17.22,83.14000000000001
2024-08-01 05:00:00,10.544999999999998,85.57
2024-08-01 06:00:00,10.819999999999997,100.035
2024-08-01 07:00:00,14.144999999999998,118.215
2024-08-01 08:00:00,5.1099999999999985,117.58500000000001
2024-08-01 09:00:00,-0.03000000000000161,95.33000000000001
2024-08-01 10:00:00,-5.505000000000001,82.83000000000003
2024-08-01 11:00:00,-11.264999999999999,69.22000000000001
2024-08-01 12:00:00,-13.35000000000001,65.19
2024-08-01 13:00:00,-27.900000000000002,55.589999999999996
2024-08-01 14:00:00,-37.26,51.305000000000014
2024-08-01 15:00:00,-28.84,52.20500000000003
2024-08-01 16:00:00,-9.930000000000005,65.65
2024-08-01 17:00:00,-0.8949999999999958,81.04000000000002
2024-08-01 18:00:00,31.61,97.28000000000002
2024-08-01 19:00:00,55.82499999999999,123.23
2024-08-01 20:00:00,73.465,142.79500000000002
2024-08-01 21:00:00,72.75,135.05499999999998
2024-08-01 22:00:00,75.46000000000001,118.72
2024-08-01 23:00:00,64.595,98.89999999999998
2024-08-02 00:00:00,55.47,99.515
2024-08-02 01:00:00,40.65500000000001,88.76999999999998
2024-08-02 02:00:00,35.805,86.765
2024-08-02 03:00:00,25.669999999999998,80.08
2024-08-02 04:00:00,17.22,83.14000000000001
2024-08-02 05:00:00,10.544999999999998,85.57
2024-08-02 06:00:00,10.819999999999997,100.035
2024-08-02 07:00:00,14.144999999999998,118.215
2024-08-02 08:00:00,5.1099999999999985,117.58500000000001
2024-08-02 09:00:00,-0.03000000000000161,95.33000000000001
2024-08-02 10:00:00,-5.505000000000001,82.83000000000003
2024-08-02 11:00:00,-11.264999999999999,69.22000000000001
2024-08-02 12:00:00,-13.35000000000001,65.19
2024-08-02 13:00:00,-27.900000000000002,55.589999999999996
2024-08-02 14:00:00,-37.26,51.305000000000014
2024-08-02 15:00:00,-28.84,52.20500000000003
2024-08-02 16:00:00,-9.930000000000005,65.65
2024-08-02 17:00:00,-0.8949999999999958,81.04000000000002
2024-08-02 18:00:00,31.61,97.28000000000002
2024-08-02 19:00:00,55.82499999999999,123.23
2024-08-02 20:00:00,73.465,142.79500000000002
2024-08-02 21:00:00,72.75,135.05499999999998
2024-08-02 22:00:00,75.46000000000001,118.72
2024-08-02 23:00:00,64.595,98.89999999999998
2024-08-03 00:00:00,55.47,99.515
2024-08-03 01:00:00,40.65500000000001,88.76999999999998
2024-08-03 02:00:00,35.805,86.765
2024-08-03 03:00:00,25.669999999999998,80.08
2024-08-03 04:00:00,17.22,83.14000000000001
2024-08-03 05:00:00,10.544999999999998,85.57
2024-08-03 06:00:00,10.819999999999997,100.035
2024-08-03 07:00:00,14.144999999999998,118.215
2024-08-03 08:00:00,5.1099999999999985,117.58500000000001
2024-08-03 09:00:00,-0.03000000000000161,95.33000000000001
2024-08-03 10:00:00,-5.505000000000001,82.83000000000003
2024-08-03 11:00:00,-11.264999999999999,69.22000000000001
2024-08-03 12:00:00,-13.35000000000001,65.19
2024-08-03 13:00:00,-27.900000000000002,55.589999999999996
2024-08-03 14:00:00,-37.26,51.305000000000014
2024-08-03 15:00:00,-28.84,52.20500000000003
2024-08-03 16:00:00,-9.930000000000005,65.65
2024-08-03 17:00:00,-0.8949999999999958,81.04000000000002
2024-08-03 18:00:00,31.61,97.28000000000002
2024-08-03 19:00:00,55.82499999999999,123.23
2024-08-03 20:00:00,73.465,142.79500000000002
2024-08-03 21:00:00,72.75,135.05499999999998
2024-08-03 22:00:00,75.46000000000001,118.72
2024-08-03 23:00:00,64.595,98.89999999999998
2024-08-04 00:00:00,55.47,99.515
2024-08-04 01:00:00,40.65500000000001,88.76999999999998
2024-08-04 02:00:00,35.805,86.765
2024-08-04 03:00:00,25.669999999999998,80.08
2024-08-04 04:00:00,17.22,83.14000000000001
2024-08-04 05:00:00,10.544999999999998,85.57
2024-08-04 06:00:00,10.819999999999997,100.035
2024-08-04 07:00:00,14.144999999999998,118.215
2024-08-04 08:00:00,5.1099999999999985,117.58500000000001
2024-08-04 09:00:00,-0.03000000000000161,95.33000000000001
2024-08-04 10:00:00,-5.505000000000001,82.83000000000003
2024-08-04 11:00:00,-11.264999999999999,69.22000000000001
2024-08-04 12:00:00,-13.35000000000001,65.19
2024-08-04 13:00:00,-27.900000000000002,55.589999999999996
2024-08-04 14:00:00,-37.26,51.305000000000014
2024-08-04 15:00:00,-28.84,52.20500000000003
2024-08-04 16:00:00,-9.930000000000005,65.65
2024-08-04 17:00:00,-0.8949999999999958,81.04000000000002
2024-08-04 18:00:00,31.61,97.28000000000002
2024-08-04 19:00:00,55.82499999999999,123.23
2024-08-04 20:00:00,73.465,142.79500000000002
2024-08-04 21:00:00,72.75,135.05499999999998
2024-08-04 22:00:00,75.46000000000001,118.72
2024-08-04 23:00:00,64.595,98.89999999999998
2024-08-05 00:00:00,53.545,97.865
2024-08-05 01:00:00,37.54500000000001,87.205
2024-08-05 02:00:00,36.46,85.755
2024-08-05 03:00:00,30.29,79.51
2024-08-05 04:00:00,22.869999999999997,82.03
2024-08-05 05:00:00,17.679999999999996,85.57
2024-08-05 06:00:00,19.349999999999998,96.495
2024-08-05 07:00:00,16.999999999999993,112.54499999999999
2024-08-05 08:00:00,11.779999999999998,108.35999999999999
2024-08-05 09:00:00,0.40999999999999803,90.67000000000003
2024-08-05 10:00:00,-1.789999999999997,81.77999999999999
2024-08-05 11:00:00,-8.875,69.22000000000001
2024-08-05 12:00:00,-12.14999999999999,66.985
2024-08-05 13:00:00,-23.835,56.09000000000001
2024-08-05 14:00:00,-28.054999999999993,54.81000000000001
2024-08-05 15:00:00,-23.804999999999982,52.719999999999985
2024-08-05 16:00:00,-9.930000000000005,65.65
2024-08-05 17:00:00,-0.8949999999999958,81.03999999999998
2024-08-05 18:00:00,31.61,97.28000000000002
2024-08-05 19:00:00,55.82499999999999,121.71500000000002
2024-08-05 20:00:00,73.465,141.245
2024-08-05 21:00:00,72.75,130.705
2024-08-05 22:00:00,75.46000000000001,114.93
2024-08-05 23:00:00,64.595,98.58
2024-08-06 00:00:00,53.545,97.865
2024-08-06 01:00:00,37.54500000000001,87.205
2024-08-06 02:00:00,36.46,85.755
2024-08-06 03:00:00,30.29,79.51
2024-08-06 04:00:00,22.869999999999997,82.03
2024-08-06 05:00:00,17.679999999999996,85.57
2024-08-06 06:00:00,19.349999999999998,96.495
2024-08-06 07:00:00,16.999999999999993,112.54499999999999
2024-08-06 08:00:00,11.779999999999998,108.35999999999999
2024-08-06 09:00:00,0.40999999999999803,90.67000000000003
2024-08-06 10:00:00,-1.789999999999997,81.77999999999999
2024-08-06 11:00:00,-8.875,69.22000000000001
2024-08-06 12:00:00,-12.14999999999999,66.985
2024-08-06 13:00:00,-23.835,56.09000000000001
2024-08-06 14:00:00,-28.054999999999993,54.81000000000001
2024-08-06 15:00:00,-23.804999999999982,52.719999999999985
2024-08-06 16:00:00,-9.930000000000005,65.65
2024-08-06 17:00:00,-0.8949999999999958,81.03999999999998
2024-08-06 18:00:00,31.61,97.28000000000002
2024-08-06 19:00:00,55.82499999999999,121.71500000000002
2024-08-06 20:00:00,73.465,141.245
2024-08-06 21:00:00,72.75,130.705
2024-08-06 22:00:00,75.46000000000001,114.93
2024-08-06 23:00:00,64.595,98.58
2024-08-07 00:00:00,53.545,97.865
2024-08-07 01:00:00,37.54500000000001,87.205
2024-08-07 02:00:00,36.46,85.755
2024-08-07 03:00:00,30.29,79.51
2024-08-07 04:00:00,22.869999999999997,82.03
2024-08-07 05:00:00,17.679999999999996,85.57
2024-08-07 06:00:00,19.349999999999998,96.495
2024-08-07 07:00:00,16.999999999999993,112.54499999999999
2024-08-07 08:00:00,11.779999999999998,108.35999999999999
2024-08-07 09:00:00,0.40999999999999803,90.67000000000003
2024-08-07 10:00:00,-1.789999999999997,81.77999999999999
2024-08-07 11:00:00,-8.875,69.22000000000001
2024-08-07 12:00:00,-12.14999999999999,66.985
2024-08-07 13:00:00,-23.835,56.09000000000001
2024-08-07 14:00:00,-28.054999999999993,54.81000000000001
2024-08-07 15:00:00,-23.804999999999982,52.719999999999985
2024-08-07 16:00:00,-9.930000000000005,65.65
2024-08-07 17:00:00,-0.8949999999999958,81.03999999999998
2024-08-07 18:00:00,31.61,97.28000000000002
2024-08-07 19:00:00,55.82499999999999,121.71500000000002
2024-08-07 20:00:00,73.465,141.245
2024-08-07 21:00:00,72.75,130.705
2024-08-07 22:00:00,75.46000000000001,114.93
2024-08-07 23:00:00,64.595,98.58
2024-08-08 00:00:00,53.545,97.865
2024-08-08 01:00:00,37.54500000000001,87.205
2024-08-08 02:00:00,36.46,85.755
2024-08-08 03:00:00,30.29,79.51
2024-08-08 04:00:00,22.869999999999997,82.03
2024-08-08 05:00:00,17.679999999999996,85.57
2024-08-08 06:00:00,19.349999999999998,96.495
2024-08-08 07:00:00,16.999999999999993,112.54499999999999
2024-08-08 08:00:00,11.779999999999998,108.35999999999999
2024-08-08 09:00:00,0.40999999999999803,90.67000000000003
2024-08-08 10:00:00,-1.789999999999997,81.77999999999999
2024-08-08 11:00:00,-8.875,69.22000000000001
2024-08-08 12:00:00,-12.14999999999999,66.985
2024-08-08 13:00:00,-23.835,56.09000000000001
2024-08-08 14:00:00,-28.054999999999993,54.81000000000001
2024-08-08 15:00:00,-23.804999999999982,52.719999999999985
2024-08-08 16:00:00,-9.930000000000005,65.65
2024-08-08 17:00:00,-0.8949999999999958,81.03999999999998
2024-08-08 18:00:00,31.61,97.28000000000002
2024-08-08 19:00:00,55.82499999999999,121.71500000000002
2024-08-08 20:00:00,73.465,141.245
2024-08-08 21:00:00,72.75,130.705
2024-08-08 22:00:00,75.46000000000001,114.93
2024-08-08 23:00:00,64.595,98.58
2024-08-09 00:00:00,53.545,97.865
2024-08-09 01:00:00,37.54500000000001,87.205
2024-08-09 02:00:00,36.46,85.755
2024-08-09 03:00:00,30.29,79.51
2024-08-09 04:00:00,22.869999999999997,82.03
2024-08-09 05:00:00,17.679999999999996,85.57
2024-08-09 06:00:00,19.349999999999998,96.495
2024-08-09 07:00:00,16.999999999999993,112.54499999999999
2024-08-09 08:00:00,11.779999999999998,108.35999999999999
2024-08-09 09:00:00,0.40999999999999803,90.67000000000003
2024-08-09 10:00:00,-1.789999999999997,81.77999999999999
2024-08-09 11:00:00,-8.875,69.22000000000001
2024-08-09 12:00:00,-12.14999999999999,66.985
2024-08-09 13:00:00,-23.835,56.09000000000001
2024-08-09 14:00:00,-28.054999999999993,54.81000000000001
2024-08-09 15:00:00,-23.804999999999982,52.719999999999985
2024-08-09 16:00:00,-9.930000000000005,65.65
2024-08-09 17:00:00,-0.8949999999999958,81.03999999999998
2024-08-09 18:00:00,31.61,97.28000000000002
2024-08-09 19:00:00,55.82499999999999,121.71500000000002
2024-08-09 20:00:00,73.465,141.245
2024-08-09 21:00:00,72.75,130.705
2024-08-09 22:00:00,75.46000000000001,114.93
2024-08-09 23:00:00,64.595,98.58
2024-08-10 00:00:00,53.545,97.865
2024-08-10 01:00:00,37.54500000000001,87.205
2024-08-10 02:00:00,36.46,85.755
2024-08-10 03:00:00,30.29,79.51
2024-08-10 04:00:00,22.869999999999997,82.03
2024-08-10 05:00:00,17.679999999999996,85.57
2024-08-10 06:00:00,19.349999999999998,96.495
2024-08-10 07:00:00,16.999999999999993,112.54499999999999
2024-08-10 08:00:00,11.779999999999998,108.35999999999999
2024-08-10 09:00:00,0.40999999999999803,90.67000000000003
2024-08-10 10:00:00,-1.789999999999997,81.77999999999999
2024-08-10 11:00:00,-8.875,69.22000000000001
2024-08-10 12:00:00,-12.14999999999999,66.985
2024-08-10 13:00:00,-23.835,56.09000000000001
2024-08-10 14:00:00,-28.054999999999993,54.81000000000001
2024-08-10 15:00:00,-23.804999999999982,52.719999999999985
2024-08-10 16:00:00,-9.930000000000005,65.65
2024-08-10 17:00:00,-0.8949999999999958,81.03999999999998
2024-08-10 18:00:00,31.61,97.28000000000002
2024-08-10 19:00:00,55.82499999999999,121.71500000000002
2024-08-10 20:00:00,73.465,141.245
2024-08-10 21:00:00,72.75,130.705
2024-08-10 22:00:00,75.46000000000001,114.93
2024-08-10 23:00:00,64.595,98.58
2024-08-11 00:00:00,53.545,97.865
2024-08-11 01:00:00,37.54500000000001,87.205
2024-08-11 02:00:00,36.46,85.755
2024-08-11 03:00:00,30.29,79.51
2024-08-11 04:00:00,22.869999999999997,82.03
2024-08-11 05:00:00,17.679999999999996,85.57
2024-08-11 06:00:00,19.349999999999998,96.495
2024-08-11 07:00:00,16.999999999999993,112.54499999999999
2024-08-11 08:00:00,11.779999999999998,108.35999999999999
2024-08-11 09:00:00,0.40999999999999803,90.67000000000003
2024-08-11 10:00:00,-1.789999999999997,81.77999999999999
2024-08-11 11:00:00,-8.875,69.22000000000001
2024-08-11 12:00:00,-12.14999999999999,66.985
2024-08-11 13:00:00,-23.835,56.09000000000001
2024-08-11 14:00:00,-28.054999999999993,54.81000000000001
2024-08-11 15:00:00,-23.804999999999982,52.719999999999985
2024-08-11 16:00:00,-9.930000000000005,65.65
2024-08-11 17:00:00,-0.8949999999999958,81.03999999999998
2024-08-11 18:00:00,31.61,97.28000000000002
2024-08-11 19:00:00,55.82499999999999,121.71500000000002
2024-08-11 20:00:00,73.465,141.245
2024-08-11 21:00:00,72.75,130.705
2024-08-11 22:00:00,75.46000000000001,114.93
2024-08-11 23:00:00,64.595,98.58
2024-08-12 00:00:00,55.47,95.89500000000001
2024-08-12 01:00:00,40.67000000000001,85.855
2024-08-12 02:00:00,36.46,85.755
2024-08-12 03:00:00,33.010000000000005,79.51
2024-08-12 04:00:00,30.824999999999996,82.03
2024-08-12 05:00:00,29.075,85.57
2024-08-12 06:00:00,30.81,96.25000000000001
2024-08-12 07:00:00,27.974999999999998,111.235
2024-08-12 08:00:00,24.0,105.82499999999999
2024-08-12 09:00:00,0.5150000000000022,89.78499999999998
2024-08-12 10:00:00,-1.4949999999999999,80.73500000000001
2024-08-12 11:00:00,-8.875,68.26500000000001
2024-08-12 12:00:00,-12.14999999999999,65.19
2024-08-12 13:00:00,-23.835,56.09000000000001
2024-08-12 14:00:00,-29.634999999999998,54.81000000000001
2024-08-12 15:00:00,-24.13499999999998,52.719999999999985
2024-08-12 16:00:00,-7.929999999999993,65.65
2024-08-12 17:00:00,-0.12499999999999174,81.04000000000002
2024-08-12 18:00:00,38.800000000000004,97.27999999999997
2024-08-12 19:00:00,60.82,123.99999999999999
2024-08-12 20:00:00,77.42999999999999,145.47
2024-08-12 21:00:00,78.08500000000001,133.015
2024-08-12 22:00:00,79.21,114.93
2024-08-12 23:00:00,73.28999999999999,98.99000000000001
2024-08-13 00:00:00,55.47,95.89500000000001
2024-08-13 01:00:00,40.67000000000001,85.855
2024-08-13 02:00:00,36.46,85.755
2024-08-13 03:00:00,33.010000000000005,79.51
2024-08-13 04:00:00,30.824999999999996,82.03
2024-08-13 05:00:00,29.075,85.57
2024-08-13 06:00:00,30.81,96.25000000000001
2024-08-13 07:00:00,27.974999999999998,111.235
2024-08-13 08:00:00,24.0,105.82499999999999
2024-08-13 09:00:00,0.5150000000000022,89.78499999999998
2024-08-13 10:00:00,-1.4949999999999999,80.73500000000001
2024-08-13 11:00:00,-8.875,68.26500000000001
2024-08-13 12:00:00,-12.14999999999999,65.19
2024-08-13 13:00:00,-23.835,56.09000000000001
2024-08-13 14:00:00,-29.634999999999998,54.81000000000001
2024-08-13 15:00:00,-24.13499999999998,52.719999999999985
2024-08-13 16:00:00,-7.929999999999993,65.65
2024-08-13 17:00:00,-0.12499999999999174,81.04000000000002
2024-08-13 18:00:00,38.800000000000004,97.27999999999997
2024-08-13 19:00:00,60.82,123.99999999999999
2024-08-13 20:00:00,77.42999999999999,145.47
2024-08-13 21:00:00,78.08500000000001,133.015
2024-08-13 22:00:00,79.21,114.93
2024-08-13 23:00:00,73.28999999999999,98.99000000000001
2024-08-14 00:00:00,55.47,95.89500000000001
2024-08-14 01:00:00,40.67000000000001,85.855
2024-08-14 02:00:00,36.46,85.755
2024-08-14 03:00:00,33.010000000000005,79.51
2024-08-14 04:00:00,30.824999999999996,82.03
2024-08-14 05:00:00,29.075,85.57
2024-08-14 06:00:00,30.81,96.25000000000001
2024-08-14 07:00:00,27.974999999999998,111.235
2024-08-14 08:00:00,24.0,105.82499999999999
2024-08-14 09:00:00,0.5150000000000022,89.78499999999998
2024-08-14 10:00:00,-1.4949999999999999,80.73500000000001
2024-08-14 11:00:00,-8.875,68.26500000000001
2024-08-14 12:00:00,-12.14999999999999,65.19
2024-08-14 13:00:00,-23.835,56.09000000000001
2024-08-14 14:00:00,-29.634999999999998,54.81000000000001
2024-08-14 15:00:00,-24.13499999999998,52.719999999999985
2024-08-14 16:00:00,-7.929999999999993,65.65
2024-08-14 17:00:00,-0.12499999999999174,81.04000000000002
2024-08-14 18:00:00,38.800000000000004,97.27999999999997
2024-08-14 19:00:00,60.82,123.99999999999999
2024-08-14 20:00:00,77.42999999999999,145.47
2024-08-14 21:00:00,78.08500000000001,133.015
2024-08-14 22:00:00,79.21,114.93
2024-08-14 23:00:00,73.28999999999999,98.99000000000001
2024-08-15 00:00:00,55.47,95.89500000000001
2024-08-15 01:00:00,40.67000000000001,85.855
2024-08-15 02:00:00,36.46,85.755
2024-08-15 03:00:00,33.010000000000005,79.51
2024-08-15 04:00:00,30.824999999999996,82.03
2024-08-15 05:00:00,29.075,85.57
2024-08-15 06:00:00,30.81,96.25000000000001
2024-08-15 07:00:00,27.974999999999998,111.235
2024-08-15 08:00:00,24.0,105.82499999999999
2024-08-15 09:00:00,0.5150000000000022,89.78499999999998
2024-08-15 10:00:00,-1.4949999999999999,80.73500000000001
2024-08-15 11:00:00,-8.875,68.26500000000001
2024-08-15 12:00:00,-12.14999999999999,65.19
2024-08-15 13:00:00,-23.835,56.09000000000001
2024-08-15 14:00:00,-29.634999999999998,54.81000000000001
2024-08-15 15:00:00,-24.13499999999998,52.719999999999985
2024-08-15 16:00:00,-7.929999999999993,65.65
2024-08-15 17:00:00,-0.12499999999999174,81.04000000000002
2024-08-15 18:00:00,38.800000000000004,97.27999999999997
2024-08-15 19:00:00,60.82,123.99999999999999
2024-08-15 20:00:00,77.42999999999999,145.47
2024-08-15 21:00:00,78.08500000000001,133.015
2024-08-15 22:00:00,79.21,114.93
2024-08-15 23:00:00,73.28999999999999,98.99000000000001
2024-08-16 00:00:00,55.47,95.89500000000001
2024-08-16 01:00:00,40.67000000000001,85.855
2024-08-16 02:00:00,36.46,85.755
2024-08-16 03:00:00,33.010000000000005,79.51
2024-08-16 04:00:00,30.824999999999996,82.03
2024-08-16 05:00:00,29.075,85.57
2024-08-16 06:00:00,30.81,96.25000000000001
2024-08-16 07:00:00,27.974999999999998,111.235
2024-08-16 08:00:00,24.0,105.82499999999999
2024-08-16 09:00:00,0.5150000000000022,89.78499999999998
2024-08-16 10:00:00,-1.4949999999999999,80.73500000000001
2024-08-16 11:00:00,-8.875,68.26500000000001
2024-08-16 12:00:00,-12.14999999999999,65.19
2024-08-16 13:00:00,-23.835,56.09000000000001
2024-08-16 14:00:00,-29.634999999999998,54.81000000000001
2024-08-16 15:00:00,-24.13499999999998,52.719999999999985
2024-08-16 16:00:00,-7.929999999999993,65.65
2024-08-16 17:00:00,-0.12499999999999174,81.04000000000002
2024-08-16 18:00:00,38.800000000000004,97.27999999999997
2024-08-16 19:00:00,60.82,123.99999999999999
2024-08-16 20:00:00,77.42999999999999,145.47
2024-08-16 21:00:00,78.08500000000001,133.015
2024-08-16 22:00:00,79.21,114.93
2024-08-16 23:00:00,73.28999999999999,98.99000000000001
2024-08-17 00:00:00,55.47,95.89500000000001
2024-08-17 01:00:00,40.67000000000001,85.855
2024-08-17 02:00:00,36.46,85.755
2024-08-17 03:00:00,33.010000000000005,79.51
2024-08-17 04:00:00,30.824999999999996,82.03
2024-08-17 05:00:00,29.075,85.57
2024-08-17 06:00:00,30.81,96.25000000000001
2024-08-17 07:00:00,27.974999999999998,111.235
2024-08-17 08:00:00,24.0,105.82499999999999
2024-08-17 09:00:00,0.5150000000000022,89.78499999999998
2024-08-17 10:00:00,-1.4949999999999999,80.73500000000001
2024-08-17 11:00:00,-8.875,68.26500000000001
2024-08-17 12:00:00,-12.14999999999999,65.19
2024-08-17 13:00:00,-23.835,56.09000000000001
2024-08-17 14:00:00,-29.634999999999998,54.81000000000001
2024-08-17 15:00:00,-24.13499999999998,52.719999999999985
2024-08-17 16:00:00,-7.929999999999993,65.65
2024-08-17 17:00:00,-0.12499999999999174,81.04000000000002
2024-08-17 18:00:00,38.800000000000004,97.27999999999997
2024-08-17 19:00:00,60.82,123.99999999999999
2024-08-17 20:00:00,77.42999999999999,145.47
2024-08-17 21:00:00,78.08500000000001,133.015
2024-08-17 22:00:00,79.21,114.93
2024-08-17 23:00:00,73.28999999999999,98.99000000000001
2024-08-18 00:00:00,55.47,95.89500000000001
2024-08-18 01:00:00,40.67000000000001,85.855
2024-08-18 02:00:00,36.46,85.755
2024-08-18 03:00:00,33.010000000000005,79.51
2024-08-18 04:00:00,30.824999999999996,82.03
2024-08-18 05:00:00,29.075,85.57
2024-08-18 06:00:00,30.81,96.25000000000001
2024-08-18 07:00:00,27.974999999999998,111.235
2024-08-18 08:00:00,24.0,105.82499999999999
2024-08-18 09:00:00,0.5150000000000022,89.78499999999998
2024-08-18 10:00:00,-1.4949999999999999,80.73500000000001
2024-08-18 11:00:00,-8.875,68.26500000000001
2024-08-18 12:00:00,-12.14999999999999,65.19
2024-08-18 13:00:00,-23.835,56.09000000000001
2024-08-18 14:00:00,-29.634999999999998,54.81000000000001
2024-08-18 15:00:00,-24.13499999999998,52.719999999999985
2024-08-18 16:00:00,-7.929999999999993,65.65
2024-08-18 17:00:00,-0.12499999999999174,81.04000000000002
2024-08-18 18:00:00,38.800000000000004,97.27999999999997
2024-08-18 19:00:00,60.82,123.99999999999999
2024-08-18 20:00:00,77.42999999999999,145.47
2024-08-18 21:00:00,78.08500000000001,133.015
2024-08-18 22:00:00,79.21,114.93
2024-08-18 23:00:00,73.28999999999999,98.99000000000001
2024-08-19 00:00:00,55.47,95.39
2024-08-19 01:00:00,40.67000000000001,87.205
2024-08-19 02:00:00,36.46,84.15
2024-08-19 03:00:00,33.010000000000005,78.855
2024-08-19 04:00:00,30.825,80.49499999999999
2024-08-19 05:00:00,29.075,85.25500000000001
2024-08-19 06:00:00,30.81,95.21499999999997
2024-08-19 07:00:00,27.974999999999998,111.235
2024-08-19 08:00:00,25.544999999999995,105.825
2024-08-19 09:00:00,0.5149999999999986,89.785
2024-08-19 10:00:00,-1.4950000000000006,80.735
2024-08-19 11:00:00,-8.875000000000007,68.26500000000001
2024-08-19 12:00:00,-12.150000000000004,64.09999999999998
2024-08-19 13:00:00,-23.834999999999997,55.59000000000002
2024-08-19 14:00:00,-29.634999999999987,50.37500000000003
2024-08-19 15:00:00,-24.134999999999998,52.71999999999998
2024-08-19 16:00:00,-7.930000000000001,65.65
2024-08-19 17:00:00,-0.12499999999999435,81.04
2024-08-19 18:00:00,38.800000000000004,97.895
2024-08-19 19:00:00,60.82,129.235
2024-08-19 20:00:00,77.42999999999999,154.07999999999998
2024-08-19 21:00:00,78.08500000000001,133.015
2024-08-19 22:00:00,79.21,114.59
2024-08-19 23:00:00,73.29,101.04999999999998
2024-08-20 00:00:00,55.47,95.39
2024-08-20 01:00:00,40.67000000000001,87.205
2024-08-20 02:00:00,36.46,84.15
2024-08-20 03:00:00,33.010000000000005,78.855
2024-08-20 04:00:00,30.825,80.49499999999999
2024-08-20 05:00:00,29.075,85.25500000000001
2024-08-20 06:00:00,30.81,95.21499999999997
2024-08-20 07:00:00,27.974999999999998,111.235
2024-08-20 08:00:00,25.544999999999995,105.825
2024-08-20 09:00:00,0.5149999999999986,89.785
2024-08-20 10:00:00,-1.4950000000000006,80.735
2024-08-20 11:00:00,-8.875000000000007,68.26500000000001
2024-08-20 12:00:00,-12.150000000000004,64.09999999999998
2024-08-20 13:00:00,-23.834999999999997,55.59000000000002
2024-08-20 14:00:00,-29.634999999999987,50.37500000000003
2024-08-20 15:00:00,-24.134999999999998,52.71999999999998
2024-08-20 16:00:00,-7.930000000000001,65.65
2024-08-20 17:00:00,-0.12499999999999435,81.04
2024-08-20 18:00:00,38.800000000000004,97.895
2024-08-20 19:00:00,60.82,129.235
2024-08-20 20:00:00,77.42999999999999,154.07999999999998
2024-08-20 21:00:00,78.08500000000001,133.015
2024-08-20 22:00:00,79.21,114.59
2024-08-20 23:00:00,73.29,101.04999999999998
2024-08-21 00:00:00,55.47,95.39
2024-08-21 01:00:00,40.67000000000001,87.205
2024-08-21 02:00:00,36.46,84.15
2024-08-21 03:00:00,33.010000000000005,78.855
2024-08-21 04:00:00,30.825,80.49499999999999
2024-08-21 05:00:00,29.075,85.25500000000001
2024-08-21 06:00:00,30.81,95.21499999999997
2024-08-21 07:00:00,27.974999999999998,111.235
2024-08-21 08:00:00,25.544999999999995,105.825
2024-08-21 09:00:00,0.5149999999999986,89.785
2024-08-21 10:00:00,-1.4950000000000006,80.735
2024-08-21 11:00:00,-8.875000000000007,68.26500000000001
2024-08-21 12:00:00,-12.150000000000004,64.09999999999998
2024-08-21 13:00:00,-23.834999999999997,55.59000000000002
2024-08-21 14:00:00,-29.634999999999987,50.37500000000003
2024-08-21 15:00:00,-24.134999999999998,52.71999999999998
2024-08-21 16:00:00,-7.930000000000001,65.65
2024-08-21 17:00:00,-0.12499999999999435,81.04
2024-08-21 18:00:00,38.800000000000004,97.895
2024-08-21 19:00:00,60.82,129.235
2024-08-21 20:00:00,77.42999999999999,154.07999999999998
2024-08-21 21:00:00,78.08500000000001,133.015
2024-08-21 22:00:00,79.21,114.59
2024-08-21 23:00:00,73.29,101.04999999999998
2024-08-22 00:00:00,55.47,95.39
2024-08-22 01:00:00,40.67000000000001,87.205
2024-08-22 02:00:00,36.46,84.15
2024-08-22 03:00:00,33.010000000000005,78.855
2024-08-22 04:00:00,30.825,80.49499999999999
2024-08-22 05:00:00,29.075,85.25500000000001
2024-08-22 06:00:00,30.81,95.21499999999997
2024-08-22 07:00:00,27.974999999999998,111.235
2024-08-22 08:00:00,25.544999999999995,105.825
2024-08-22 09:00:00,0.5149999999999986,89.785
2024-08-22 10:00:00,-1.4950000000000006,80.735
2024-08-22 11:00:00,-8.875000000000007,68.26500000000001
2024-08-22 12:00:00,-12.150000000000004,64.09999999999998
2024-08-22 13:00:00,-23.834999999999997,55.59000000000002
2024-08-22 14:00:00,-29.634999999999987,50.37500000000003
2024-08-22 15:00:00,-24.134999999999998,52.71999999999998
2024-08-22 16:00:00,-7.930000000000001,65.65
2024-08-22 17:00:00,-0.12499999999999435,81.04
2024-08-22 18:00:00,38.800000000000004,97.895
2024-08-22 19:00:00,60.82,129.235
2024-08-22 20:00:00,77.42999999999999,154.07999999999998
2024-08-22 21:00:00,78.08500000000001,133.015
2024-08-22 22:00:00,79.21,114.59
2024-08-22 23:00:00,73.29,101.04999999999998
2024-08-23 00:00:00,55.47,95.39
2024-08-23 01:00:00,40.67000000000001,87.205
2024-08-23 02:00:00,36.46,84.15
2024-08-23 03:00:00,33.010000000000005,78.855
2024-08-23 04:00:00,30.825,80.49499999999999
2024-08-23 05:00:00,29.075,85.25500000000001
2024-08-23 06:00:00,30.81,95.21499999999997
2024-08-23 07:00:00,27.974999999999998,111.235
2024-08-23 08:00:00,25.544999999999995,105.825
2024-08-23 09:00:00,0.5149999999999986,89.785
2024-08-23 10:00:00,-1.4950000000000006,80.735
2024-08-23 11:00:00,-8.875000000000007,68.26500000000001
2024-08-23 12:00:00,-12.150000000000004,64.09999999999998
2024-08-23 13:00:00,-23.834999999999997,55.59000000000002
2024-08-23 14:00:00,-29.634999999999987,50.37500000000003
2024-08-23 15:00:00,-24.134999999999998,52.71999999999998
2024-08-23 16:00:00,-7.930000000000001,65.65
2024-08-23 17:00:00,-0.12499999999999435,81.04
2024-08-23 18:00:00,38.800000000000004,97.895
2024-08-23 19:00:00,60.82,129.235
2024-08-23 20:00:00,77.42999999999999,154.07999999999998
2024-08-23 21:00:00,78.08500000000001,133.015
2024-08-23 22:00:00,79.21,114.59
2024-08-23 23:00:00,73.29,101.04999999999998
2024-08-24 00:00:00,55.47,95.39
2024-08-24 01:00:00,40.67000000000001,87.205
2024-08-24 02:00:00,36.46,84.15
2024-08-24 03:00:00,33.010000000000005,78.855
2024-08-24 04:00:00,30.825,80.49499999999999
2024-08-24 05:00:00,29.075,85.25500000000001
2024-08-24 06:00:00,30.81,95.21499999999997
2024-08-24 07:00:00,27.974999999999998,111.235
2024-08-24 08:00:00,25.544999999999995,105.825
2024-08-24 09:00:00,0.5149999999999986,89.785
2024-08-24 10:00:00,-1.4950000000000006,80.735
2024-08-24 11:00:00,-8.875000000000007,68.26500000000001
2024-08-24 12:00:00,-12.150000000000004,64.09999999999998
2024-08-24 13:00:00,-23.834999999999997,55.59000000000002
2024-08-24 14:00:00,-29.634999999999987,50.37500000000003
2024-08-24 15:00:00,-24.134999999999998,52.71999999999998
2024-08-24 16:00:00,-7.930000000000001,65.65
2024-08-24 17:00:00,-0.12499999999999435,81.04
2024-08-24 18:00:00,38.800000000000004,97.895
2024-08-24 19:00:00,60.82,129.235
2024-08-24 20:00:00,77.42999999999999,154.07999999999998
2024-08-24 21:00:00,78.08500000000001,133.015
2024-08-24 22:00:00,79.21,114.59
2024-08-24 23:00:00,73.29,101.04999999999998
2024-08-25 00:00:00,55.47,95.39
2024-08-25 01:00:00,40.67000000000001,87.205
2024-08-25 02:00:00,36.46,84.15
2024-08-25 03:00:00,33.010000000000005,78.855
2024-08-25 04:00:00,30.825,80.49499999999999
2024-08-25 05:00:00,29.075,85.25500000000001
2024-08-25 06:00:00,30.81,95.21499999999997
2024-08-25 07:00:00,27.974999999999998,111.235
2024-08-25 08:00:00,25.544999999999995,105.825
2024-08-25 09:00:00,0.5149999999999986,89.785
2024-08-25 10:00:00,-1.4950000000000006,80.735
2024-08-25 11:00:00,-8.875000000000007,68.26500000000001
2024-08-25 12:00:00,-12.150000000000004,64.09999999999998
2024-08-25 13:00:00,-23.834999999999997,55.59000000000002
2024-08-25 14:00:00,-29.634999999999987,50.37500000000003
2024-08-25 15:00:00,-24.134999999999998,52.71999999999998
2024-08-25 16:00:00,-7.930000000000001,65.65
2024-08-25 17:00:00,-0.12499999999999435,81.04
2024-08-25 18:00:00,38.800000000000004,97.895
2024-08-25 19:00:00,60.82,129.235
2024-08-25 20:00:00,77.42999999999999,154.07999999999998
2024-08-25 21:00:00,78.08500000000001,133.015
2024-08-25 22:00:00,79.21,114.59
2024-08-25 23:00:00,73.29,101.04999999999998
2024-08-26 00:00:00,53.464999999999996,94.96000000000001
2024-08-26 01:00:00,37.545,84.685
2024-08-26 02:00:00,32.455,83.205
2024-08-26 03:00:00,24.75,78.42
2024-08-26 04:00:00,22.325,77.535
2024-08-26 05:00:00,16.855,81.595
2024-08-26 06:00:00,21.63,90.41
2024-08-26 07:00:00,24.095,105.24499999999999
2024-08-26 08:00:00,23.484999999999996,105.825
2024-08-26 09:00:00,2.319637537606667e-15,92.435
2024-08-26 10:00:00,-3.995000000000001,80.73500000000001
2024-08-26 11:00:00,-10.360000000000015,68.26500000000001
2024-08-26 12:00:00,-16.064999999999987,64.09999999999998
2024-08-26 13:00:00,-35.10500000000001,55.59000000000002
2024-08-26 14:00:00,-41.11500000000001,50.37500000000003
2024-08-26 15:00:00,-28.220000000000002,52.71999999999998
2024-08-26 16:00:00,-10.055,65.65
2024-08-26 17:00:00,-1.0000000000000033,81.04
2024-08-26 18:00:00,38.230000000000004,97.895
2024-08-26 19:00:00,60.82,127.535
2024-08-26 20:00:00,78.615,156.105
2024-08-26 21:00:00,78.08500000000001,130.705
2024-08-26 22:00:00,78.44,113.275
2024-08-26 23:00:00,69.03,100.065
2024-08-27 00:00:00,53.464999999999996,94.96000000000001
2024-08-27 01:00:00,37.545,84.685
2024-08-27 02:00:00,32.455,83.205
2024-08-27 03:00:00,24.75,78.42
2024-08-27 04:00:00,22.325,77.535
2024-08-27 05:00:00,16.855,81.595
2024-08-27 06:00:00,21.63,90.41
2024-08-27 07:00:00,24.095,105.24499999999999
2024-08-27 08:00:00,23.484999999999996,105.825
2024-08-27 09:00:00,2.319637537606667e-15,92.435
2024-08-27 10:00:00,-3.995000000000001,80.73500000000001
2024-08-27 11:00:00,-10.360000000000015,68.26500000000001
2024-08-27 12:00:00,-16.064999999999987,64.09999999999998
2024-08-27 13:00:00,-35.10500000000001,55.59000000000002
2024-08-27 14:00:00,-41.11500000000001,50.37500000000003
2024-08-27 15:00:00,-28.220000000000002,52.71999999999998
2024-08-27 16:00:00,-10.055,65.65
2024-08-27 17:00:00,-1.0000000000000033,81.04
2024-08-27 18:00:00,38.230000000000004,97.895
2024-08-27 19:00:00,60.82,127.535
2024-08-27 20:00:00,78.615,156.105
2024-08-27 21:00:00,78.08500000000001,130.705
2024-08-27 22:00:00,78.44,113.275
2024-08-27 23:00:00,69.03,100.065
2024-08-28 00:00:00,53.464999999999996,94.96000000000001
2024-08-28 01:00:00,37.545,84.685
2024-08-28 02:00:00,32.455,83.205
2024-08-28 03:00:00,24.75,78.42
2024-08-28 04:00:00,22.325,77.535
2024-08-28 05:00:00,16.855,81.595
2024-08-28 06:00:00,21.63,90.41
2024-08-28 07:00:00,24.095,105.24499999999999
2024-08-28 08:00:00,23.484999999999996,105.825
2024-08-28 09:00:00,2.319637537606667e-15,92.435
2024-08-28 10:00:00,-3.995000000000001,80.73500000000001
2024-08-28 11:00:00,-10.360000000000015,68.26500000000001
2024-08-28 12:00:00,-16.064999999999987,64.09999999999998
2024-08-28 13:00:00,-35.10500000000001,55.59000000000002
2024-08-28 14:00:00,-41.11500000000001,50.37500000000003
2024-08-28 15:00:00,-28.220000000000002,52.71999999999998
2024-08-28 16:00:00,-10.055,65.65
2024-08-28 17:00:00,-1.0000000000000033,81.04
2024-08-28 18:00:00,38.230000000000004,97.895
2024-08-28 19:00:00,60.82,127.535
2024-08-28 20:00:00,78.615,156.105
2024-08-28 21:00:00,78.08500000000001,130.705
2024-08-28 22:00:00,78.44,113.275
2024-08-28 23:00:00,69.03,100.065
2024-08-29 00:00:00,53.464999999999996,94.96000000000001
2024-08-29 01:00:00,37.545,84.685
2024-08-29 02:00:00,32.455,83.205
2024-08-29 03:00:00,24.75,78.42
2024-08-29 04:00:00,22.325,77.535
2024-08-29 05:00:00,16.855,81.595
2024-08-29 06:00:00,21.63,90.41
2024-08-29 07:00:00,24.095,105.24499999999999
2024-08-29 08:00:00,23.484999999999996,105.825
2024-08-29 09:00:00,2.319637537606667e-15,92.435
2024-08-29 10:00:00,-3.995000000000001,80.73500000000001
2024-08-29 11:00:00,-10.360000000000015,68.26500000000001
2024-08-29 12:00:00,-16.064999999999987,64.09999999999998
2024-08-29 13:00:00,-35.10500000000001,55.59000000000002
2024-08-29 14:00:00,-41.11500000000001,50.37500000000003
2024-08-29 15:00:00,-28.220000000000002,52.71999999999998
2024-08-29 16:00:00,-10.055,65.65
2024-08-29 17:00:00,-1.0000000000000033,81.04
2024-08-29 18:00:00,38.230000000000004,97.895
2024-08-29 19:00:00,60.82,127.535
2024-08-29 20:00:00,78.615,156.105
2024-08-29 21:00:00,78.08500000000001,130.705
2024-08-29 22:00:00,78.44,113.275
2024-08-29 23:00:00,69.03,100.065
2024-08-30 00:00:00,53.464999999999996,94.96000000000001
2024-08-30 01:00:00,37.545,84.685
2024-08-30 02:00:00,32.455,83.205
2024-08-30 03:00:00,24.75,78.42
2024-08-30 04:00:00,22.325,77.535
2024-08-30 05:00:00,16.855,81.595
2024-08-30 06:00:00,21.63,90.41
2024-08-30 07:00:00,24.095,105.24499999999999
2024-08-30 08:00:00,23.484999999999996,105.825
2024-08-30 09:00:00,2.319637537606667e-15,92.435
2024-08-30 10:00:00,-3.995000000000001,80.73500000000001
2024-08-30 11:00:00,-10.360000000000015,68.26500000000001
2024-08-30 12:00:00,-16.064999999999987,64.09999999999998
2024-08-30 13:00:00,-35.10500000000001,55.59000000000002
2024-08-30 14:00:00,-41.11500000000001,50.37500000000003
2024-08-30 15:00:00,-28.220000000000002,52.71999999999998
2024-08-30 16:00:00,-10.055,65.65
2024-08-30 17:00:00,-1.0000000000000033,81.04
2024-08-30 18:00:00,38.230000000000004,97.895
2024-08-30 19:00:00,60.82,127.535
2024-08-30 20:00:00,78.615,156.105
2024-08-30 21:00:00,78.08500000000001,130.705
2024-08-30 22:00:00,78.44,113.275
2024-08-30 23:00:00,69.03,100.065
2024-08-31 00:00:00,53.464999999999996,94.96000000000001
2024-08-31 01:00:00,37.545,84.685
2024-08-31 02:00:00,32.455,83.205
2024-08-31 03:00:00,24.75,78.42
2024-08-31 04:00:00,22.325,77.535
2024-08-31 05:00:00,16.855,81.595
2024-08-31 06:00:00,21.63,90.41
2024-08-31 07:00:00,24.095,105.24499999999999
2024-08-31 08:00:00,23.484999999999996,105.825
2024-08-31 09:00:00,2.319637537606667e-15,92.435
2024-08-31 10:00:00,-3.995000000000001,80.73500000000001
2024-08-31 11:00:00,-10.360000000000015,68.26500000000001
2024-08-31 12:00:00,-16.064999999999987,64.09999999999998
2024-08-31 13:00:00,-35.10500000000001,55.59000000000002
2024-08-31 14:00:00,-41.11500000000001,50.37500000000003
2024-08-31 15:00:00,-28.220000000000002,52.71999999999998
2024-08-31 16:00:00,-10.055,65.65
2024-08-31 17:00:00,-1.0000000000000033,81.04
2024-08-31 18:00:00,38.230000000000004,97.895
2024-08-31 19:00:00,60.82,127.535
2024-08-31 20:00:00,78.615,156.105
2024-08-31 21:00:00,78.08500000000001,130.705
2024-08-31 22:00:00,78.44,113.275
2024-08-31 23:00:00,69.03,100.065
2024-09-01 00:00:00,53.464999999999996,94.96000000000001
2024-09-01 01:00:00,37.545,84.685
2024-09-01 02:00:00,32.455,83.205
2024-09-01 03:00:00,24.75,78.42
2024-09-01 04:00:00,22.325,77.535
2024-09-01 05:00:00,16.855,81.595
2024-09-01 06:00:00,21.63,90.41
2024-09-01 07:00:00,24.095,105.24499999999999
2024-09-01 08:00:00,23.484999999999996,105.825
2024-09-01 09:00:00,2.319637537606667e-15,92.435
2024-09-01 10:00:00,-3.995000000000001,80.73500000000001
2024-09-01 11:00:00,-10.360000000000015,68.26500000000001
2024-09-01 12:00:00,-16.064999999999987,64.09999999999998
2024-09-01 13:00:00,-35.10500000000001,55.59000000000002
2024-09-01 14:00:00,-41.11500000000001,50.37500000000003
2024-09-01 15:00:00,-28.220000000000002,52.71999999999998
2024-09-01 16:00:00,-10.055,65.65
2024-09-01 17:00:00,-1.0000000000000033,81.04
2024-09-01 18:00:00,38.230000000000004,97.895
2024-09-01 19:00:00,60.82,127.535
2024-09-01 20:00:00,78.615,156.105
2024-09-01 21:00:00,78.08500000000001,130.705
2024-09-01 22:00:00,78.44,113.275
2024-09-01 23:00:00,69.03,100.065
2024-09-02 00:00:00,60.260000000000005,97.08500000000001
2024-09-02 01:00:00,49.385000000000005,89.08000000000001
2024-09-02 02:00:00,45.74999999999999,86.79
2024-09-02 03:00:00,33.37499999999999,80.94999999999999
2024-09-02 04:00:00,34.195,81.38000000000001
2024-09-02 05:00:00,35.295,86.13000000000001
2024-09-02 06:00:00,45.464999999999996,97.595
2024-09-02 07:00:00,38.88,114.85499999999999
2024-09-02 08:00:00,25.544999999999998,114.24000000000001
2024-09-02 09:00:00,0.1350000000000009,99.74
2024-09-02 10:00:00,-0.40500000000000164,82.345
2024-09-02 11:00:00,-5.785000000000005,69.30000000000001
2024-09-02 12:00:00,-16.064999999999987,65.13999999999999
2024-09-02 13:00:00,-35.10500000000001,54.12500000000001
2024-09-02 14:00:00,-31.600000000000005,52.14500000000001
2024-09-02 15:00:00,-17.06499999999999,60.140000000000015
2024-09-02 16:00:00,-7.980000000000001,72.51499999999997
2024-09-02 17:00:00,-0.12500000000000921,88.355
2024-09-02 18:00:00,45.01,108.24999999999999
2024-09-02 19:00:00,77.345,147.995
2024-09-02 20:00:00,81.22,165.88
2024-09-02 21:00:00,88.54,132.485
2024-09-02 22:00:00,83.06,113.98
2024-09-02 23:00:00,75.06,101.12
2024-09-03 00:00:00,60.260000000000005,97.08500000000001
2024-09-03 01:00:00,49.385000000000005,89.08000000000001
2024-09-03 02:00:00,45.74999999999999,86.79
2024-09-03 03:00:00,33.37499999999999,80.94999999999999
2024-09-03 04:00:00,34.195,81.38000000000001
2024-09-03 05:00:00,35.295,86.13000000000001
2024-09-03 06:00:00,45.464999999999996,97.595
2024-09-03 07:00:00,38.88,114.85499999999999
2024-09-03 08:00:00,25.544999999999998,114.24000000000001
2024-09-03 09:00:00,0.1350000000000009,99.74
2024-09-03 10:00:00,-0.40500000000000164,82.345
2024-09-03 11:00:00,-5.785000000000005,69.30000000000001
2024-09-03 12:00:00,-16.064999999999987,65.13999999999999
2024-09-03 13:00:00,-35.10500000000001,54.12500000000001
2024-09-03 14:00:00,-31.600000000000005,52.14500000000001
2024-09-03 15:00:00,-17.06499999999999,60.140000000000015
2024-09-03 16:00:00,-7.980000000000001,72.51499999999997
2024-09-03 17:00:00,-0.12500000000000921,88.355
2024-09-03 18:00:00,45.01,108.24999999999999
2024-09-03 19:00:00,77.345,147.995
2024-09-03 20:00:00,81.22,165.88
2024-09-03 21:00:00,88.54,132.485
2024-09-03 22:00:00,83.06,113.98
2024-09-03 23:00:00,75.06,101.12
2024-09-04 00:00:00,60.260000000000005,97.08500000000001
2024-09-04 01:00:00,49.385000000000005,89.08000000000001
2024-09-04 02:00:00,45.74999999999999,86.79
2024-09-04 03:00:00,33.37499999999999,80.94999999999999
2024-09-04 04:00:00,34.195,81.38000000000001
2024-09-04 05:00:00,35.295,86.13000000000001
2024-09-04 06:00:00,45.464999999999996,97.595
2024-09-04 07:00:00,38.88,114.85499999999999
2024-09-04 08:00:00,25.544999999999998,114.24000000000001
2024-09-04 09:00:00,0.1350000000000009,99.74
2024-09-04 10:00:00,-0.40500000000000164,82.345
2024-09-04 11:00:00,-5.785000000000005,69.30000000000001
2024-09-04 12:00:00,-16.064999999999987,65.13999999999999
2024-09-04 13:00:00,-35.10500000000001,54.12500000000001
2024-09-04 14:00:00,-31.600000000000005,52.14500000000001
2024-09-04 15:00:00,-17.06499999999999,60.140000000000015
2024-09-04 16:00:00,-7.980000000000001,72.51499999999997
2024-09-04 17:00:00,-0.12500000000000921,88.355
2024-09-04 18:00:00,45.01,108.24999999999999
2024-09-04 19:00:00,77.345,147.995
2024-09-04 20:00:00,81.22,165.88
2024-09-04 21:00:00,88.54,132.485
2024-09-04 22:00:00,83.06,113.98
2024-09-04 23:00:00,75.06,101.12
2024-09-05 00:00:00,60.260000000000005,97.08500000000001
2024-09-05 01:00:00,49.385000000000005,89.08000000000001
2024-09-05 02:00:00,45.74999999999999,86.79
2024-09-05 03:00:00,33.37499999999999,80.94999999999999
2024-09-05 04:00:00,34.195,81.38000000000001
2024-09-05 05:00:00,35.295,86.13000000000001
2024-09-05 06:00:00,45.464999999999996,97.595
2024-09-05 07:00:00,38.88,114.85499999999999
2024-09-05 08:00:00,25.544999999999998,114.24000000000001
2024-09-05 09:00:00,0.1350000000000009,99.74
2024-09-05 10:00:00,-0.40500000000000164,82.345
2024-09-05 11:00:00,-5.785000000000005,69.30000000000001
2024-09-05 12:00:00,-16.064999999999987,65.13999999999999
2024-09-05 13:00:00,-35.10500000000001,54.12500000000001
2024-09-05 14:00:00,-31.600000000000005,52.14500000000001
2024-09-05 15:00:00,-17.06499999999999,60.140000000000015
2024-09-05 16:00:00,-7.980000000000001,72.51499999999997
2024-09-05 17:00:00,-0.12500000000000921,88.355
2024-09-05 18:00:00,45.01,108.24999999999999
2024-09-05 19:00:00,77.345,147.995
2024-09-05 20:00:00,81.22,165.88
2024-09-05 21:00:00,88.54,132.485
2024-09-05 22:00:00,83.06,113.98
2024-09-05 23:00:00,75.06,101.12
2024-09-06 00:00:00,60.260000000000005,97.08500000000001
2024-09-06 01:00:00,49.385000000000005,89.08000000000001
2024-09-06 02:00:00,45.74999999999999,86.79
2024-09-06 03:00:00,33.37499999999999,80.94999999999999
2024-09-06 04:00:00,34.195,81.38000000000001
2024-09-06 05:00:00,35.295,86.13000000000001
2024-09-06 06:00:00,45.464999999999996,97.595
2024-09-06 07:00:00,38.88,114.85499999999999
2024-09-06 08:00:00,25.544999999999998,114.24000000000001
2024-09-06 09:00:00,0.1350000000000009,99.74
2024-09-06 10:00:00,-0.40500000000000164,82.345
2024-09-06 11:00:00,-5.785000000000005,69.30000000000001
2024-09-06 12:00:00,-16.064999999999987,65.13999999999999
2024-09-06 13:00:00,-35.10500000000001,54.12500000000001
2024-09-06 14:00:00,-31.600000000000005,52.14500000000001
2024-09-06 15:00:00,-17.06499999999999,60.140000000000015
2024-09-06 16:00:00,-7.980000000000001,72.51499999999997
2024-09-06 17:00:00,-0.12500000000000921,88.355
2024-09-06 18:00:00,45.01,108.24999999999999
2024-09-06 19:00:00,77.345,147.995
2024-09-06 20:00:00,81.22,165.88
2024-09-06 21:00:00,88.54,132.485
2024-09-06 22:00:00,83.06,113.98
2024-09-06 23:00:00,75.06,101.12
2024-09-07 00:00:00,60.260000000000005,97.08500000000001
2024-09-07 01:00:00,49.385000000000005,89.08000000000001
2024-09-07 02:00:00,45.74999999999999,86.79
2024-09-07 03:00:00,33.37499999999999,80.94999999999999
2024-09-07 04:00:00,34.195,81.38000000000001
2024-09-07 05:00:00,35.295,86.13000000000001
2024-09-07 06:00:00,45.464999999999996,97.595
2024-09-07 07:00:00,38.88,114.85499999999999
2024-09-07 08:00:00,25.544999999999998,114.24000000000001
2024-09-07 09:00:00,0.1350000000000009,99.74
2024-09-07 10:00:00,-0.40500000000000164,82.345
2024-09-07 11:00:00,-5.785000000000005,69.30000000000001
2024-09-07 12:00:00,-16.064999999999987,65.13999999999999
2024-09-07 13:00:00,-35.10500000000001,54.12500000000001
2024-09-07 14:00:00,-31.600000000000005,52.14500000000001
2024-09-07 15:00:00,-17.06499999999999,60.140000000000015
2024-09-07 16:00:00,-7.980000000000001,72.51499999999997
2024-09-07 17:00:00,-0.12500000000000921,88.355
2024-09-07 18:00:00,45.01,108.24999999999999
2024-09-07 19:00:00,77.345,147.995
2024-09-07 20:00:00,81.22,165.88
2024-09-07 21:00:00,88.54,132.485
2024-09-07 22:00:00,83.06,113.98
2024-09-07 23:00:00,75.06,101.12
2024-09-08 00:00:00,60.260000000000005,97.08500000000001
2024-09-08 01:00:00,49.385000000000005,89.08000000000001
2024-09-08 02:00:00,45.74999999999999,86.79
2024-09-08 03:00:00,33.37499999999999,80.94999999999999
2024-09-08 04:00:00,34.195,81.38000000000001
2024-09-08 05:00:00,35.295,86.13000000000001
2024-09-08 06:00:00,45.464999999999996,97.595
2024-09-08 07:00:00,38.88,114.85499999999999
2024-09-08 08:00:00,25.544999999999998,114.24000000000001
2024-09-08 09:00:00,0.1350000000000009,99.74
2024-09-08 10:00:00,-0.40500000000000164,82.345
2024-09-08 11:00:00,-5.785000000000005,69.30000000000001
2024-09-08 12:00:00,-16.064999999999987,65.13999999999999
2024-09-08 13:00:00,-35.10500000000001,54.12500000000001
2024-09-08 14:00:00,-31.600000000000005,52.14500000000001
2024-09-08 15:00:00,-17.06499999999999,60.140000000000015
2024-09-08 16:00:00,-7.980000000000001,72.51499999999997
2024-09-08 17:00:00,-0.12500000000000921,88.355
2024-09-08 18:00:00,45.01,108.24999999999999
2024-09-08 19:00:00,77.345,147.995
2024-09-08 20:00:00,81.22,165.88
2024-09-08 21:00:00,88.54,132.485
2024-09-08 22:00:00,83.06,113.98
2024-09-08 23:00:00,75.06,101.12
2024-09-09 00:00:00,60.26,99.63499999999999
2024-09-09 01:00:00,49.385,94.195
2024-09-09 02:00:00,45.74999999999999,89.705
2024-09-09 03:00:00,33.375,87.11
2024-09-09 04:00:00,36.14000000000001,84.33000000000001
2024-09-09 05:00:00,42.199999999999996,88.385
2024-09-09 06:00:00,48.41,106.84500000000001
2024-09-09 07:00:00,43.57999999999999,125.58
2024-09-09 08:00:00,28.09,121.63999999999999
2024-09-09 09:00:00,2.5150000000000015,107.14999999999999
2024-09-09 10:00:00,-0.009999999999998321,91.13
2024-09-09 11:00:00,-4.135000000000014,83.415
2024-09-09 12:00:00,-12.795000000000007,76.21999999999998
2024-09-09 13:00:00,-27.185000000000002,73.35499999999999
2024-09-09 14:00:00,-25.700000000000003,66.85999999999999
2024-09-09 15:00:00,-15.119999999999994,72.86500000000001
2024-09-09 16:00:00,-6.0850000000000035,81.79999999999997
2024-09-09 17:00:00,1.2349999999999952,92.795
2024-09-09 18:00:00,50.824999999999996,112.13999999999999
2024-09-09 19:00:00,81.33000000000001,158.27
2024-09-09 20:00:00,96.27499999999999,168.4
2024-09-09 21:00:00,93.42,133.04500000000002
2024-09-09 22:00:00,85.11,114.78
2024-09-09 23:00:00,76.98,102.96000000000002
2024-09-10 00:00:00,60.26,99.63499999999999
2024-09-10 01:00:00,49.385,94.195
2024-09-10 02:00:00,45.74999999999999,89.705
2024-09-10 03:00:00,33.375,87.11
2024-09-10 04:00:00,36.14000000000001,84.33000000000001
2024-09-10 05:00:00,42.199999999999996,88.385
2024-09-10 06:00:00,48.41,106.84500000000001
2024-09-10 07:00:00,43.57999999999999,125.58
2024-09-10 08:00:00,28.09,121.63999999999999
2024-09-10 09:00:00,2.5150000000000015,107.14999999999999
2024-09-10 10:00:00,-0.009999999999998321,91.13
2024-09-10 11:00:00,-4.135000000000014,83.415
2024-09-10 12:00:00,-12.795000000000007,76.21999999999998
2024-09-10 13:00:00,-27.185000000000002,73.35499999999999
2024-09-10 14:00:00,-25.700000000000003,66.85999999999999
2024-09-10 15:00:00,-15.119999999999994,72.86500000000001
2024-09-10 16:00:00,-6.0850000000000035,81.79999999999997
2024-09-10 17:00:00,1.2349999999999952,92.795
2024-09-10 18:00:00,50.824999999999996,112.13999999999999
2024-09-10 19:00:00,81.33000000000001,158.27
2024-09-10 20:00:00,96.27499999999999,168.4
2024-09-10 21:00:00,93.42,133.04500000000002
2024-09-10 22:00:00,85.11,114.78
2024-09-10 23:00:00,76.98,102.96000000000002
2024-09-11 00:00:00,60.26,99.63499999999999
2024-09-11 01:00:00,49.385,94.195
2024-09-11 02:00:00,45.74999999999999,89.705
2024-09-11 03:00:00,33.375,87.11
2024-09-11 04:00:00,36.14000000000001,84.33000000000001
2024-09-11 05:00:00,42.199999999999996,88.385
2024-09-11 06:00:00,48.41,106.84500000000001
2024-09-11 07:00:00,43.57999999999999,125.58
2024-09-11 08:00:00,28.09,121.63999999999999
2024-09-11 09:00:00,2.5150000000000015,107.14999999999999
2024-09-11 10:00:00,-0.009999999999998321,91.13
2024-09-11 11:00:00,-4.135000000000014,83.415
2024-09-11 12:00:00,-12.795000000000007,76.21999999999998
2024-09-11 13:00:00,-27.185000000000002,73.35499999999999
2024-09-11 14:00:00,-25.700000000000003,66.85999999999999
2024-09-11 15:00:00,-15.119999999999994,72.86500000000001
2024-09-11 16:00:00,-6.0850000000000035,81.79999999999997
2024-09-11 17:00:00,1.2349999999999952,92.795
2024-09-11 18:00:00,50.824999999999996,112.13999999999999
2024-09-11 19:00:00,81.33000000000001,158.27
2024-09-11 20:00:00,96.27499999999999,168.4
2024-09-11 21:00:00,93.42,133.04500000000002
2024-09-11 22:00:00,85.11,114.78
2024-09-11 23:00:00,76.98,102.96000000000002
2024-09-12 00:00:00,60.26,99.63499999999999
2024-09-12 01:00:00,49.385,94.195
2024-09-12 02:00:00,45.74999999999999,89.705
2024-09-12 03:00:00,33.375,87.11
2024-09-12 04:00:00,36.14000000000001,84.33000000000001
2024-09-12 05:00:00,42.199999999999996,88.385
2024-09-12 06:00:00,48.41,106.84500000000001
2024-09-12 07:00:00,43.57999999999999,125.58
2024-09-12 08:00:00,28.09,121.63999999999999
2024-09-12 09:00:00,2.5150000000000015,107.14999999999999
2024-09-12 10:00:00,-0.009999999999998321,91.13
2024-09-12 11:00:00,-4.135000000000014,83.415
2024-09-12 12:00:00,-12.795000000000007,76.21999999999998
2024-09-12 13:00:00,-27.185000000000002,73.35499999999999
2024-09-12 14:00:00,-25.700000000000003,66.85999999999999
2024-09-12 15:00:00,-15.119999999999994,72.86500000000001
2024-09-12 16:00:00,-6.0850000000000035,81.79999999999997
2024-09-12 17:00:00,1.2349999999999952,92.795
2024-09-12 18:00:00,50.824999999999996,112.13999999999999
2024-09-12 19:00:00,81.33000000000001,158.27
2024-09-12 20:00:00,96.27499999999999,168.4
2024-09-12 21:00:00,93.42,133.04500000000002
2024-09-12 22:00:00,85.11,114.78
2024-09-12 23:00:00,76.98,102.96000000000002
2024-09-13 00:00:00,60.26,99.63499999999999
2024-09-13 01:00:00,49.385,94.195
2024-09-13 02:00:00,45.74999999999999,89.705
2024-09-13 03:00:00,33.375,87.11
2024-09-13 04:00:00,36.14000000000001,84.33000000000001
2024-09-13 05:00:00,42.199999999999996,88.385
2024-09-13 06:00:00,48.41,106.84500000000001
2024-09-13 07:00:00,43.57999999999999,125.58
2024-09-13 08:00:00,28.09,121.63999999999999
2024-09-13 09:00:00,2.5150000000000015,107.14999999999999
2024-09-13 10:00:00,-0.009999999999998321,91.13
2024-09-13 11:00:00,-4.135000000000014,83.415
2024-09-13 12:00:00,-12.795000000000007,76.21999999999998
2024-09-13 13:00:00,-27.185000000000002,73.35499999999999
2024-09-13 14:00:00,-25.700000000000003,66.85999999999999
2024-09-13 15:00:00,-15.119999999999994,72.86500000000001
2024-09-13 16:00:00,-6.0850000000000035,81.79999999999997
2024-09-13 17:00:00,1.2349999999999952,92.795
2024-09-13 18:00:00,50.824999999999996,112.13999999999999
2024-09-13 19:00:00,81.33000000000001,158.27
2024-09-13 20:00:00,96.27499999999999,168.4
2024-09-13 21:00:00,93.42,133.04500000000002
2024-09-13 22:00:00,85.11,114.78
2024-09-13 23:00:00,76.98,102.96000000000002
2024-09-14 00:00:00,60.26,99.63499999999999
2024-09-14 01:00:00,49.385,94.195
2024-09-14 02:00:00,45.74999999999999,89.705
2024-09-14 03:00:00,33.375,87.11
2024-09-14 04:00:00,36.14000000000001,84.33000000000001
2024-09-14 05:00:00,42.199999999999996,88.385
2024-09-14 06:00:00,48.41,106.84500000000001
2024-09-14 07:00:00,43.57999999999999,125.58
2024-09-14 08:00:00,28.09,121.63999999999999
2024-09-14 09:00:00,2.5150000000000015,107.14999999999999
2024-09-14 10:00:00,-0.009999999999998321,91.13
2024-09-14 11:00:00,-4.135000000000014,83.415
2024-09-14 12:00:00,-12.795000000000007,76.21999999999998
2024-09-14 13:00:00,-27.185000000000002,73.35499999999999
2024-09-14 14:00:00,-25.700000000000003,66.85999999999999
2024-09-14 15:00:00,-15.119999999999994,72.86500000000001
2024-09-14 16:00:00,-6.0850000000000035,81.79999999999997
2024-09-14 17:00:00,1.2349999999999952,92.795
2024-09-14 18:00:00,50.824999999999996,112.13999999999999
2024-09-14 19:00:00,81.33000000000001,158.27
2024-09-14 20:00:00,96.27499999999999,168.4
2024-09-14 21:00:00,93.42,133.04500000000002
2024-09-14 22:00:00,85.11,114.78
2024-09-14 23:00:00,76.98,102.96000000000002
2024-09-15 00:00:00,60.26,99.63499999999999
2024-09-15 01:00:00,49.385,94.195
2024-09-15 02:00:00,45.74999999999999,89.705
2024-09-15 03:00:00,33.375,87.11
2024-09-15 04:00:00,36.14000000000001,84.33000000000001
2024-09-15 05:00:00,42.199999999999996,88.385
2024-09-15 06:00:00,48.41,106.84500000000001
2024-09-15 07:00:00,43.57999999999999,125.58
2024-09-15 08:00:00,28.09,121.63999999999999
2024-09-15 09:00:00,2.5150000000000015,107.14999999999999
2024-09-15 10:00:00,-0.009999999999998321,91.13
2024-09-15 11:00:00,-4.135000000000014,83.415
2024-09-15 12:00:00,-12.795000000000007,76.21999999999998
2024-09-15 13:00:00,-27.185000000000002,73.35499999999999
2024-09-15 14:00:00,-25.700000000000003,66.85999999999999
2024-09-15 15:00:00,-15.119999999999994,72.86500000000001
2024-09-15 16:00:00,-6.0850000000000035,81.79999999999997
2024-09-15 17:00:00,1.2349999999999952,92.795
2024-09-15 18:00:00,50.824999999999996,112.13999999999999
2024-09-15 19:00:00,81.33000000000001,158.27
2024-09-15 20:00:00,96.27499999999999,168.4
2024-09-15 21:00:00,93.42,133.04500000000002
2024-09-15 22:00:00,85.11,114.78
2024-09-15 23:00:00,76.98,102.96000000000002
2024-09-16 00:00:00,60.26,99.63499999999999
2024-09-16 01:00:00,49.385,94.195
2024-09-16 02:00:00,45.75000000000001,89.70499999999998
2024-09-16 03:00:00,32.589999999999996,87.11
2024-09-16 04:00:00,36.14000000000001,83.66999999999999
2024-09-16 05:00:00,42.199999999999996,88.385
2024-09-16 06:00:00,53.09,106.84500000000001
2024-09-16 07:00:00,46.775,125.99
2024-09-16 08:00:00,38.23500000000001,127.00500000000001
2024-09-16 09:00:00,9.909999999999998,110.65499999999999
2024-09-16 10:00:00,-0.009999999999998321,91.13
2024-09-16 11:00:00,-4.135000000000014,83.415
2024-09-16 12:00:00,-12.795000000000007,76.21999999999998
2024-09-16 13:00:00,-27.185000000000002,73.35499999999999
2024-09-16 14:00:00,-25.700000000000003,66.85999999999999
2024-09-16 15:00:00,-15.119999999999994,72.86500000000001
2024-09-16 16:00:00,-6.0850000000000035,81.79999999999997
2024-09-16 17:00:00,1.2349999999999952,92.795
2024-09-16 18:00:00,52.309999999999995,112.13999999999999
2024-09-16 19:00:00,83.185,162.99
2024-09-16 20:00:00,96.27499999999999,168.4
2024-09-16 21:00:00,90.625,131.175
2024-09-16 22:00:00,84.67,113.61500000000001
2024-09-16 23:00:00,76.14000000000001,102.67
2024-09-17 00:00:00,60.26,99.63499999999999
2024-09-17 01:00:00,49.385,94.195
2024-09-17 02:00:00,45.75000000000001,89.70499999999998
2024-09-17 03:00:00,32.589999999999996,87.11
2024-09-17 04:00:00,36.14000000000001,83.66999999999999
2024-09-17 05:00:00,42.199999999999996,88.385
2024-09-17 06:00:00,53.09,106.84500000000001
2024-09-17 07:00:00,46.775,125.99
2024-09-17 08:00:00,38.23500000000001,127.00500000000001
2024-09-17 09:00:00,9.909999999999998,110.65499999999999
2024-09-17 10:00:00,-0.009999999999998321,91.13
2024-09-17 11:00:00,-4.135000000000014,83.415
2024-09-17 12:00:00,-12.795000000000007,76.21999999999998
2024-09-17 13:00:00,-27.185000000000002,73.35499999999999
2024-09-17 14:00:00,-25.700000000000003,66.85999999999999
2024-09-17 15:00:00,-15.119999999999994,72.86500000000001
2024-09-17 16:00:00,-6.0850000000000035,81.79999999999997
2024-09-17 17:00:00,1.2349999999999952,92.795
2024-09-17 18:00:00,52.309999999999995,112.13999999999999
2024-09-17 19:00:00,83.185,162.99
2024-09-17 20:00:00,96.27499999999999,168.4
2024-09-17 21:00:00,90.625,131.175
2024-09-17 22:00:00,84.67,113.61500000000001
2024-09-17 23:00:00,76.14000000000001,102.67
2024-09-18 00:00:00,60.26,99.63499999999999
2024-09-18 01:00:00,49.385,94.195
2024-09-18 02:00:00,45.75000000000001,89.70499999999998
2024-09-18 03:00:00,32.589999999999996,87.11
2024-09-18 04:00:00,36.14000000000001,83.66999999999999
2024-09-18 05:00:00,42.199999999999996,88.385
2024-09-18 06:00:00,53.09,106.84500000000001
2024-09-18 07:00:00,46.775,125.99
2024-09-18 08:00:00,38.23500000000001,127.00500000000001
2024-09-18 09:00:00,9.909999999999998,110.65499999999999
2024-09-18 10:00:00,-0.009999999999998321,91.13
2024-09-18 11:00:00,-4.135000000000014,83.415
2024-09-18 12:00:00,-12.795000000000007,76.21999999999998
2024-09-18 13:00:00,-27.185000000000002,73.35499999999999
2024-09-18 14:00:00,-25.700000000000003,66.85999999999999
2024-09-18 15:00:00,-15.119999999999994,72.86500000000001
2024-09-18 16:00:00,-6.0850000000000035,81.79999999999997
2024-09-18 17:00:00,1.2349999999999952,92.795
2024-09-18 18:00:00,52.309999999999995,112.13999999999999
2024-09-18 19:00:00,83.185,162.99
2024-09-18 20:00:00,96.27499999999999,168.4
2024-09-18 21:00:00,90.625,131.175
2024-09-18 22:00:00,84.67,113.61500000000001
2024-09-18 23:00:00,76.14000000000001,102.67
2024-09-19 00:00:00,60.26,99.63499999999999
2024-09-19 01:00:00,49.385,94.195
2024-09-19 02:00:00,45.75000000000001,89.70499999999998
2024-09-19 03:00:00,32.589999999999996,87.11
2024-09-19 04:00:00,36.14000000000001,83.66999999999999
2024-09-19 05:00:00,42.199999999999996,88.385
2024-09-19 06:00:00,53.09,106.84500000000001
2024-09-19 07:00:00,46.775,125.99
2024-09-19 08:00:00,38.23500000000001,127.00500000000001
2024-09-19 09:00:00,9.909999999999998,110.65499999999999
2024-09-19 10:00:00,-0.009999999999998321,91.13
2024-09-19 11:00:00,-4.135000000000014,83.415
2024-09-19 12:00:00,-12.795000000000007,76.21999999999998
2024-09-19 13:00:00,-27.185000000000002,73.35499999999999
2024-09-19 14:00:00,-25.700000000000003,66.85999999999999
2024-09-19 15:00:00,-15.119999999999994,72.86500000000001
2024-09-19 16:00:00,-6.0850000000000035,81.79999999999997
2024-09-19 17:00:00,1.2349999999999952,92.795
2024-09-19 18:00:00,52.309999999999995,112.13999999999999
2024-09-19 19:00:00,83.185,162.99
2024-09-19 20:00:00,96.27499999999999,168.4
2024-09-19 21:00:00,90.625,131.175
2024-09-19 22:00:00,84.67,113.61500000000001
2024-09-19 23:00:00,76.14000000000001,102.67
2024-09-20 00:00:00,60.26,99.63499999999999
2024-09-20 01:00:00,49.385,94.195
2024-09-20 02:00:00,45.75000000000001,89.70499999999998
2024-09-20 03:00:00,32.589999999999996,87.11
2024-09-20 04:00:00,36.14000000000001,83.66999999999999
2024-09-20 05:00:00,42.199999999999996,88.385
2024-09-20 06:00:00,53.09,106.84500000000001
2024-09-20 07:00:00,46.775,125.99
2024-09-20 08:00:00,38.23500000000001,127.00500000000001
2024-09-20 09:00:00,9.909999999999998,110.65499999999999
2024-09-20 10:00:00,-0.009999999999998321,91.13
2024-09-20 11:00:00,-4.135000000000014,83.415
2024-09-20 12:00:00,-12.795000000000007,76.21999999999998
2024-09-20 13:00:00,-27.185000000000002,73.35499999999999
2024-09-20 14:00:00,-25.700000000000003,66.85999999999999
2024-09-20 15:00:00,-15.119999999999994,72.86500000000001
2024-09-20 16:00:00,-6.0850000000000035,81.79999999999997
2024-09-20 17:00:00,1.2349999999999952,92.795
2024-09-20 18:00:00,52.309999999999995,112.13999999999999
2024-09-20 19:00:00,83.185,162.99
2024-09-20 20:00:00,96.27499999999999,168.4
2024-09-20 21:00:00,90.625,131.175
2024-09-20 22:00:00,84.67,113.61500000000001
2024-09-20 23:00:00,76.14000000000001,102.67
2024-09-21 00:00:00,60.26,99.63499999999999
2024-09-21 01:00:00,49.385,94.195
2024-09-21 02:00:00,45.75000000000001,89.70499999999998
2024-09-21 03:00:00,32.589999999999996,87.11
2024-09-21 04:00:00,36.14000000000001,83.66999999999999
2024-09-21 05:00:00,42.199999999999996,88.385
2024-09-21 06:00:00,53.09,106.84500000000001
2024-09-21 07:00:00,46.775,125.99
2024-09-21 08:00:00,38.23500000000001,127.00500000000001
2024-09-21 09:00:00,9.909999999999998,110.65499999999999
2024-09-21 10:00:00,-0.009999999999998321,91.13
2024-09-21 11:00:00,-4.135000000000014,83.415
2024-09-21 12:00:00,-12.795000000000007,76.21999999999998
2024-09-21 13:00:00,-27.185000000000002,73.35499999999999
2024-09-21 14:00:00,-25.700000000000003,66.85999999999999
2024-09-21 15:00:00,-15.119999999999994,72.86500000000001
2024-09-21 16:00:00,-6.0850000000000035,81.79999999999997
2024-09-21 17:00:00,1.2349999999999952,92.795
2024-09-21 18:00:00,52.309999999999995,112.13999999999999
2024-09-21 19:00:00,83.185,162.99
2024-09-21 20:00:00,96.27499999999999,168.4
2024-09-21 21:00:00,90.625,131.175
2024-09-21 22:00:00,84.67,113.61500000000001
2024-09-21 23:00:00,76.14000000000001,102.67
2024-09-22 00:00:00,60.26,99.63499999999999
2024-09-22 01:00:00,49.385,94.195
2024-09-22 02:00:00,45.75000000000001,89.70499999999998
2024-09-22 03:00:00,32.589999999999996,87.11
2024-09-22 04:00:00,36.14000000000001,83.66999999999999
2024-09-22 05:00:00,42.199999999999996,88.385
2024-09-22 06:00:00,53.09,106.84500000000001
2024-09-22 07:00:00,46.775,125.99
2024-09-22 08:00:00,38.23500000000001,127.00500000000001
2024-09-22 09:00:00,9.909999999999998,110.65499999999999
2024-09-22 10:00:00,-0.009999999999998321,91.13
2024-09-22 11:00:00,-4.135000000000014,83.415
2024-09-22 12:00:00,-12.795000000000007,76.21999999999998
2024-09-22 13:00:00,-27.185000000000002,73.35499999999999
2024-09-22 14:00:00,-25.700000000000003,66.85999999999999
2024-09-22 15:00:00,-15.119999999999994,72.86500000000001
2024-09-22 16:00:00,-6.0850000000000035,81.79999999999997
2024-09-22 17:00:00,1.2349999999999952,92.795
2024-09-22 18:00:00,52.309999999999995,112.13999999999999
2024-09-22 19:00:00,83.185,162.99
2024-09-22 20:00:00,96.27499999999999,168.4
2024-09-22 21:00:00,90.625,131.175
2024-09-22 22:00:00,84.67,113.61500000000001
2024-09-22 23:00:00,76.14000000000001,102.67
2024-09-23 00:00:00,59.605000000000004,99.63500000000002
2024-09-23 01:00:00,49.370000000000005,94.195
2024-09-23 02:00:00,45.75,89.705
2024-09-23 03:00:00,32.589999999999996,87.11
2024-09-23 04:00:00,36.13999999999999,83.66999999999999
2024-09-23 05:00:00,42.2,88.38499999999999
2024-09-23 06:00:00,58.735,106.845
2024-09-23 07:00:00,52.28,125.99000000000001
2024-09-23 08:00:00,46.205000000000005,127.885
2024-09-23 09:00:00,20.544999999999998,113.035
2024-09-23 10:00:00,0.04000000000000147,91.3
2024-09-23 11:00:00,-4.135000000000014,83.415
2024-09-23 12:00:00,-11.009999999999998,76.21999999999998
2024-09-23 13:00:00,-17.13500000000001,73.35499999999999
2024-09-23 14:00:00,-19.145000000000003,66.85999999999999
2024-09-23 15:00:00,-12.705000000000007,72.86500000000001
2024-09-23 16:00:00,-5.580000000000005,81.79999999999997
2024-09-23 17:00:00,1.6200000000000003,92.795
2024-09-23 18:00:00,55.345,112.13999999999999
2024-09-23 19:00:00,85.065,162.98999999999998
2024-09-23 20:00:00,97.83,168.4
2024-09-23 21:00:00,85.22,131.175
2024-09-23 22:00:00,81.935,113.61500000000001
2024-09-23 23:00:00,74.77,102.67
2024-09-24 00:00:00,59.605000000000004,99.63500000000002
2024-09-24 01:00:00,49.370000000000005,94.195
2024-09-24 02:00:00,45.75,89.705
2024-09-24 03:00:00,32.589999999999996,87.11
2024-09-24 04:00:00,36.13999999999999,83.66999999999999
2024-09-24 05:00:00,42.2,88.38499999999999
2024-09-24 06:00:00,58.735,106.845
2024-09-24 07:00:00,52.28,125.99000000000001
2024-09-24 08:00:00,46.205000000000005,127.885
2024-09-24 09:00:00,20.544999999999998,113.035
2024-09-24 10:00:00,0.04000000000000147,91.3
2024-09-24 11:00:00,-4.135000000000014,83.415
2024-09-24 12:00:00,-11.009999999999998,76.21999999999998
2024-09-24 13:00:00,-17.13500000000001,73.35499999999999
2024-09-24 14:00:00,-19.145000000000003,66.85999999999999
2024-09-24 15:00:00,-12.705000000000007,72.86500000000001
2024-09-24 16:00:00,-5.580000000000005,81.79999999999997
2024-09-24 17:00:00,1.6200000000000003,92.795
2024-09-24 18:00:00,55.345,112.13999999999999
2024-09-24 19:00:00,85.065,162.98999999999998
2024-09-24 20:00:00,97.83,168.4
2024-09-24 21:00:00,85.22,131.175
2024-09-24 22:00:00,81.935,113.61500000000001
2024-09-24 23:00:00,74.77,102.67
2024-09-25 00:00:00,59.605000000000004,99.63500000000002
2024-09-25 01:00:00,49.370000000000005,94.195
2024-09-25 02:00:00,45.75,89.705
2024-09-25 03:00:00,32.589999999999996,87.11
2024-09-25 04:00:00,36.13999999999999,83.66999999999999
2024-09-25 05:00:00,42.2,88.38499999999999
2024-09-25 06:00:00,58.735,106.845
2024-09-25 07:00:00,52.28,125.99000000000001
2024-09-25 08:00:00,46.205000000000005,127.885
2024-09-25 09:00:00,20.544999999999998,113.035
2024-09-25 10:00:00,0.04000000000000147,91.3
2024-09-25 11:00:00,-4.135000000000014,83.415
2024-09-25 12:00:00,-11.009999999999998,76.21999999999998
2024-09-25 13:00:00,-17.13500000000001,73.35499999999999
2024-09-25 14:00:00,-19.145000000000003,66.85999999999999
2024-09-25 15:00:00,-12.705000000000007,72.86500000000001
2024-09-25 16:00:00,-5.580000000000005,81.79999999999997
2024-09-25 17:00:00,1.6200000000000003,92.795
2024-09-25 18:00:00,55.345,112.13999999999999
2024-09-25 19:00:00,85.065,162.98999999999998
2024-09-25 20:00:00,97.83,168.4
2024-09-25 21:00:00,85.22,131.175
2024-09-25 22:00:00,81.935,113.61500000000001
2024-09-25 23:00:00,74.77,102.67
2024-09-26 00:00:00,59.605000000000004,99.63500000000002
2024-09-26 01:00:00,49.370000000000005,94.195
2024-09-26 02:00:00,45.75,89.705
2024-09-26 03:00:00,32.589999999999996,87.11
2024-09-26 04:00:00,36.13999999999999,83.66999999999999
2024-09-26 05:00:00,42.2,88.38499999999999
2024-09-26 06:00:00,58.735,106.845
2024-09-26 07:00:00,52.28,125.99000000000001
2024-09-26 08:00:00,46.205000000000005,127.885
2024-09-26 09:00:00,20.544999999999998,113.035
2024-09-26 10:00:00,0.04000000000000147,91.3
2024-09-26 11:00:00,-4.135000000000014,83.415
2024-09-26 12:00:00,-11.009999999999998,76.21999999999998
2024-09-26 13:00:00,-17.13500000000001,73.35499999999999
2024-09-26 14:00:00,-19.145000000000003,66.85999999999999
2024-09-26 15:00:00,-12.705000000000007,72.86500000000001
2024-09-26 16:00:00,-5.580000000000005,81.79999999999997
2024-09-26 17:00:00,1.6200000000000003,92.795
2024-09-26 18:00:00,55.345,112.13999999999999
2024-09-26 19:00:00,85.065,162.98999999999998
2024-09-26 20:00:00,97.83,168.4
2024-09-26 21:00:00,85.22,131.175
2024-09-26 22:00:00,81.935,113.61500000000001
2024-09-26 23:00:00,74.77,102.67
2024-09-27 00:00:00,59.605000000000004,99.63500000000002
2024-09-27 01:00:00,49.370000000000005,94.195
2024-09-27 02:00:00,45.75,89.705
2024-09-27 03:00:00,32.589999999999996,87.11
2024-09-27 04:00:00,36.13999999999999,83.66999999999999
2024-09-27 05:00:00,42.2,88.38499999999999
2024-09-27 06:00:00,58.735,106.845
2024-09-27 07:00:00,52.28,125.99000000000001
2024-09-27 08:00:00,46.205000000000005,127.885
2024-09-27 09:00:00,20.544999999999998,113.035
2024-09-27 10:00:00,0.04000000000000147,91.3
2024-09-27 11:00:00,-4.135000000000014,83.415
2024-09-27 12:00:00,-11.009999999999998,76.21999999999998
2024-09-27 13:00:00,-17.13500000000001,73.35499999999999
2024-09-27 14:00:00,-19.145000000000003,66.85999999999999
2024-09-27 15:00:00,-12.705000000000007,72.86500000000001
2024-09-27 16:00:00,-5.580000000000005,81.79999999999997
2024-09-27 17:00:00,1.6200000000000003,92.795
2024-09-27 18:00:00,55.345,112.13999999999999
2024-09-27 19:00:00,85.065,162.98999999999998
2024-09-27 20:00:00,97.83,168.4
2024-09-27 21:00:00,85.22,131.175
2024-09-27 22:00:00,81.935,113.61500000000001
2024-09-27 23:00:00,74.77,102.67
2024-09-28 00:00:00,59.605000000000004,99.63500000000002
2024-09-28 01:00:00,49.370000000000005,94.195
2024-09-28 02:00:00,45.75,89.705
2024-09-28 03:00:00,32.589999999999996,87.11
2024-09-28 04:00:00,36.13999999999999,83.66999999999999
2024-09-28 05:00:00,42.2,88.38499999999999
2024-09-28 06:00:00,58.735,106.845
2024-09-28 07:00:00,52.28,125.99000000000001
2024-09-28 08:00:00,46.205000000000005,127.885
2024-09-28 09:00:00,20.544999999999998,113.035
2024-09-28 10:00:00,0.04000000000000147,91.3
2024-09-28 11:00:00,-4.135000000000014,83.415
2024-09-28 12:00:00,-11.009999999999998,76.21999999999998
2024-09-28 13:00:00,-17.13500000000001,73.35499999999999
2024-09-28 14:00:00,-19.145000000000003,66.85999999999999
2024-09-28 15:00:00,-12.705000000000007,72.86500000000001
2024-09-28 16:00:00,-5.580000000000005,81.79999999999997
2024-09-28 17:00:00,1.6200000000000003,92.795
2024-09-28 18:00:00,55.345,112.13999999999999
2024-09-28 19:00:00,85.065,162.98999999999998
2024-09-28 20:00:00,97.83,168.4
2024-09-28 21:00:00,85.22,131.175
2024-09-28 22:00:00,81.935,113.61500000000001
2024-09-28 23:00:00,74.77,102.67
2024-09-29 00:00:00,59.605000000000004,99.63500000000002
2024-09-29 01:00:00,49.370000000000005,94.195
2024-09-29 02:00:00,45.75,89.705
2024-09-29 03:00:00,32.589999999999996,87.11
2024-09-29 04:00:00,36.13999999999999,83.66999999999999
2024-09-29 05:00:00,42.2,88.38499999999999
2024-09-29 06:00:00,58.735,106.845
2024-09-29 07:00:00,52.28,125.99000000000001
2024-09-29 08:00:00,46.205000000000005,127.885
2024-09-29 09:00:00,20.544999999999998,113.035
2024-09-29 10:00:00,0.04000000000000147,91.3
2024-09-29 11:00:00,-4.135000000000014,83.415
2024-09-29 12:00:00,-11.009999999999998,76.21999999999998
2024-09-29 13:00:00,-17.13500000000001,73.35499999999999
2024-09-29 14:00:00,-19.145000000000003,66.85999999999999
2024-09-29 15:00:00,-12.705000000000007,72.86500000000001
2024-09-29 16:00:00,-5.580000000000005,81.79999999999997
2024-09-29 17:00:00,1.6200000000000003,92.795
2024-09-29 18:00:00,55.345,112.13999999999999
2024-09-29 19:00:00,85.065,162.98999999999998
2024-09-29 20:00:00,97.83,168.4
2024-09-29 21:00:00,85.22,131.175
2024-09-29 22:00:00,81.935,113.61500000000001
2024-09-29 23:00:00,74.77,102.67
2024-09-30 00:00:00,54.480000000000004,99.63500000000002
2024-09-30 01:00:00,43.735,94.195
2024-09-30 02:00:00,37.660000000000004,89.705
2024-09-30 03:00:00,28.33,87.11
2024-09-30 04:00:00,29.210000000000004,83.66999999999999
2024-09-30 05:00:00,30.365000000000006,88.30499999999999
2024-09-30 06:00:00,48.440000000000005,106.845
2024-09-30 07:00:00,46.904999999999994,126.88
2024-09-30 08:00:00,35.81999999999999,129.76000000000002
2024-09-30 09:00:00,11.39,113.035
2024-09-30 10:00:00,-0.31000000000000116,92.81
2024-09-30 11:00:00,-4.135000000000014,83.415
2024-09-30 12:00:00,-11.009999999999998,76.21999999999998
2024-09-30 13:00:00,-17.13500000000001,73.35499999999999
2024-09-30 14:00:00,-19.145000000000003,67.125
2024-09-30 15:00:00,-12.705000000000007,74.65000000000002
2024-09-30 16:00:00,-5.580000000000005,81.84000000000002
2024-09-30 17:00:00,1.6200000000000003,95.53500000000001
2024-09-30 18:00:00,55.345,115.09499999999998
2024-09-30 19:00:00,85.065,163.755
2024-09-30 20:00:00,95.05999999999999,168.4
2024-09-30 21:00:00,72.17,131.175
2024-09-30 22:00:00,73.08,113.61500000000001
2024-09-30 23:00:00,65.5,102.67
2024-10-01 00:00:00,54.480000000000004,99.63500000000002
2024-10-01 01:00:00,43.735,94.195
2024-10-01 02:00:00,37.660000000000004,89.705
2024-10-01 03:00:00,28.33,87.11
2024-10-01 04:00:00,29.210000000000004,83.66999999999999
2024-10-01 05:00:00,30.365000000000006,88.30499999999999
2024-10-01 06:00:00,48.440000000000005,106.845
2024-10-01 07:00:00,46.904999999999994,126.88
2024-10-01 08:00:00,35.81999999999999,129.76000000000002
2024-10-01 09:00:00,11.39,113.035
2024-10-01 10:00:00,-0.31000000000000116,92.81
2024-10-01 11:00:00,-4.135000000000014,83.415
2024-10-01 12:00:00,-11.009999999999998,76.21999999999998
2024-10-01 13:00:00,-17.13500000000001,73.35499999999999
2024-10-01 14:00:00,-19.145000000000003,67.125
2024-10-01 15:00:00,-12.705000000000007,74.65000000000002
2024-10-01 16:00:00,-5.580000000000005,81.84000000000002
2024-10-01 17:00:00,1.6200000000000003,95.53500000000001
2024-10-01 18:00:00,55.345,115.09499999999998
2024-10-01 19:00:00,85.065,163.755
2024-10-01 20:00:00,95.05999999999999,168.4
2024-10-01 21:00:00,72.17,131.175
2024-10-01 22:00:00,73.08,113.61500000000001
2024-10-01 23:00:00,65.5,102.67
2024-10-02 00:00:00,54.480000000000004,99.63500000000002
2024-10-02 01:00:00,43.735,94.195
2024-10-02 02:00:00,37.660000000000004,89.705
2024-10-02 03:00:00,28.33,87.11
2024-10-02 04:00:00,29.210000000000004,83.66999999999999
2024-10-02 05:00:00,30.365000000000006,88.30499999999999
2024-10-02 06:00:00,48.440000000000005,106.845
2024-10-02 07:00:00,46.904999999999994,126.88
2024-10-02 08:00:00,35.81999999999999,129.76000000000002
2024-10-02 09:00:00,11.39,113.035
2024-10-02 10:00:00,-0.31000000000000116,92.81
2024-10-02 11:00:00,-4.135000000000014,83.415
2024-10-02 12:00:00,-11.009999999999998,76.21999999999998
2024-10-02 13:00:00,-17.13500000000001,73.35499999999999
2024-10-02 14:00:00,-19.145000000000003,67.125
2024-10-02 15:00:00,-12.705000000000007,74.65000000000002
2024-10-02 16:00:00,-5.580000000000005,81.84000000000002
2024-10-02 17:00:00,1.6200000000000003,95.53500000000001
2024-10-02 18:00:00,55.345,115.09499999999998
2024-10-02 19:00:00,85.065,163.755
2024-10-02 20:00:00,95.05999999999999,168.4
2024-10-02 21:00:00,72.17,131.175
2024-10-02 22:00:00,73.08,113.61500000000001
2024-10-02 23:00:00,65.5,102.67
2024-10-03 00:00:00,54.480000000000004,99.63500000000002
2024-10-03 01:00:00,43.735,94.195
2024-10-03 02:00:00,37.660000000000004,89.705
2024-10-03 03:00:00,28.33,87.11
2024-10-03 04:00:00,29.210000000000004,83.66999999999999
2024-10-03 05:00:00,30.365000000000006,88.30499999999999
2024-10-03 06:00:00,48.440000000000005,106.845
2024-10-03 07:00:00,46.904999999999994,126.88
2024-10-03 08:00:00,35.81999999999999,129.76000000000002
2024-10-03 09:00:00,11.39,113.035
2024-10-03 10:00:00,-0.31000000000000116,92.81
2024-10-03 11:00:00,-4.135000000000014,83.415
2024-10-03 12:00:00,-11.009999999999998,76.21999999999998
2024-10-03 13:00:00,-17.13500000000001,73.35499999999999
2024-10-03 14:00:00,-19.145000000000003,67.125
2024-10-03 15:00:00,-12.705000000000007,74.65000000000002
2024-10-03 16:00:00,-5.580000000000005,81.84000000000002
2024-10-03 17:00:00,1.6200000000000003,95.53500000000001
2024-10-03 18:00:00,55.345,115.09499999999998
2024-10-03 19:00:00,85.065,163.755
2024-10-03 20:00:00,95.05999999999999,168.4
2024-10-03 21:00:00,72.17,131.175
2024-10-03 22:00:00,73.08,113.61500000000001
2024-10-03 23:00:00,65.5,102.67
2024-10-04 00:00:00,54.480000000000004,99.63500000000002
2024-10-04 01:00:00,43.735,94.195
2024-10-04 02:00:00,37.660000000000004,89.705
2024-10-04 03:00:00,28.33,87.11
2024-10-04 04:00:00,29.210000000000004,83.66999999999999
2024-10-04 05:00:00,30.365000000000006,88.30499999999999
2024-10-04 06:00:00,48.440000000000005,106.845
2024-10-04 07:00:00,46.904999999999994,126.88
2024-10-04 08:00:00,35.81999999999999,129.76000000000002
2024-10-04 09:00:00,11.39,113.035
2024-10-04 10:00:00,-0.31000000000000116,92.81
2024-10-04 11:00:00,-4.135000000000014,83.415
2024-10-04 12:00:00,-11.009999999999998,76.21999999999998
2024-10-04 13:00:00,-17.13500000000001,73.35499999999999
2024-10-04 14:00:00,-19.145000000000003,67.125
2024-10-04 15:00:00,-12.705000000000007,74.65000000000002
2024-10-04 16:00:00,-5.580000000000005,81.84000000000002
2024-10-04 17:00:00,1.6200000000000003,95.53500000000001
2024-10-04 18:00:00,55.345,115.09499999999998
2024-10-04 19:00:00,85.065,163.755
2024-10-04 20:00:00,95.05999999999999,168.4
2024-10-04 21:00:00,72.17,131.175
2024-10-04 22:00:00,73.08,113.61500000000001
2024-10-04 23:00:00,65.5,102.67
2024-10-05 00:00:00,54.480000000000004,99.63500000000002
2024-10-05 01:00:00,43.735,94.195
2024-10-05 02:00:00,37.660000000000004,89.705
2024-10-05 03:00:00,28.33,87.11
2024-10-05 04:00:00,29.210000000000004,83.66999999999999
2024-10-05 05:00:00,30.365000000000006,88.30499999999999
2024-10-05 06:00:00,48.440000000000005,106.845
2024-10-05 07:00:00,46.904999999999994,126.88
2024-10-05 08:00:00,35.81999999999999,129.76000000000002
2024-10-05 09:00:00,11.39,113.035
2024-10-05 10:00:00,-0.31000000000000116,92.81
2024-10-05 11:00:00,-4.135000000000014,83.415
2024-10-05 12:00:00,-11.009999999999998,76.21999999999998
2024-10-05 13:00:00,-17.13500000000001,73.35499999999999
2024-10-05 14:00:00,-19.145000000000003,67.125
2024-10-05 15:00:00,-12.705000000000007,74.65000000000002
2024-10-05 16:00:00,-5.580000000000005,81.84000000000002
2024-10-05 17:00:00,1.6200000000000003,95.53500000000001
2024-10-05 18:00:00,55.345,115.09499999999998
2024-10-05 19:00:00,85.065,163.755
2024-10-05 20:00:00,95.05999999999999,168.4
2024-10-05 21:00:00,72.17,131.175
2024-10-05 22:00:00,73.08,113.61500000000001
2024-10-05 23:00:00,65.5,102.67
2024-10-06 00:00:00,54.480000000000004,99.63500000000002
2024-10-06 01:00:00,43.735,94.195
2024-10-06 02:00:00,37.660000000000004,89.705
2024-10-06 03:00:00,28.33,87.11
2024-10-06 04:00:00,29.210000000000004,83.66999999999999
2024-10-06 05:00:00,30.365000000000006,88.30499999999999
2024-10-06 06:00:00,48.440000000000005,106.845
2024-10-06 07:00:00,46.904999999999994,126.88
2024-10-06 08:00:00,35.81999999999999,129.76000000000002
2024-10-06 09:00:00,11.39,113.035
2024-10-06 10:00:00,-0.31000000000000116,92.81
2024-10-06 11:00:00,-4.135000000000014,83.415
2024-10-06 12:00:00,-11.009999999999998,76.21999999999998
2024-10-06 13:00:00,-17.13500000000001,73.35499999999999
2024-10-06 14:00:00,-19.145000000000003,67.125
2024-10-06 15:00:00,-12.705000000000007,74.65000000000002
2024-10-06 16:00:00,-5.580000000000005,81.84000000000002
2024-10-06 17:00:00,1.6200000000000003,95.53500000000001
2024-10-06 18:00:00,55.345,115.09499999999998
2024-10-06 19:00:00,85.065,163.755
2024-10-06 20:00:00,95.05999999999999,168.4
2024-10-06 21:00:00,72.17,131.175
2024-10-06 22:00:00,73.08,113.61500000000001
2024-10-06 23:00:00,65.5,102.67
2024-10-07 00:00:00,41.59,99.63500000000002
2024-10-07 01:00:00,30.224999999999998,94.195
2024-10-07 02:00:00,31.855,89.705
2024-10-07 03:00:00,19.830000000000002,87.11
2024-10-07 04:00:00,18.425000000000004,83.66999999999999
2024-10-07 05:00:00,17.615000000000002,88.30499999999999
2024-10-07 06:00:00,41.400000000000006,106.845
2024-10-07 07:00:00,39.14,127.49
2024-10-07 08:00:00,43.57,132.735
2024-10-07 09:00:00,26.190000000000005,113.59500000000001
2024-10-07 10:00:00,0.7149999999999987,97.14999999999999
2024-10-07 11:00:00,-2.320000000000004,87.25500000000002
2024-10-07 12:00:00,-6.669999999999999,77.18
2024-10-07 13:00:00,-10.384999999999998,75.07500000000002
2024-10-07 14:00:00,-15.175000000000017,73.99500000000002
2024-10-07 15:00:00,-9.064999999999996,77.02499999999999
2024-10-07 16:00:00,0.28500000000000836,81.84000000000002
2024-10-07 17:00:00,20.835,95.53500000000001
2024-10-07 18:00:00,59.400000000000006,116.035
2024-10-07 19:00:00,84.235,163.755
2024-10-07 20:00:00,81.76500000000001,164.865
2024-10-07 21:00:00,67.435,127.55999999999999
2024-10-07 22:00:00,64.94,113.61500000000001
2024-10-07 23:00:00,57.645,102.67
2024-10-08 00:00:00,41.59,99.63500000000002
2024-10-08 01:00:00,30.224999999999998,94.195
2024-10-08 02:00:00,31.855,89.705
2024-10-08 03:00:00,19.830000000000002,87.11
2024-10-08 04:00:00,18.425000000000004,83.66999999999999
2024-10-08 05:00:00,17.615000000000002,88.30499999999999
2024-10-08 06:00:00,41.400000000000006,106.845
2024-10-08 07:00:00,39.14,127.49
2024-10-08 08:00:00,43.57,132.735
2024-10-08 09:00:00,26.190000000000005,113.59500000000001
2024-10-08 10:00:00,0.7149999999999987,97.14999999999999
2024-10-08 11:00:00,-2.320000000000004,87.25500000000002
2024-10-08 12:00:00,-6.669999999999999,77.18
2024-10-08 13:00:00,-10.384999999999998,75.07500000000002
2024-10-08 14:00:00,-15.175000000000017,73.99500000000002
2024-10-08 15:00:00,-9.064999999999996,77.02499999999999
2024-10-08 16:00:00,0.28500000000000836,81.84000000000002
2024-10-08 17:00:00,20.835,95.53500000000001
2024-10-08 18:00:00,59.400000000000006,116.035
2024-10-08 19:00:00,84.235,163.755
2024-10-08 20:00:00,81.76500000000001,164.865
2024-10-08 21:00:00,67.435,127.55999999999999
2024-10-08 22:00:00,64.94,113.61500000000001
2024-10-08 23:00:00,57.645,102.67
2024-10-09 00:00:00,41.59,99.63500000000002
2024-10-09 01:00:00,30.224999999999998,94.195
2024-10-09 02:00:00,31.855,89.705
2024-10-09 03:00:00,19.830000000000002,87.11
2024-10-09 04:00:00,18.425000000000004,83.66999999999999
2024-10-09 05:00:00,17.615000000000002,88.30499999999999
2024-10-09 06:00:00,41.400000000000006,106.845
2024-10-09 07:00:00,39.14,127.49
2024-10-09 08:00:00,43.57,132.735
2024-10-09 09:00:00,26.190000000000005,113.59500000000001
2024-10-09 10:00:00,0.7149999999999987,97.14999999999999
2024-10-09 11:00:00,-2.320000000000004,87.25500000000002
2024-10-09 12:00:00,-6.669999999999999,77.18
2024-10-09 13:00:00,-10.384999999999998,75.07500000000002
2024-10-09 14:00:00,-15.175000000000017,73.99500000000002
2024-10-09 15:00:00,-9.064999999999996,77.02499999999999
2024-10-09 16:00:00,0.28500000000000836,81.84000000000002
2024-10-09 17:00:00,20.835,95.53500000000001
2024-10-09 18:00:00,59.400000000000006,116.035
2024-10-09 19:00:00,84.235,163.755
2024-10-09 20:00:00,81.76500000000001,164.865
2024-10-09 21:00:00,67.435,127.55999999999999
2024-10-09 22:00:00,64.94,113.61500000000001
2024-10-09 23:00:00,57.645,102.67
2024-10-10 00:00:00,41.59,99.63500000000002
2024-10-10 01:00:00,30.224999999999998,94.195
2024-10-10 02:00:00,31.855,89.705
2024-10-10 03:00:00,19.830000000000002,87.11
2024-10-10 04:00:00,18.425000000000004,83.66999999999999
2024-10-10 05:00:00,17.615000000000002,88.30499999999999
2024-10-10 06:00:00,41.400000000000006,106.845
2024-10-10 07:00:00,39.14,127.49
2024-10-10 08:00:00,43.57,132.735
2024-10-10 09:00:00,26.190000000000005,113.59500000000001
2024-10-10 10:00:00,0.7149999999999987,97.14999999999999
2024-10-10 11:00:00,-2.320000000000004,87.25500000000002
2024-10-10 12:00:00,-6.669999999999999,77.18
2024-10-10 13:00:00,-10.384999999999998,75.07500000000002
2024-10-10 14:00:00,-15.175000000000017,73.99500000000002
2024-10-10 15:00:00,-9.064999999999996,77.02499999999999
2024-10-10 16:00:00,0.28500000000000836,81.84000000000002
2024-10-10 17:00:00,20.835,95.53500000000001
2024-10-10 18:00:00,59.400000000000006,116.035
2024-10-10 19:00:00,84.235,163.755
2024-10-10 20:00:00,81.76500000000001,164.865
2024-10-10 21:00:00,67.435,127.55999999999999
2024-10-10 22:00:00,64.94,113.61500000000001
2024-10-10 23:00:00,57.645,102.67
2024-10-11 00:00:00,41.59,99.63500000000002
2024-10-11 01:00:00,30.224999999999998,94.195
2024-10-11 02:00:00,31.855,89.705
2024-10-11 03:00:00,19.830000000000002,87.11
2024-10-11 04:00:00,18.425000000000004,83.66999999999999
2024-10-11 05:00:00,17.615000000000002,88.30499999999999
2024-10-11 06:00:00,41.400000000000006,106.845
2024-10-11 07:00:00,39.14,127.49
2024-10-11 08:00:00,43.57,132.735
2024-10-11 09:00:00,26.190000000000005,113.59500000000001
2024-10-11 10:00:00,0.7149999999999987,97.14999999999999
2024-10-11 11:00:00,-2.320000000000004,87.25500000000002
2024-10-11 12:00:00,-6.669999999999999,77.18
2024-10-11 13:00:00,-10.384999999999998,75.07500000000002
2024-10-11 14:00:00,-15.175000000000017,73.99500000000002
2024-10-11 15:00:00,-9.064999999999996,77.02499999999999
2024-10-11 16:00:00,0.28500000000000836,81.84000000000002
2024-10-11 17:00:00,20.835,95.53500000000001
2024-10-11 18:00:00,59.400000000000006,116.035
2024-10-11 19:00:00,84.235,163.755
2024-10-11 20:00:00,81.76500000000001,164.865
2024-10-11 21:00:00,67.435,127.55999999999999
2024-10-11 22:00:00,64.94,113.61500000000001
2024-10-11 23:00:00,57.645,102.67
2024-10-12 00:00:00,41.59,99.63500000000002
2024-10-12 01:00:00,30.224999999999998,94.195
2024-10-12 02:00:00,31.855,89.705
2024-10-12 03:00:00,19.830000000000002,87.11
2024-10-12 04:00:00,18.425000000000004,83.66999999999999
2024-10-12 05:00:00,17.615000000000002,88.30499999999999
2024-10-12 06:00:00,41.400000000000006,106.845
2024-10-12 07:00:00,39.14,127.49
2024-10-12 08:00:00,43.57,132.735
2024-10-12 09:00:00,26.190000000000005,113.59500000000001
2024-10-12 10:00:00,0.7149999999999987,97.14999999999999
2024-10-12 11:00:00,-2.320000000000004,87.25500000000002
2024-10-12 12:00:00,-6.669999999999999,77.18
2024-10-12 13:00:00,-10.384999999999998,75.07500000000002
2024-10-12 14:00:00,-15.175000000000017,73.99500000000002
2024-10-12 15:00:00,-9.064999999999996,77.02499999999999
2024-10-12 16:00:00,0.28500000000000836,81.84000000000002
2024-10-12 17:00:00,20.835,95.53500000000001
2024-10-12 18:00:00,59.400000000000006,116.035
2024-10-12 19:00:00,84.235,163.755
2024-10-12 20:00:00,81.76500000000001,164.865
2024-10-12 21:00:00,67.435,127.55999999999999
2024-10-12 22:00:00,64.94,113.61500000000001
2024-10-12 23:00:00,57.645,102.67
2024-10-13 00:00:00,41.59,99.63500000000002
2024-10-13 01:00:00,30.224999999999998,94.195
2024-10-13 02:00:00,31.855,89.705
2024-10-13 03:00:00,19.830000000000002,87.11
2024-10-13 04:00:00,18.425000000000004,83.66999999999999
2024-10-13 05:00:00,17.615000000000002,88.30499999999999
2024-10-13 06:00:00,41.400000000000006,106.845
2024-10-13 07:00:00,39.14,127.49
2024-10-13 08:00:00,43.57,132.735
2024-10-13 09:00:00,26.190000000000005,113.59500000000001
2024-10-13 10:00:00,0.7149999999999987,97.14999999999999
2024-10-13 11:00:00,-2.320000000000004,87.25500000000002
2024-10-13 12:00:00,-6.669999999999999,77.18
2024-10-13 13:00:00,-10.384999999999998,75.07500000000002
2024-10-13 14:00:00,-15.175000000000017,73.99500000000002
2024-10-13 15:00:00,-9.064999999999996,77.02499999999999
2024-10-13 16:00:00,0.28500000000000836,81.84000000000002
2024-10-13 17:00:00,20.835,95.53500000000001
2024-10-13 18:00:00,59.400000000000006,116.035
2024-10-13 19:00:00,84.235,163.755
2024-10-13 20:00:00,81.76500000000001,164.865
2024-10-13 21:00:00,67.435,127.55999999999999
2024-10-13 22:00:00,64.94,113.61500000000001
2024-10-13 23:00:00,57.645,102.67
2024-10-14 00:00:00,21.775,99.065
2024-10-14 01:00:00,12.405000000000001,93.185
2024-10-14 02:00:00,14.519999999999998,88.92
2024-10-14 03:00:00,11.479999999999997,85.945
2024-10-14 04:00:00,6.455,81.21000000000001
2024-10-14 05:00:00,8.344999999999999,85.395
2024-10-14 06:00:00,33.225,104.44999999999999
2024-10-14 07:00:00,31.695,128.03000000000003
2024-10-14 08:00:00,39.209999999999994,134.325
2024-10-14 09:00:00,20.480000000000004,113.59500000000001
2024-10-14 10:00:00,0.7149999999999987,97.14999999999999
2024-10-14 11:00:00,-2.320000000000004,87.25500000000002
2024-10-14 12:00:00,-6.709999999999996,76.21999999999998
2024-10-14 13:00:00,-10.384999999999998,73.35499999999999
2024-10-14 14:00:00,-15.175000000000017,70.53500000000001
2024-10-14 15:00:00,-9.064999999999996,77.02499999999999
2024-10-14 16:00:00,2.715000000000001,81.22999999999999
2024-10-14 17:00:00,29.465,98.66499999999999
2024-10-14 18:00:00,65.33999999999999,125.395
2024-10-14 19:00:00,84.235,163.755
2024-10-14 20:00:00,77.13,161.6
2024-10-14 21:00:00,64.72000000000001,126.06500000000001
2024-10-14 22:00:00,62.035,110.35
2024-10-14 23:00:00,50.745,100.205
2024-10-15 00:00:00,21.775,99.065
2024-10-15 01:00:00,12.405000000000001,93.185
2024-10-15 02:00:00,14.519999999999998,88.92
2024-10-15 03:00:00,11.479999999999997,85.945
2024-10-15 04:00:00,6.455,81.21000000000001
2024-10-15 05:00:00,8.344999999999999,85.395
2024-10-15 06:00:00,33.225,104.44999999999999
2024-10-15 07:00:00,31.695,128.03000000000003
2024-10-15 08:00:00,39.209999999999994,134.325
2024-10-15 09:00:00,20.480000000000004,113.59500000000001
2024-10-15 10:00:00,0.7149999999999987,97.14999999999999
2024-10-15 11:00:00,-2.320000000000004,87.25500000000002
2024-10-15 12:00:00,-6.709999999999996,76.21999999999998
2024-10-15 13:00:00,-10.384999999999998,73.35499999999999
2024-10-15 14:00:00,-15.175000000000017,70.53500000000001
2024-10-15 15:00:00,-9.064999999999996,77.02499999999999
2024-10-15 16:00:00,2.715000000000001,81.22999999999999
2024-10-15 17:00:00,29.465,98.66499999999999
2024-10-15 18:00:00,65.33999999999999,125.395
2024-10-15 19:00:00,84.235,163.755
2024-10-15 20:00:00,77.13,161.6
2024-10-15 21:00:00,64.72000000000001,126.06500000000001
2024-10-15 22:00:00,62.035,110.35
2024-10-15 23:00:00,50.745,100.205
2024-10-16 00:00:00,21.775,99.065
2024-10-16 01:00:00,12.405000000000001,93.185
2024-10-16 02:00:00,14.519999999999998,88.92
2024-10-16 03:00:00,11.479999999999997,85.945
2024-10-16 04:00:00,6.455,81.21000000000001
2024-10-16 05:00:00,8.344999999999999,85.395
2024-10-16 06:00:00,33.225,104.44999999999999
2024-10-16 07:00:00,31.695,128.03000000000003
2024-10-16 08:00:00,39.209999999999994,134.325
2024-10-16 09:00:00,20.480000000000004,113.59500000000001
2024-10-16 10:00:00,0.7149999999999987,97.14999999999999
2024-10-16 11:00:00,-2.320000000000004,87.25500000000002
2024-10-16 12:00:00,-6.709999999999996,76.21999999999998
2024-10-16 13:00:00,-10.384999999999998,73.35499999999999
2024-10-16 14:00:00,-15.175000000000017,70.53500000000001
2024-10-16 15:00:00,-9.064999999999996,77.02499999999999
2024-10-16 16:00:00,2.715000000000001,81.22999999999999
2024-10-16 17:00:00,29.465,98.66499999999999
2024-10-16 18:00:00,65.33999999999999,125.395
2024-10-16 19:00:00,84.235,163.755
2024-10-16 20:00:00,77.13,161.6
2024-10-16 21:00:00,64.72000000000001,126.06500000000001
2024-10-16 22:00:00,62.035,110.35
2024-10-16 23:00:00,50.745,100.205
2024-10-17 00:00:00,21.775,99.065
2024-10-17 01:00:00,12.405000000000001,93.185
2024-10-17 02:00:00,14.519999999999998,88.92
2024-10-17 03:00:00,11.479999999999997,85.945
2024-10-17 04:00:00,6.455,81.21000000000001
2024-10-17 05:00:00,8.344999999999999,85.395
2024-10-17 06:00:00,33.225,104.44999999999999
2024-10-17 07:00:00,31.695,128.03000000000003
2024-10-17 08:00:00,39.209999999999994,134.325
2024-10-17 09:00:00,20.480000000000004,113.59500000000001
2024-10-17 10:00:00,0.7149999999999987,97.14999999999999
2024-10-17 11:00:00,-2.320000000000004,87.25500000000002
2024-10-17 12:00:00,-6.709999999999996,76.21999999999998
2024-10-17 13:00:00,-10.384999999999998,73.35499999999999
2024-10-17 14:00:00,-15.175000000000017,70.53500000000001
2024-10-17 15:00:00,-9.064999999999996,77.02499999999999
2024-10-17 16:00:00,2.715000000000001,81.22999999999999
2024-10-17 17:00:00,29.465,98.66499999999999
2024-10-17 18:00:00,65.33999999999999,125.395
2024-10-17 19:00:00,84.235,163.755
2024-10-17 20:00:00,77.13,161.6
2024-10-17 21:00:00,64.72000000000001,126.06500000000001
2024-10-17 22:00:00,62.035,110.35
2024-10-17 23:00:00,50.745,100.205
2024-10-18 00:00:00,21.775,99.065
2024-10-18 01:00:00,12.405000000000001,93.185
2024-10-18 02:00:00,14.519999999999998,88.92
2024-10-18 03:00:00,11.479999999999997,85.945
2024-10-18 04:00:00,6.455,81.21000000000001
2024-10-18 05:00:00,8.344999999999999,85.395
2024-10-18 06:00:00,33.225,104.44999999999999
2024-10-18 07:00:00,31.695,128.03000000000003
2024-10-18 08:00:00,39.209999999999994,134.325
2024-10-18 09:00:00,20.480000000000004,113.59500000000001
2024-10-18 10:00:00,0.7149999999999987,97.14999999999999
2024-10-18 11:00:00,-2.320000000000004,87.25500000000002
2024-10-18 12:00:00,-6.709999999999996,76.21999999999998
2024-10-18 13:00:00,-10.384999999999998,73.35499999999999
2024-10-18 14:00:00,-15.175000000000017,70.53500000000001
2024-10-18 15:00:00,-9.064999999999996,77.02499999999999
2024-10-18 16:00:00,2.715000000000001,81.22999999999999
2024-10-18 17:00:00,29.465,98.66499999999999
2024-10-18 18:00:00,65.33999999999999,125.395
2024-10-18 19:00:00,84.235,163.755
2024-10-18 20:00:00,77.13,161.6
2024-10-18 21:00:00,64.72000000000001,126.06500000000001
2024-10-18 22:00:00,62.035,110.35
2024-10-18 23:00:00,50.745,100.205
2024-10-19 00:00:00,21.775,99.065
2024-10-19 01:00:00,12.405000000000001,93.185
2024-10-19 02:00:00,14.519999999999998,88.92
2024-10-19 03:00:00,11.479999999999997,85.945
2024-10-19 04:00:00,6.455,81.21000000000001
2024-10-19 05:00:00,8.344999999999999,85.395
2024-10-19 06:00:00,33.225,104.44999999999999
2024-10-19 07:00:00,31.695,128.03000000000003
2024-10-19 08:00:00,39.209999999999994,134.325
2024-10-19 09:00:00,20.480000000000004,113.59500000000001
2024-10-19 10:00:00,0.7149999999999987,97.14999999999999
2024-10-19 11:00:00,-2.320000000000004,87.25500000000002
2024-10-19 12:00:00,-6.709999999999996,76.21999999999998
2024-10-19 13:00:00,-10.384999999999998,73.35499999999999
2024-10-19 14:00:00,-15.175000000000017,70.53500000000001
2024-10-19 15:00:00,-9.064999999999996,77.02499999999999
2024-10-19 16:00:00,2.715000000000001,81.22999999999999
2024-10-19 17:00:00,29.465,98.66499999999999
2024-10-19 18:00:00,65.33999999999999,125.395
2024-10-19 19:00:00,84.235,163.755
2024-10-19 20:00:00,77.13,161.6
2024-10-19 21:00:00,64.72000000000001,126.06500000000001
2024-10-19 22:00:00,62.035,110.35
2024-10-19 23:00:00,50.745,100.205
2024-10-20 00:00:00,21.775,99.065
2024-10-20 01:00:00,12.405000000000001,93.185
2024-10-20 02:00:00,14.519999999999998,88.92
2024-10-20 03:00:00,11.479999999999997,85.945
2024-10-20 04:00:00,6.455,81.21000000000001
2024-10-20 05:00:00,8.344999999999999,85.395
2024-10-20 06:00:00,33.225,104.44999999999999
2024-10-20 07:00:00,31.695,128.03000000000003
2024-10-20 08:00:00,39.209999999999994,134.325
2024-10-20 09:00:00,20.480000000000004,113.59500000000001
2024-10-20 10:00:00,0.7149999999999987,97.14999999999999
2024-10-20 11:00:00,-2.320000000000004,87.25500000000002
2024-10-20 12:00:00,-6.709999999999996,76.21999999999998
2024-10-20 13:00:00,-10.384999999999998,73.35499999999999
2024-10-20 14:00:00,-15.175000000000017,70.53500000000001
2024-10-20 15:00:00,-9.064999999999996,77.02499999999999
2024-10-20 16:00:00,2.715000000000001,81.22999999999999
2024-10-20 17:00:00,29.465,98.66499999999999
2024-10-20 18:00:00,65.33999999999999,125.395
2024-10-20 19:00:00,84.235,163.755
2024-10-20 20:00:00,77.13,161.6
2024-10-20 21:00:00,64.72000000000001,126.06500000000001
2024-10-20 22:00:00,62.035,110.35
2024-10-20 23:00:00,50.745,100.205
2024-10-21 00:00:00,21.779999999999998,99.065
2024-10-21 01:00:00,12.475,93.185
2024-10-21 02:00:00,7.890000000000001,88.92
2024-10-21 03:00:00,4.609999999999999,85.945
2024-10-21 04:00:00,6.640000000000002,82.46000000000001
2024-10-21 05:00:00,12.719999999999999,86.195
2024-10-21 06:00:00,39.629999999999995,104.44999999999999
2024-10-21 07:00:00,47.464999999999996,129.215
2024-10-21 08:00:00,52.510000000000005,140.345
2024-10-21 09:00:00,34.04,115.585
2024-10-21 10:00:00,10.46,99.50999999999999
2024-10-21 11:00:00,0.25999999999999,90.445
2024-10-21 12:00:00,0.0,85.05999999999997
2024-10-21 13:00:00,-0.7399999999999984,80.94000000000003
2024-10-21 14:00:00,-0.4999999999999952,75.87499999999997
2024-10-21 15:00:00,0.029999999999999714,81.09500000000003
2024-10-21 16:00:00,10.975000000000005,90.90499999999999
2024-10-21 17:00:00,44.20499999999999,105.36500000000001
2024-10-21 18:00:00,67.22500000000001,140.435
2024-10-21 19:00:00,84.235,167.25
2024-10-21 20:00:00,69.72500000000001,158.235
2024-10-21 21:00:00,58.49999999999999,123.15499999999999
2024-10-21 22:00:00,54.35,107.785
2024-10-21 23:00:00,36.81,98.28999999999999
2024-10-22 00:00:00,21.779999999999998,99.065
2024-10-22 01:00:00,12.475,93.185
2024-10-22 02:00:00,7.890000000000001,88.92
2024-10-22 03:00:00,4.609999999999999,85.945
2024-10-22 04:00:00,6.640000000000002,82.46000000000001
2024-10-22 05:00:00,12.719999999999999,86.195
2024-10-22 06:00:00,39.629999999999995,104.44999999999999
2024-10-22 07:00:00,47.464999999999996,129.215
2024-10-22 08:00:00,52.510000000000005,140.345
2024-10-22 09:00:00,34.04,115.585
2024-10-22 10:00:00,10.46,99.50999999999999
2024-10-22 11:00:00,0.25999999999999,90.445
2024-10-22 12:00:00,0.0,85.05999999999997
2024-10-22 13:00:00,-0.7399999999999984,80.94000000000003
2024-10-22 14:00:00,-0.4999999999999952,75.87499999999997
2024-10-22 15:00:00,0.029999999999999714,81.09500000000003
2024-10-22 16:00:00,10.975000000000005,90.90499999999999
2024-10-22 17:00:00,44.20499999999999,105.36500000000001
2024-10-22 18:00:00,67.22500000000001,140.435
2024-10-22 19:00:00,84.235,167.25
2024-10-22 20:00:00,69.72500000000001,158.235
2024-10-22 21:00:00,58.49999999999999,123.15499999999999
2024-10-22 22:00:00,54.35,107.785
2024-10-22 23:00:00,36.81,98.28999999999999
2024-10-23 00:00:00,21.779999999999998,99.065
2024-10-23 01:00:00,12.475,93.185
2024-10-23 02:00:00,7.890000000000001,88.92
2024-10-23 03:00:00,4.609999999999999,85.945
2024-10-23 04:00:00,6.640000000000002,82.46000000000001
2024-10-23 05:00:00,12.719999999999999,86.195
2024-10-23 06:00:00,39.629999999999995,104.44999999999999
2024-10-23 07:00:00,47.464999999999996,129.215
2024-10-23 08:00:00,52.510000000000005,140.345
2024-10-23 09:00:00,34.04,115.585
2024-10-23 10:00:00,10.46,99.50999999999999
2024-10-23 11:00:00,0.25999999999999,90.445
2024-10-23 12:00:00,0.0,85.05999999999997
2024-10-23 13:00:00,-0.7399999999999984,80.94000000000003
2024-10-23 14:00:00,-0.4999999999999952,75.87499999999997
2024-10-23 15:00:00,0.029999999999999714,81.09500000000003
2024-10-23 16:00:00,10.975000000000005,90.90499999999999
2024-10-23 17:00:00,44.20499999999999,105.36500000000001
2024-10-23 18:00:00,67.22500000000001,140.435
2024-10-23 19:00:00,84.235,167.25
2024-10-23 20:00:00,69.72500000000001,158.235
2024-10-23 21:00:00,58.49999999999999,123.15499999999999
2024-10-23 22:00:00,54.35,107.785
2024-10-23 23:00:00,36.81,98.28999999999999
2024-10-24 00:00:00,21.779999999999998,99.065
2024-10-24 01:00:00,12.475,93.185
2024-10-24 02:00:00,7.890000000000001,88.92
2024-10-24 03:00:00,4.609999999999999,85.945
2024-10-24 04:00:00,6.640000000000002,82.46000000000001
2024-10-24 05:00:00,12.719999999999999,86.195
2024-10-24 06:00:00,39.629999999999995,104.44999999999999
2024-10-24 07:00:00,47.464999999999996,129.215
2024-10-24 08:00:00,52.510000000000005,140.345
2024-10-24 09:00:00,34.04,115.585
2024-10-24 10:00:00,10.46,99.50999999999999
2024-10-24 11:00:00,0.25999999999999,90.445
2024-10-24 12:00:00,0.0,85.05999999999997
2024-10-24 13:00:00,-0.7399999999999984,80.94000000000003
2024-10-24 14:00:00,-0.4999999999999952,75.87499999999997
2024-10-24 15:00:00,0.029999999999999714,81.09500000000003
2024-10-24 16:00:00,10.975000000000005,90.90499999999999
2024-10-24 17:00:00,44.20499999999999,105.36500000000001
2024-10-24 18:00:00,67.22500000000001,140.435
2024-10-24 19:00:00,84.235,167.25
2024-10-24 20:00:00,69.72500000000001,158.235
2024-10-24 21:00:00,58.49999999999999,123.15499999999999
2024-10-24 22:00:00,54.35,107.785
2024-10-24 23:00:00,36.81,98.28999999999999
2024-10-25 00:00:00,21.779999999999998,99.065
2024-10-25 01:00:00,12.475,93.185
2024-10-25 02:00:00,7.890000000000001,88.92
2024-10-25 03:00:00,4.609999999999999,85.945
2024-10-25 04:00:00,6.640000000000002,82.46000000000001
2024-10-25 05:00:00,12.719999999999999,86.195
2024-10-25 06:00:00,39.629999999999995,104.44999999999999
2024-10-25 07:00:00,47.464999999999996,129.215
2024-10-25 08:00:00,52.510000000000005,140.345
2024-10-25 09:00:00,34.04,115.585
2024-10-25 10:00:00,10.46,99.50999999999999
2024-10-25 11:00:00,0.25999999999999,90.445
2024-10-25 12:00:00,0.0,85.05999999999997
2024-10-25 13:00:00,-0.7399999999999984,80.94000000000003
2024-10-25 14:00:00,-0.4999999999999952,75.87499999999997
2024-10-25 15:00:00,0.029999999999999714,81.09500000000003
2024-10-25 16:00:00,10.975000000000005,90.90499999999999
2024-10-25 17:00:00,44.20499999999999,105.36500000000001
2024-10-25 18:00:00,67.22500000000001,140.435
2024-10-25 19:00:00,84.235,167.25
2024-10-25 20:00:00,69.72500000000001,158.235
2024-10-25 21:00:00,58.49999999999999,123.15499999999999
2024-10-25 22:00:00,54.35,107.785
2024-10-25 23:00:00,36.81,98.28999999999999
2024-10-26 00:00:00,21.779999999999998,99.065
2024-10-26 01:00:00,12.475,93.185
2024-10-26 02:00:00,7.890000000000001,88.92
2024-10-26 03:00:00,4.609999999999999,85.945
2024-10-26 04:00:00,6.640000000000002,82.46000000000001
2024-10-26 05:00:00,12.719999999999999,86.195
2024-10-26 06:00:00,39.629999999999995,104.44999999999999
2024-10-26 07:00:00,47.464999999999996,129.215
2024-10-26 08:00:00,52.510000000000005,140.345
2024-10-26 09:00:00,34.04,115.585
2024-10-26 10:00:00,10.46,99.50999999999999
2024-10-26 11:00:00,0.25999999999999,90.445
2024-10-26 12:00:00,0.0,85.05999999999997
2024-10-26 13:00:00,-0.7399999999999984,80.94000000000003
2024-10-26 14:00:00,-0.4999999999999952,75.87499999999997
2024-10-26 15:00:00,0.029999999999999714,81.09500000000003
2024-10-26 16:00:00,10.975000000000005,90.90499999999999
2024-10-26 17:00:00,44.20499999999999,105.36500000000001
2024-10-26 18:00:00,67.22500000000001,140.435
2024-10-26 19:00:00,84.235,167.25
2024-10-26 20:00:00,69.72500000000001,158.235
2024-10-26 21:00:00,58.49999999999999,123.15499999999999
2024-10-26 22:00:00,54.35,107.785
2024-10-26 23:00:00,36.81,98.28999999999999
2024-10-27 00:00:00,21.779999999999998,99.065
2024-10-27 01:00:00,12.475,93.185
2024-10-27 02:00:00,7.890000000000001,88.92
2024-10-27 03:00:00,4.609999999999999,85.945
2024-10-27 04:00:00,6.640000000000002,82.46000000000001
2024-10-27 05:00:00,12.719999999999999,86.195
2024-10-27 06:00:00,39.629999999999995,104.44999999999999
2024-10-27 07:00:00,47.464999999999996,129.215
2024-10-27 08:00:00,52.510000000000005,140.345
2024-10-27 09:00:00,34.04,115.585
2024-10-27 10:00:00,10.46,99.50999999999999
2024-10-27 11:00:00,0.25999999999999,90.445
2024-10-27 12:00:00,0.0,85.05999999999997
2024-10-27 13:00:00,-0.7399999999999984,80.94000000000003
2024-10-27 14:00:00,-0.4999999999999952,75.87499999999997
2024-10-27 15:00:00,0.029999999999999714,81.09500000000003
2024-10-27 16:00:00,10.975000000000005,90.90499999999999
2024-10-27 17:00:00,44.20499999999999,105.36500000000001
2024-10-27 18:00:00,67.22500000000001,140.435
2024-10-27 19:00:00,84.235,167.25
2024-10-27 20:00:00,69.72500000000001,158.235
2024-10-27 21:00:00,58.49999999999999,123.15499999999999
2024-10-27 22:00:00,54.35,107.785
2024-10-27 23:00:00,36.81,98.28999999999999
2024-10-28 00:00:00,14.985000000000001,91.99000000000001
2024-10-28 01:00:00,8.785,84.885
2024-10-28 02:00:00,4.649999999999999,82.67
2024-10-28 03:00:00,3.3850000000000007,78.75
2024-10-28 04:00:00,3.0199999999999996,77.125
2024-10-28 05:00:00,8.715,79.96
2024-10-28 06:00:00,39.629999999999995,98.3
2024-10-28 07:00:00,47.464999999999996,128.815
2024-10-28 08:00:00,52.510000000000005,143.79000000000002
2024-10-28 09:00:00,34.04,116.02499999999999
2024-10-28 10:00:00,10.46,99.50999999999999
2024-10-28 11:00:00,1.7949999999999906,90.445
2024-10-28 12:00:00,0.01999999999999888,82.24999999999999
2024-10-28 13:00:00,-0.030000000000007996,81.49999999999999
2024-10-28 14:00:00,-0.3050000000000028,75.87499999999997
2024-10-28 15:00:00,0.23999999999999772,83.78500000000003
2024-10-28 16:00:00,10.975000000000005,92.42
2024-10-28 17:00:00,44.20499999999999,106.48499999999999
2024-10-28 18:00:00,67.22500000000001,147.74
2024-10-28 19:00:00,84.235,167.4
2024-10-28 20:00:00,69.72500000000001,129.45
2024-10-28 21:00:00,58.49999999999999,108.055
2024-10-28 22:00:00,54.35,100.44999999999999
2024-10-28 23:00:00,36.81,95.80499999999999
2024-10-29 00:00:00,14.985000000000001,91.99000000000001
2024-10-29 01:00:00,8.785,84.885
2024-10-29 02:00:00,4.649999999999999,82.67
2024-10-29 03:00:00,3.3850000000000007,78.75
2024-10-29 04:00:00,3.0199999999999996,77.125
2024-10-29 05:00:00,8.715,79.96
2024-10-29 06:00:00,39.629999999999995,98.3
2024-10-29 07:00:00,47.464999999999996,128.815
2024-10-29 08:00:00,52.510000000000005,143.79000000000002
2024-10-29 09:00:00,34.04,116.02499999999999
2024-10-29 10:00:00,10.46,99.50999999999999
2024-10-29 11:00:00,1.7949999999999906,90.445
2024-10-29 12:00:00,0.01999999999999888,82.24999999999999
2024-10-29 13:00:00,-0.030000000000007996,81.49999999999999
2024-10-29 14:00:00,-0.3050000000000028,75.87499999999997
2024-10-29 15:00:00,0.23999999999999772,83.78500000000003
2024-10-29 16:00:00,10.975000000000005,92.42
2024-10-29 17:00:00,44.20499999999999,106.48499999999999
2024-10-29 18:00:00,67.22500000000001,147.74
2024-10-29 19:00:00,84.235,167.4
2024-10-29 20:00:00,69.72500000000001,129.45
2024-10-29 21:00:00,58.49999999999999,108.055
2024-10-29 22:00:00,54.35,100.44999999999999
2024-10-29 23:00:00,36.81,95.80499999999999
2024-10-30 00:00:00,14.985000000000001,91.99000000000001
2024-10-30 01:00:00,8.785,84.885
2024-10-30 02:00:00,4.649999999999999,82.67
2024-10-30 03:00:00,3.3850000000000007,78.75
2024-10-30 04:00:00,3.0199999999999996,77.125
2024-10-30 05:00:00,8.715,79.96
2024-10-30 06:00:00,39.629999999999995,98.3
2024-10-30 07:00:00,47.464999999999996,128.815
2024-10-30 08:00:00,52.510000000000005,143.79000000000002
2024-10-30 09:00:00,34.04,116.02499999999999
2024-10-30 10:00:00,10.46,99.50999999999999
2024-10-30 11:00:00,1.7949999999999906,90.445
2024-10-30 12:00:00,0.01999999999999888,82.24999999999999
2024-10-30 13:00:00,-0.030000000000007996,81.49999999999999
2024-10-30 14:00:00,-0.3050000000000028,75.87499999999997
2024-10-30 15:00:00,0.23999999999999772,83.78500000000003
2024-10-30 16:00:00,10.975000000000005,92.42
2024-10-30 17:00:00,44.20499999999999,106.48499999999999
2024-10-30 18:00:00,67.22500000000001,147.74
2024-10-30 19:00:00,84.235,167.4
2024-10-30 20:00:00,69.72500000000001,129.45
2024-10-30 21:00:00,58.49999999999999,108.055
2024-10-30 22:00:00,54.35,100.44999999999999
2024-10-30 23:00:00,36.81,95.80499999999999
2024-10-31 00:00:00,14.985000000000001,91.99000000000001
2024-10-31 01:00:00,8.785,84.885
2024-10-31 02:00:00,4.649999999999999,82.67
2024-10-31 03:00:00,3.3850000000000007,78.75
2024-10-31 04:00:00,3.0199999999999996,77.125
2024-10-31 05:00:00,8.715,79.96
2024-10-31 06:00:00,39.629999999999995,98.3
2024-10-31 07:00:00,47.464999999999996,128.815
2024-10-31 08:00:00,52.510000000000005,143.79000000000002
2024-10-31 09:00:00,34.04,116.02499999999999
2024-10-31 10:00:00,10.46,99.50999999999999
2024-10-31 11:00:00,1.7949999999999906,90.445
2024-10-31 12:00:00,0.01999999999999888,82.24999999999999
2024-10-31 13:00:00,-0.030000000000007996,81.49999999999999
2024-10-31 14:00:00,-0.3050000000000028,75.87499999999997
2024-10-31 15:00:00,0.23999999999999772,83.78500000000003
2024-10-31 16:00:00,10.975000000000005,92.42
2024-10-31 17:00:00,44.20499999999999,106.48499999999999
2024-10-31 18:00:00,67.22500000000001,147.74
2024-10-31 19:00:00,84.235,167.4
2024-10-31 20:00:00,69.72500000000001,129.45
2024-10-31 21:00:00,58.49999999999999,108.055
2024-10-31 22:00:00,54.35,100.44999999999999
2024-10-31 23:00:00,36.81,95.80499999999999
2024-11-01 00:00:00,14.985000000000001,91.99000000000001
2024-11-01 01:00:00,8.785,84.885
2024-11-01 02:00:00,4.649999999999999,82.67
2024-11-01 03:00:00,3.3850000000000007,78.75
2024-11-01 04:00:00,3.0199999999999996,77.125
2024-11-01 05:00:00,8.715,79.96
2024-11-01 06:00:00,39.629999999999995,98.3
2024-11-01 07:00:00,47.464999999999996,128.815
2024-11-01 08:00:00,52.510000000000005,143.79000000000002
2024-11-01 09:00:00,34.04,116.02499999999999
2024-11-01 10:00:00,10.46,99.50999999999999
2024-11-01 11:00:00,1.7949999999999906,90.445
2024-11-01 12:00:00,0.01999999999999888,82.24999999999999
2024-11-01 13:00:00,-0.030000000000007996,81.49999999999999
2024-11-01 14:00:00,-0.3050000000000028,75.87499999999997
2024-11-01 15:00:00,0.23999999999999772,83.78500000000003
2024-11-01 16:00:00,10.975000000000005,92.42
2024-11-01 17:00:00,44.20499999999999,106.48499999999999
2024-11-01 18:00:00,67.22500000000001,147.74
2024-11-01 19:00:00,84.235,167.4
2024-11-01 20:00:00,69.72500000000001,129.45
2024-11-01 21:00:00,58.49999999999999,108.055
2024-11-01 22:00:00,54.35,100.44999999999999
2024-11-01 23:00:00,36.81,95.80499999999999
2024-11-02 00:00:00,14.985000000000001,91.99000000000001
2024-11-02 01:00:00,8.785,84.885
2024-11-02 02:00:00,4.649999999999999,82.67
2024-11-02 03:00:00,3.3850000000000007,78.75
2024-11-02 04:00:00,3.0199999999999996,77.125
2024-11-02 05:00:00,8.715,79.96
2024-11-02 06:00:00,39.629999999999995,98.3
2024-11-02 07:00:00,47.464999999999996,128.815
2024-11-02 08:00:00,52.510000000000005,143.79000000000002
2024-11-02 09:00:00,34.04,116.02499999999999
2024-11-02 10:00:00,10.46,99.50999999999999
2024-11-02 11:00:00,1.7949999999999906,90.445
2024-11-02 12:00:00,0.01999999999999888,82.24999999999999
2024-11-02 13:00:00,-0.030000000000007996,81.49999999999999
2024-11-02 14:00:00,-0.3050000000000028,75.87499999999997
2024-11-02 15:00:00,0.23999999999999772,83.78500000000003
2024-11-02 16:00:00,10.975000000000005,92.42
2024-11-02 17:00:00,44.20499999999999,106.48499999999999
2024-11-02 18:00:00,67.22500000000001,147.74
2024-11-02 19:00:00,84.235,167.4
2024-11-02 20:00:00,69.72500000000001,129.45
2024-11-02 21:00:00,58.49999999999999,108.055
2024-11-02 22:00:00,54.35,100.44999999999999
2024-11-02 23:00:00,36.81,95.80499999999999
2024-11-03 00:00:00,14.985000000000001,91.99000000000001
2024-11-03 01:00:00,8.785,84.885
2024-11-03 02:00:00,4.649999999999999,82.67
2024-11-03 03:00:00,3.3850000000000007,78.75
2024-11-03 04:00:00,3.0199999999999996,77.125
2024-11-03 05:00:00,8.715,79.96
2024-11-03 06:00:00,39.629999999999995,98.3
2024-11-03 07:00:00,47.464999999999996,128.815
2024-11-03 08:00:00,52.510000000000005,143.79000000000002
2024-11-03 09:00:00,34.04,116.02499999999999
2024-11-03 10:00:00,10.46,99.50999999999999
2024-11-03 11:00:00,1.7949999999999906,90.445
2024-11-03 12:00:00,0.01999999999999888,82.24999999999999
2024-11-03 13:00:00,-0.030000000000007996,81.49999999999999
2024-11-03 14:00:00,-0.3050000000000028,75.87499999999997
2024-11-03 15:00:00,0.23999999999999772,83.78500000000003
2024-11-03 16:00:00,10.975000000000005,92.42
2024-11-03 17:00:00,44.20499999999999,106.48499999999999
2024-11-03 18:00:00,67.22500000000001,147.74
2024-11-03 19:00:00,84.235,167.4
2024-11-03 20:00:00,69.72500000000001,129.45
2024-11-03 21:00:00,58.49999999999999,108.055
2024-11-03 22:00:00,54.35,100.44999999999999
2024-11-03 23:00:00,36.81,95.80499999999999
2024-11-04 00:00:00,14.985000000000001,93.4
2024-11-04 01:00:00,8.785,86.42
2024-11-04 02:00:00,4.649999999999999,84.07500000000002
2024-11-04 03:00:00,3.3850000000000007,80.745
2024-11-04 04:00:00,3.0199999999999996,80.365
2024-11-04 05:00:00,8.715,84.75
2024-11-04 06:00:00,39.629999999999995,98.3
2024-11-04 07:00:00,50.735,125.97500000000001
2024-11-04 08:00:00,60.07999999999999,143.79000000000002
2024-11-04 09:00:00,36.245,116.22000000000001
2024-11-04 10:00:00,14.650000000000006,99.49
2024-11-04 11:00:00,3.5349999999999935,91.20499999999998
2024-11-04 12:00:00,0.33499999999999425,88.70000000000002
2024-11-04 13:00:00,-0.030000000000007996,86.07000000000002
2024-11-04 14:00:00,-0.15500000000000425,83.85999999999997
2024-11-04 15:00:00,0.23999999999999772,94.93999999999996
2024-11-04 16:00:00,10.975000000000005,106.46499999999997
2024-11-04 17:00:00,44.20499999999999,125.14
2024-11-04 18:00:00,68.66000000000001,150.455
2024-11-04 19:00:00,84.235,163.015
2024-11-04 20:00:00,69.72500000000001,121.215
2024-11-04 21:00:00,58.49999999999999,109.62
2024-11-04 22:00:00,54.35,103.73
2024-11-04 23:00:00,36.81,98.30000000000001
2024-11-05 00:00:00,14.985000000000001,93.4
2024-11-05 01:00:00,8.785,86.42
2024-11-05 02:00:00,4.649999999999999,84.07500000000002
2024-11-05 03:00:00,3.3850000000000007,80.745
2024-11-05 04:00:00,3.0199999999999996,80.365
2024-11-05 05:00:00,8.715,84.75
2024-11-05 06:00:00,39.629999999999995,98.3
2024-11-05 07:00:00,50.735,125.97500000000001
2024-11-05 08:00:00,60.07999999999999,143.79000000000002
2024-11-05 09:00:00,36.245,116.22000000000001
2024-11-05 10:00:00,14.650000000000006,99.49
2024-11-05 11:00:00,3.5349999999999935,91.20499999999998
2024-11-05 12:00:00,0.33499999999999425,88.70000000000002
2024-11-05 13:00:00,-0.030000000000007996,86.07000000000002
2024-11-05 14:00:00,-0.15500000000000425,83.85999999999997
2024-11-05 15:00:00,0.23999999999999772,94.93999999999996
2024-11-05 16:00:00,10.975000000000005,106.46499999999997
2024-11-05 17:00:00,44.20499999999999,125.14
2024-11-05 18:00:00,68.66000000000001,150.455
2024-11-05 19:00:00,84.235,163.015
2024-11-05 20:00:00,69.72500000000001,121.215
2024-11-05 21:00:00,58.49999999999999,109.62
2024-11-05 22:00:00,54.35,103.73
2024-11-05 23:00:00,36.81,98.30000000000001
2024-11-06 00:00:00,14.985000000000001,93.4
2024-11-06 01:00:00,8.785,86.42
2024-11-06 02:00:00,4.649999999999999,84.07500000000002
2024-11-06 03:00:00,3.3850000000000007,80.745
2024-11-06 04:00:00,3.0199999999999996,80.365
2024-11-06 05:00:00,8.715,84.75
2024-11-06 06:00:00,39.629999999999995,98.3
2024-11-06 07:00:00,50.735,125.97500000000001
2024-11-06 08:00:00,60.07999999999999,143.79000000000002
2024-11-06 09:00:00,36.245,116.22000000000001
2024-11-06 10:00:00,14.650000000000006,99.49
2024-11-06 11:00:00,3.5349999999999935,91.20499999999998
2024-11-06 12:00:00,0.33499999999999425,88.70000000000002
2024-11-06 13:00:00,-0.030000000000007996,86.07000000000002
2024-11-06 14:00:00,-0.15500000000000425,83.85999999999997
2024-11-06 15:00:00,0.23999999999999772,94.93999999999996
2024-11-06 16:00:00,10.975000000000005,106.46499999999997
2024-11-06 17:00:00,44.20499999999999,125.14
2024-11-06 18:00:00,68.66000000000001,150.455
2024-11-06 19:00:00,84.235,163.015
2024-11-06 20:00:00,69.72500000000001,121.215
2024-11-06 21:00:00,58.49999999999999,109.62
2024-11-06 22:00:00,54.35,103.73
2024-11-06 23:00:00,36.81,98.30000000000001
2024-11-07 00:00:00,14.985000000000001,93.4
2024-11-07 01:00:00,8.785,86.42
2024-11-07 02:00:00,4.649999999999999,84.07500000000002
2024-11-07 03:00:00,3.3850000000000007,80.745
2024-11-07 04:00:00,3.0199999999999996,80.365
2024-11-07 05:00:00,8.715,84.75
2024-11-07 06:00:00,39.629999999999995,98.3
2024-11-07 07:00:00,50.735,125.97500000000001
2024-11-07 08:00:00,60.07999999999999,143.79000000000002
2024-11-07 09:00:00,36.245,116.22000000000001
2024-11-07 10:00:00,14.650000000000006,99.49
2024-11-07 11:00:00,3.5349999999999935,91.20499999999998
2024-11-07 12:00:00,0.33499999999999425,88.70000000000002
2024-11-07 13:00:00,-0.030000000000007996,86.07000000000002
2024-11-07 14:00:00,-0.15500000000000425,83.85999999999997
2024-11-07 15:00:00,0.23999999999999772,94.93999999999996
2024-11-07 16:00:00,10.975000000000005,106.46499999999997
2024-11-07 17:00:00,44.20499999999999,125.14
2024-11-07 18:00:00,68.66000000000001,150.455
2024-11-07 19:00:00,84.235,163.015
2024-11-07 20:00:00,69.72500000000001,121.215
2024-11-07 21:00:00,58.49999999999999,109.62
2024-11-07 22:00:00,54.35,103.73
2024-11-07 23:00:00,36.81,98.30000000000001
2024-11-08 00:00:00,14.985000000000001,93.4
2024-11-08 01:00:00,8.785,86.42
2024-11-08 02:00:00,4.649999999999999,84.07500000000002
2024-11-08 03:00:00,3.3850000000000007,80.745
2024-11-08 04:00:00,3.0199999999999996,80.365
2024-11-08 05:00:00,8.715,84.75
2024-11-08 06:00:00,39.629999999999995,98.3
2024-11-08 07:00:00,50.735,125.97500000000001
2024-11-08 08:00:00,60.07999999999999,143.79000000000002
2024-11-08 09:00:00,36.245,116.22000000000001
2024-11-08 10:00:00,14.650000000000006,99.49
2024-11-08 11:00:00,3.5349999999999935,91.20499999999998
2024-11-08 12:00:00,0.33499999999999425,88.70000000000002
2024-11-08 13:00:00,-0.030000000000007996,86.07000000000002
2024-11-08 14:00:00,-0.15500000000000425,83.85999999999997
2024-11-08 15:00:00,0.23999999999999772,94.93999999999996
2024-11-08 16:00:00,10.975000000000005,106.46499999999997
2024-11-08 17:00:00,44.20499999999999,125.14
2024-11-08 18:00:00,68.66000000000001,150.455
2024-11-08 19:00:00,84.235,163.015
2024-11-08 20:00:00,69.72500000000001,121.215
2024-11-08 21:00:00,58.49999999999999,109.62
2024-11-08 22:00:00,54.35,103.73
2024-11-08 23:00:00,36.81,98.30000000000001
2024-11-09 00:00:00,14.985000000000001,93.4
2024-11-09 01:00:00,8.785,86.42
2024-11-09 02:00:00,4.649999999999999,84.07500000000002
2024-11-09 03:00:00,3.3850000000000007,80.745
2024-11-09 04:00:00,3.0199999999999996,80.365
2024-11-09 05:00:00,8.715,84.75
2024-11-09 06:00:00,39.629999999999995,98.3
2024-11-09 07:00:00,50.735,125.97500000000001
2024-11-09 08:00:00,60.07999999999999,143.79000000000002
2024-11-09 09:00:00,36.245,116.22000000000001
2024-11-09 10:00:00,14.650000000000006,99.49
2024-11-09 11:00:00,3.5349999999999935,91.20499999999998
2024-11-09 12:00:00,0.33499999999999425,88.70000000000002
2024-11-09 13:00:00,-0.030000000000007996,86.07000000000002
2024-11-09 14:00:00,-0.15500000000000425,83.85999999999997
2024-11-09 15:00:00,0.23999999999999772,94.93999999999996
2024-11-09 16:00:00,10.975000000000005,106.46499999999997
2024-11-09 17:00:00,44.20499999999999,125.14
2024-11-09 18:00:00,68.66000000000001,150.455
2024-11-09 19:00:00,84.235,163.015
2024-11-09 20:00:00,69.72500000000001,121.215
2024-11-09 21:00:00,58.49999999999999,109.62
2024-11-09 22:00:00,54.35,103.73
2024-11-09 23:00:00,36.81,98.30000000000001
2024-11-10 00:00:00,14.985000000000001,93.4
2024-11-10 01:00:00,8.785,86.42
2024-11-10 02:00:00,4.649999999999999,84.07500000000002
2024-11-10 03:00:00,3.3850000000000007,80.745
2024-11-10 04:00:00,3.0199999999999996,80.365
2024-11-10 05:00:00,8.715,84.75
2024-11-10 06:00:00,39.629999999999995,98.3
2024-11-10 07:00:00,50.735,125.97500000000001
2024-11-10 08:00:00,60.07999999999999,143.79000000000002
2024-11-10 09:00:00,36.245,116.22000000000001
2024-11-10 10:00:00,14.650000000000006,99.49
2024-11-10 11:00:00,3.5349999999999935,91.20499999999998
2024-11-10 12:00:00,0.33499999999999425,88.70000000000002
2024-11-10 13:00:00,-0.030000000000007996,86.07000000000002
2024-11-10 14:00:00,-0.15500000000000425,83.85999999999997
2024-11-10 15:00:00,0.23999999999999772,94.93999999999996
2024-11-10 16:00:00,10.975000000000005,106.46499999999997
2024-11-10 17:00:00,44.20499999999999,125.14
2024-11-10 18:00:00,68.66000000000001,150.455
2024-11-10 19:00:00,84.235,163.015
2024-11-10 20:00:00,69.72500000000001,121.215
2024-11-10 21:00:00,58.49999999999999,109.62
2024-11-10 22:00:00,54.35,103.73
2024-11-10 23:00:00,36.81,98.30000000000001
2024-11-11 00:00:00,14.985000000000001,100.41500000000002
2024-11-11 01:00:00,8.785,94.75999999999999
2024-11-11 02:00:00,4.649999999999999,91.215
2024-11-11 03:00:00,3.3850000000000007,90.085
2024-11-11 04:00:00,3.0199999999999996,92.375
2024-11-11 05:00:00,8.715,98.025
2024-11-11 06:00:00,39.629999999999995,110.68
2024-11-11 07:00:00,50.735,130.635
2024-11-11 08:00:00,60.07999999999999,145.945
2024-11-11 09:00:00,40.379999999999995,120.34499999999998
2024-11-11 10:00:00,20.19,107.92
2024-11-11 11:00:00,6.279999999999989,103.29500000000002
2024-11-11 12:00:00,2.3800000000000052,99.25000000000001
2024-11-11 13:00:00,-0.030000000000007996,103.03
2024-11-11 14:00:00,-0.04000000000000725,109.40999999999998
2024-11-11 15:00:00,0.8900000000000047,121.26999999999998
2024-11-11 16:00:00,27.520000000000003,129.9
2024-11-11 17:00:00,49.455,144.67000000000002
2024-11-11 18:00:00,72.28999999999999,180.455
2024-11-11 19:00:00,84.235,167.38500000000002
2024-11-11 20:00:00,69.72500000000001,126.815
2024-11-11 21:00:00,58.49999999999999,114.03999999999998
2024-11-11 22:00:00,54.35,111.48
2024-11-11 23:00:00,36.81,105.235
2024-11-12 00:00:00,14.985000000000001,100.41500000000002
2024-11-12 01:00:00,8.785,94.75999999999999
2024-11-12 02:00:00,4.649999999999999,91.215
2024-11-12 03:00:00,3.3850000000000007,90.085
2024-11-12 04:00:00,3.0199999999999996,92.375
2024-11-12 05:00:00,8.715,98.025
2024-11-12 06:00:00,39.629999999999995,110.68
2024-11-12 07:00:00,50.735,130.635
2024-11-12 08:00:00,60.07999999999999,145.945
2024-11-12 09:00:00,40.379999999999995,120.34499999999998
2024-11-12 10:00:00,20.19,107.92
2024-11-12 11:00:00,6.279999999999989,103.29500000000002
2024-11-12 12:00:00,2.3800000000000052,99.25000000000001
2024-11-12 13:00:00,-0.030000000000007996,103.03
2024-11-12 14:00:00,-0.04000000000000725,109.40999999999998
2024-11-12 15:00:00,0.8900000000000047,121.26999999999998
2024-11-12 16:00:00,27.520000000000003,129.9
2024-11-12 17:00:00,49.455,144.67000000000002
2024-11-12 18:00:00,72.28999999999999,180.455
2024-11-12 19:00:00,84.235,167.38500000000002
2024-11-12 20:00:00,69.72500000000001,126.815
2024-11-12 21:00:00,58.49999999999999,114.03999999999998
2024-11-12 22:00:00,54.35,111.48
2024-11-12 23:00:00,36.81,105.235
2024-11-13 00:00:00,14.985000000000001,100.41500000000002
2024-11-13 01:00:00,8.785,94.75999999999999
2024-11-13 02:00:00,4.649999999999999,91.215
2024-11-13 03:00:00,3.3850000000000007,90.085
2024-11-13 04:00:00,3.0199999999999996,92.375
2024-11-13 05:00:00,8.715,98.025
2024-11-13 06:00:00,39.629999999999995,110.68
2024-11-13 07:00:00,50.735,130.635
2024-11-13 08:00:00,60.07999999999999,145.945
2024-11-13 09:00:00,40.379999999999995,120.34499999999998
2024-11-13 10:00:00,20.19,107.92
2024-11-13 11:00:00,6.279999999999989,103.29500000000002
2024-11-13 12:00:00,2.3800000000000052,99.25000000000001
2024-11-13 13:00:00,-0.030000000000007996,103.03
2024-11-13 14:00:00,-0.04000000000000725,109.40999999999998
2024-11-13 15:00:00,0.8900000000000047,121.26999999999998
2024-11-13 16:00:00,27.520000000000003,129.9
2024-11-13 17:00:00,49.455,144.67000000000002
2024-11-13 18:00:00,72.28999999999999,180.455
2024-11-13 19:00:00,84.235,167.38500000000002
2024-11-13 20:00:00,69.72500000000001,126.815
2024-11-13 21:00:00,58.49999999999999,114.03999999999998
2024-11-13 22:00:00,54.35,111.48
2024-11-13 23:00:00,36.81,105.235
2024-11-14 00:00:00,14.985000000000001,100.41500000000002
2024-11-14 01:00:00,8.785,94.75999999999999
2024-11-14 02:00:00,4.649999999999999,91.215
2024-11-14 03:00:00,3.3850000000000007,90.085
2024-11-14 04:00:00,3.0199999999999996,92.375
2024-11-14 05:00:00,8.715,98.025
2024-11-14 06:00:00,39.629999999999995,110.68
2024-11-14 07:00:00,50.735,130.635
2024-11-14 08:00:00,60.07999999999999,145.945
2024-11-14 09:00:00,40.379999999999995,120.34499999999998
2024-11-14 10:00:00,20.19,107.92
2024-11-14 11:00:00,6.279999999999989,103.29500000000002
2024-11-14 12:00:00,2.3800000000000052,99.25000000000001
2024-11-14 13:00:00,-0.030000000000007996,103.03
2024-11-14 14:00:00,-0.04000000000000725,109.40999999999998
2024-11-14 15:00:00,0.8900000000000047,121.26999999999998
2024-11-14 16:00:00,27.520000000000003,129.9
2024-11-14 17:00:00,49.455,144.67000000000002
2024-11-14 18:00:00,72.28999999999999,180.455
2024-11-14 19:00:00,84.235,167.38500000000002
2024-11-14 20:00:00,69.72500000000001,126.815
2024-11-14 21:00:00,58.49999999999999,114.03999999999998
2024-11-14 22:00:00,54.35,111.48
2024-11-14 23:00:00,36.81,105.235
2024-11-15 00:00:00,14.985000000000001,100.41500000000002
2024-11-15 01:00:00,8.785,94.75999999999999
2024-11-15 02:00:00,4.649999999999999,91.215
2024-11-15 03:00:00,3.3850000000000007,90.085
2024-11-15 04:00:00,3.0199999999999996,92.375
2024-11-15 05:00:00,8.715,98.025
2024-11-15 06:00:00,39.629999999999995,110.68
2024-11-15 07:00:00,50.735,130.635
2024-11-15 08:00:00,60.07999999999999,145.945
2024-11-15 09:00:00,40.379999999999995,120.34499999999998
2024-11-15 10:00:00,20.19,107.92
2024-11-15 11:00:00,6.279999999999989,103.29500000000002
2024-11-15 12:00:00,2.3800000000000052,99.25000000000001
2024-11-15 13:00:00,-0.030000000000007996,103.03
2024-11-15 14:00:00,-0.04000000000000725,109.40999999999998
2024-11-15 15:00:00,0.8900000000000047,121.26999999999998
2024-11-15 16:00:00,27.520000000000003,129.9
2024-11-15 17:00:00,49.455,144.67000000000002
2024-11-15 18:00:00,72.28999999999999,180.455
2024-11-15 19:00:00,84.235,167.38500000000002
2024-11-15 20:00:00,69.72500000000001,126.815
2024-11-15 21:00:00,58.49999999999999,114.03999999999998
2024-11-15 22:00:00,54.35,111.48
2024-11-15 23:00:00,36.81,105.235
2024-11-16 00:00:00,14.985000000000001,100.41500000000002
2024-11-16 01:00:00,8.785,94.75999999999999
2024-11-16 02:00:00,4.649999999999999,91.215
2024-11-16 03:00:00,3.3850000000000007,90.085
2024-11-16 04:00:00,3.0199999999999996,92.375
2024-11-16 05:00:00,8.715,98.025
2024-11-16 06:00:00,39.629999999999995,110.68
2024-11-16 07:00:00,50.735,130.635
2024-11-16 08:00:00,60.07999999999999,145.945
2024-11-16 09:00:00,40.379999999999995,120.34499999999998
2024-11-16 10:00:00,20.19,107.92
2024-11-16 11:00:00,6.279999999999989,103.29500000000002
2024-11-16 12:00:00,2.3800000000000052,99.25000000000001
2024-11-16 13:00:00,-0.030000000000007996,103.03
2024-11-16 14:00:00,-0.04000000000000725,109.40999999999998
2024-11-16 15:00:00,0.8900000000000047,121.26999999999998
2024-11-16 16:00:00,27.520000000000003,129.9
2024-11-16 17:00:00,49.455,144.67000000000002
2024-11-16 18:00:00,72.28999999999999,180.455
2024-11-16 19:00:00,84.235,167.38500000000002
2024-11-16 20:00:00,69.72500000000001,126.815
2024-11-16 21:00:00,58.49999999999999,114.03999999999998
2024-11-16 22:00:00,54.35,111.48
2024-11-16 23:00:00,36.81,105.235
2024-11-17 00:00:00,14.985000000000001,100.41500000000002
2024-11-17 01:00:00,8.785,94.75999999999999
2024-11-17 02:00:00,4.649999999999999,91.215
2024-11-17 03:00:00,3.3850000000000007,90.085
2024-11-17 04:00:00,3.0199999999999996,92.375
2024-11-17 05:00:00,8.715,98.025
2024-11-17 06:00:00,39.629999999999995,110.68
2024-11-17 07:00:00,50.735,130.635
2024-11-17 08:00:00,60.07999999999999,145.945
2024-11-17 09:00:00,40.379999999999995,120.34499999999998
2024-11-17 10:00:00,20.19,107.92
2024-11-17 11:00:00,6.279999999999989,103.29500000000002
2024-11-17 12:00:00,2.3800000000000052,99.25000000000001
2024-11-17 13:00:00,-0.030000000000007996,103.03
2024-11-17 14:00:00,-0.04000000000000725,109.40999999999998
2024-11-17 15:00:00,0.8900000000000047,121.26999999999998
2024-11-17 16:00:00,27.520000000000003,129.9
2024-11-17 17:00:00,49.455,144.67000000000002
2024-11-17 18:00:00,72.28999999999999,180.455
2024-11-17 19:00:00,84.235,167.38500000000002
2024-11-17 20:00:00,69.72500000000001,126.815
2024-11-17 21:00:00,58.49999999999999,114.03999999999998
2024-11-17 22:00:00,54.35,111.48
2024-11-17 23:00:00,36.81,105.235
2024-11-18 00:00:00,14.985000000000001,105.04499999999999
2024-11-18 01:00:00,8.785,100.50999999999999
2024-11-18 02:00:00,4.649999999999999,97.19000000000001
2024-11-18 03:00:00,3.3850000000000007,95.08
2024-11-18 04:00:00,3.0199999999999996,96.51
2024-11-18 05:00:00,8.715,100.02000000000001
2024-11-18 06:00:00,39.629999999999995,112.93
2024-11-18 07:00:00,50.735,135.84
2024-11-18 08:00:00,64.09,147.61499999999998
2024-11-18 09:00:00,40.379999999999995,126.61999999999999
2024-11-18 10:00:00,22.53,119.72000000000001
2024-11-18 11:00:00,11.399999999999993,111.39
2024-11-18 12:00:00,4.110000000000004,112.84499999999998
2024-11-18 13:00:00,0.454999999999997,117.03
2024-11-18 14:00:00,2.0,119.71
2024-11-18 15:00:00,7.160000000000005,134.235
2024-11-18 16:00:00,31.20499999999999,144.45999999999998
2024-11-18 17:00:00,51.184999999999995,173.23000000000002
2024-11-18 18:00:00,74.56,185.79
2024-11-18 19:00:00,86.76499999999999,167.38500000000002
2024-11-18 20:00:00,69.72500000000001,132.48499999999999
2024-11-18 21:00:00,58.49999999999999,117.855
2024-11-18 22:00:00,54.35,116.38
2024-11-18 23:00:00,36.81,109.02499999999999
2024-11-19 00:00:00,14.985000000000001,105.04499999999999
2024-11-19 01:00:00,8.785,100.50999999999999
2024-11-19 02:00:00,4.649999999999999,97.19000000000001
2024-11-19 03:00:00,3.3850000000000007,95.08
2024-11-19 04:00:00,3.0199999999999996,96.51
2024-11-19 05:00:00,8.715,100.02000000000001
2024-11-19 06:00:00,39.629999999999995,112.93
2024-11-19 07:00:00,50.735,135.84
2024-11-19 08:00:00,64.09,147.61499999999998
2024-11-19 09:00:00,40.379999999999995,126.61999999999999
2024-11-19 10:00:00,22.53,119.72000000000001
2024-11-19 11:00:00,11.399999999999993,111.39
2024-11-19 12:00:00,4.110000000000004,112.84499999999998
2024-11-19 13:00:00,0.454999999999997,117.03
2024-11-19 14:00:00,2.0,119.71
2024-11-19 15:00:00,7.160000000000005,134.235
2024-11-19 16:00:00,31.20499999999999,144.45999999999998
2024-11-19 17:00:00,51.184999999999995,173.23000000000002
2024-11-19 18:00:00,74.56,185.79
2024-11-19 19:00:00,86.76499999999999,167.38500000000002
2024-11-19 20:00:00,69.72500000000001,132.48499999999999
2024-11-19 21:00:00,58.49999999999999,117.855
2024-11-19 22:00:00,54.35,116.38
2024-11-19 23:00:00,36.81,109.02499999999999
2024-11-20 00:00:00,14.985000000000001,105.04499999999999
2024-11-20 01:00:00,8.785,100.50999999999999
2024-11-20 02:00:00,4.649999999999999,97.19000000000001
2024-11-20 03:00:00,3.3850000000000007,95.08
2024-11-20 04:00:00,3.0199999999999996,96.51
2024-11-20 05:00:00,8.715,100.02000000000001
2024-11-20 06:00:00,39.629999999999995,112.93
2024-11-20 07:00:00,50.735,135.84
2024-11-20 08:00:00,64.09,147.61499999999998
2024-11-20 09:00:00,40.379999999999995,126.61999999999999
2024-11-20 10:00:00,22.53,119.72000000000001
2024-11-20 11:00:00,11.399999999999993,111.39
2024-11-20 12:00:00,4.110000000000004,112.84499999999998
2024-11-20 13:00:00,0.454999999999997,117.03
2024-11-20 14:00:00,2.0,119.71
2024-11-20 15:00:00,7.160000000000005,134.235
2024-11-20 16:00:00,31.20499999999999,144.45999999999998
2024-11-20 17:00:00,51.184999999999995,173.23000000000002
2024-11-20 18:00:00,74.56,185.79
2024-11-20 19:00:00,86.76499999999999,167.38500000000002
2024-11-20 20:00:00,69.72500000000001,132.48499999999999
2024-11-20 21:00:00,58.49999999999999,117.855
2024-11-20 22:00:00,54.35,116.38
2024-11-20 23:00:00,36.81,109.02499999999999
2024-11-21 00:00:00,14.985000000000001,105.04499999999999
2024-11-21 01:00:00,8.785,100.50999999999999
2024-11-21 02:00:00,4.649999999999999,97.19000000000001
2024-11-21 03:00:00,3.3850000000000007,95.08
2024-11-21 04:00:00,3.0199999999999996,96.51
2024-11-21 05:00:00,8.715,100.02000000000001
2024-11-21 06:00:00,39.629999999999995,112.93
2024-11-21 07:00:00,50.735,135.84
2024-11-21 08:00:00,64.09,147.61499999999998
2024-11-21 09:00:00,40.379999999999995,126.61999999999999
2024-11-21 10:00:00,22.53,119.72000000000001
2024-11-21 11:00:00,11.399999999999993,111.39
2024-11-21 12:00:00,4.110000000000004,112.84499999999998
2024-11-21 13:00:00,0.454999999999997,117.03
2024-11-21 14:00:00,2.0,119.71
2024-11-21 15:00:00,7.160000000000005,134.235
2024-11-21 16:00:00,31.20499999999999,144.45999999999998
2024-11-21 17:00:00,51.184999999999995,173.23000000000002
2024-11-21 18:00:00,74.56,185.79
2024-11-21 19:00:00,86.76499999999999,167.38500000000002
2024-11-21 20:00:00,69.72500000000001,132.48499999999999
2024-11-21 21:00:00,58.49999999999999,117.855
2024-11-21 22:00:00,54.35,116.38
2024-11-21 23:00:00,36.81,109.02499999999999
2024-11-22 00:00:00,14.985000000000001,105.04499999999999
2024-11-22 01:00:00,8.785,100.50999999999999
2024-11-22 02:00:00,4.649999999999999,97.19000000000001
2024-11-22 03:00:00,3.3850000000000007,95.08
2024-11-22 04:00:00,3.0199999999999996,96.51
2024-11-22 05:00:00,8.715,100.02000000000001
2024-11-22 06:00:00,39.629999999999995,112.93
2024-11-22 07:00:00,50.735,135.84
2024-11-22 08:00:00,64.09,147.61499999999998
2024-11-22 09:00:00,40.379999999999995,126.61999999999999
2024-11-22 10:00:00,22.53,119.72000000000001
2024-11-22 11:00:00,11.399999999999993,111.39
2024-11-22 12:00:00,4.110000000000004,112.84499999999998
2024-11-22 13:00:00,0.454999999999997,117.03
2024-11-22 14:00:00,2.0,119.71
2024-11-22 15:00:00,7.160000000000005,134.235
2024-11-22 16:00:00,31.20499999999999,144.45999999999998
2024-11-22 17:00:00,51.184999999999995,173.23000000000002
2024-11-22 18:00:00,74.56,185.79
2024-11-22 19:00:00,86.76499999999999,167.38500000000002
2024-11-22 20:00:00,69.72500000000001,132.48499999999999
2024-11-22 21:00:00,58.49999999999999,117.855
2024-11-22 22:00:00,54.35,116.38
2024-11-22 23:00:00,36.81,109.02499999999999
2024-11-23 00:00:00,14.985000000000001,105.04499999999999
2024-11-23 01:00:00,8.785,100.50999999999999
2024-11-23 02:00:00,4.649999999999999,97.19000000000001
2024-11-23 03:00:00,3.3850000000000007,95.08
2024-11-23 04:00:00,3.0199999999999996,96.51
2024-11-23 05:00:00,8.715,100.02000000000001
2024-11-23 06:00:00,39.629999999999995,112.93
2024-11-23 07:00:00,50.735,135.84
2024-11-23 08:00:00,64.09,147.61499999999998
2024-11-23 09:00:00,40.379999999999995,126.61999999999999
2024-11-23 10:00:00,22.53,119.72000000000001
2024-11-23 11:00:00,11.399999999999993,111.39
2024-11-23 12:00:00,4.110000000000004,112.84499999999998
2024-11-23 13:00:00,0.454999999999997,117.03
2024-11-23 14:00:00,2.0,119.71
2024-11-23 15:00:00,7.160000000000005,134.235
2024-11-23 16:00:00,31.20499999999999,144.45999999999998
2024-11-23 17:00:00,51.184999999999995,173.23000000000002
2024-11-23 18:00:00,74.56,185.79
2024-11-23 19:00:00,86.76499999999999,167.38500000000002
2024-11-23 20:00:00,69.72500000000001,132.48499999999999
2024-11-23 21:00:00,58.49999999999999,117.855
2024-11-23 22:00:00,54.35,116.38
2024-11-23 23:00:00,36.81,109.02499999999999
2024-11-24 00:00:00,14.985000000000001,105.04499999999999
2024-11-24 01:00:00,8.785,100.50999999999999
2024-11-24 02:00:00,4.649999999999999,97.19000000000001
2024-11-24 03:00:00,3.3850000000000007,95.08
2024-11-24 04:00:00,3.0199999999999996,96.51
2024-11-24 05:00:00,8.715,100.02000000000001
2024-11-24 06:00:00,39.629999999999995,112.93
2024-11-24 07:00:00,50.735,135.84
2024-11-24 08:00:00,64.09,147.61499999999998
2024-11-24 09:00:00,40.379999999999995,126.61999999999999
2024-11-24 10:00:00,22.53,119.72000000000001
2024-11-24 11:00:00,11.399999999999993,111.39
2024-11-24 12:00:00,4.110000000000004,112.84499999999998
2024-11-24 13:00:00,0.454999999999997,117.03
2024-11-24 14:00:00,2.0,119.71
2024-11-24 15:00:00,7.160000000000005,134.235
2024-11-24 16:00:00,31.20499999999999,144.45999999999998
2024-11-24 17:00:00,51.184999999999995,173.23000000000002
2024-11-24 18:00:00,74.56,185.79
2024-11-24 19:00:00,86.76499999999999,167.38500000000002
2024-11-24 20:00:00,69.72500000000001,132.48499999999999
2024-11-24 21:00:00,58.49999999999999,117.855
2024-11-24 22:00:00,54.35,116.38
2024-11-24 23:00:00,36.81,109.02499999999999
2024-11-25 00:00:00,21.779999999999998,107.5
2024-11-25 01:00:00,12.475,101.245
2024-11-25 02:00:00,7.890000000000001,97.19000000000001
2024-11-25 03:00:00,4.609999999999999,95.08
2024-11-25 04:00:00,6.390000000000002,96.51
2024-11-25 05:00:00,12.719999999999999,100.02000000000001
2024-11-25 06:00:00,41.85000000000001,113.60000000000001
2024-11-25 07:00:00,58.6,132.935
2024-11-25 08:00:00,74.195,147.61499999999998
2024-11-25 09:00:00,60.220000000000006,133.545
2024-11-25 10:00:00,42.900000000000006,126.90500000000002
2024-11-25 11:00:00,27.805000000000003,116.59
2024-11-25 12:00:00,13.569999999999993,115.385
2024-11-25 13:00:00,9.635000000000003,121.97
2024-11-25 14:00:00,7.050000000000009,125.445
2024-11-25 15:00:00,21.849999999999998,141.505
2024-11-25 16:00:00,46.48,145.63499999999996
2024-11-25 17:00:00,60.58999999999999,174.08
2024-11-25 18:00:00,83.80999999999999,185.79
2024-11-25 19:00:00,84.89500000000001,163.30500000000004
2024-11-25 20:00:00,68.435,133.12
2024-11-25 21:00:00,56.06500000000001,119.82000000000001
2024-11-25 22:00:00,51.28000000000001,117.33
2024-11-25 23:00:00,34.73,110.065
2024-11-26 00:00:00,21.779999999999998,107.5
2024-11-26 01:00:00,12.475,101.245
2024-11-26 02:00:00,7.890000000000001,97.19000000000001
2024-11-26 03:00:00,4.609999999999999,95.08
2024-11-26 04:00:00,6.390000000000002,96.51
2024-11-26 05:00:00,12.719999999999999,100.02000000000001
2024-11-26 06:00:00,41.85000000000001,113.60000000000001
2024-11-26 07:00:00,58.6,132.935
2024-11-26 08:00:00,74.195,147.61499999999998
2024-11-26 09:00:00,60.220000000000006,133.545
2024-11-26 10:00:00,42.900000000000006,126.90500000000002
2024-11-26 11:00:00,27.805000000000003,116.59
2024-11-26 12:00:00,13.569999999999993,115.385
2024-11-26 13:00:00,9.635000000000003,121.97
2024-11-26 14:00:00,7.050000000000009,125.445
2024-11-26 15:00:00,21.849999999999998,141.505
2024-11-26 16:00:00,46.48,145.63499999999996
2024-11-26 17:00:00,60.58999999999999,174.08
2024-11-26 18:00:00,83.80999999999999,185.79
2024-11-26 19:00:00,84.89500000000001,163.30500000000004
2024-11-26 20:00:00,68.435,133.12
2024-11-26 21:00:00,56.06500000000001,119.82000000000001
2024-11-26 22:00:00,51.28000000000001,117.33
2024-11-26 23:00:00,34.73,110.065
2024-11-27 00:00:00,21.779999999999998,107.5
2024-11-27 01:00:00,12.475,101.245
2024-11-27 02:00:00,7.890000000000001,97.19000000000001
2024-11-27 03:00:00,4.609999999999999,95.08
2024-11-27 04:00:00,6.390000000000002,96.51
2024-11-27 05:00:00,12.719999999999999,100.02000000000001
2024-11-27 06:00:00,41.85000000000001,113.60000000000001
2024-11-27 07:00:00,58.6,132.935
2024-11-27 08:00:00,74.195,147.61499999999998
2024-11-27 09:00:00,60.220000000000006,133.545
2024-11-27 10:00:00,42.900000000000006,126.90500000000002
2024-11-27 11:00:00,27.805000000000003,116.59
2024-11-27 12:00:00,13.569999999999993,115.385
2024-11-27 13:00:00,9.635000000000003,121.97
2024-11-27 14:00:00,7.050000000000009,125.445
2024-11-27 15:00:00,21.849999999999998,141.505
2024-11-27 16:00:00,46.48,145.63499999999996
2024-11-27 17:00:00,60.58999999999999,174.08
2024-11-27 18:00:00,83.80999999999999,185.79
2024-11-27 19:00:00,84.89500000000001,163.30500000000004
2024-11-27 20:00:00,68.435,133.12
2024-11-27 21:00:00,56.06500000000001,119.82000000000001
2024-11-27 22:00:00,51.28000000000001,117.33
2024-11-27 23:00:00,34.73,110.065
2024-11-28 00:00:00,21.779999999999998,107.5
2024-11-28 01:00:00,12.475,101.245
2024-11-28 02:00:00,7.890000000000001,97.19000000000001
2024-11-28 03:00:00,4.609999999999999,95.08
2024-11-28 04:00:00,6.390000000000002,96.51
2024-11-28 05:00:00,12.719999999999999,100.02000000000001
2024-11-28 06:00:00,41.85000000000001,113.60000000000001
2024-11-28 07:00:00,58.6,132.935
2024-11-28 08:00:00,74.195,147.61499999999998
2024-11-28 09:00:00,60.220000000000006,133.545
2024-11-28 10:00:00,42.900000000000006,126.90500000000002
2024-11-28 11:00:00,27.805000000000003,116.59
2024-11-28 12:00:00,13.569999999999993,115.385
2024-11-28 13:00:00,9.635000000000003,121.97
2024-11-28 14:00:00,7.050000000000009,125.445
2024-11-28 15:00:00,21.849999999999998,141.505
2024-11-28 16:00:00,46.48,145.63499999999996
2024-11-28 17:00:00,60.58999999999999,174.08
2024-11-28 18:00:00,83.80999999999999,185.79
2024-11-28 19:00:00,84.89500000000001,163.30500000000004
2024-11-28 20:00:00,68.435,133.12
2024-11-28 21:00:00,56.06500000000001,119.82000000000001
2024-11-28 22:00:00,51.28000000000001,117.33
2024-11-28 23:00:00,34.73,110.065
2024-11-29 00:00:00,21.779999999999998,107.5
2024-11-29 01:00:00,12.475,101.245
2024-11-29 02:00:00,7.890000000000001,97.19000000000001
2024-11-29 03:00:00,4.609999999999999,95.08
2024-11-29 04:00:00,6.390000000000002,96.51
2024-11-29 05:00:00,12.719999999999999,100.02000000000001
2024-11-29 06:00:00,41.85000000000001,113.60000000000001
2024-11-29 07:00:00,58.6,132.935
2024-11-29 08:00:00,74.195,147.61499999999998
2024-11-29 09:00:00,60.220000000000006,133.545
2024-11-29 10:00:00,42.900000000000006,126.90500000000002
2024-11-29 11:00:00,27.805000000000003,116.59
2024-11-29 12:00:00,13.569999999999993,115.385
2024-11-29 13:00:00,9.635000000000003,121.97
2024-11-29 14:00:00,7.050000000000009,125.445
2024-11-29 15:00:00,21.849999999999998,141.505
2024-11-29 16:00:00,46.48,145.63499999999996
2024-11-29 17:00:00,60.58999999999999,174.08
2024-11-29 18:00:00,83.80999999999999,185.79
2024-11-29 19:00:00,84.89500000000001,163.30500000000004
2024-11-29 20:00:00,68.435,133.12
2024-11-29 21:00:00,56.06500000000001,119.82000000000001
2024-11-29 22:00:00,51.28000000000001,117.33
2024-11-29 23:00:00,34.73,110.065
2024-11-30 00:00:00,21.779999999999998,107.5
2024-11-30 01:00:00,12.475,101.245
2024-11-30 02:00:00,7.890000000000001,97.19000000000001
2024-11-30 03:00:00,4.609999999999999,95.08
2024-11-30 04:00:00,6.390000000000002,96.51
2024-11-30 05:00:00,12.719999999999999,100.02000000000001
2024-11-30 06:00:00,41.85000000000001,113.60000000000001
2024-11-30 07:00:00,58.6,132.935
2024-11-30 08:00:00,74.195,147.61499999999998
2024-11-30 09:00:00,60.220000000000006,133.545
2024-11-30 10:00:00,42.900000000000006,126.90500000000002
2024-11-30 11:00:00,27.805000000000003,116.59
2024-11-30 12:00:00,13.569999999999993,115.385
2024-11-30 13:00:00,9.635000000000003,121.97
2024-11-30 14:00:00,7.050000000000009,125.445
2024-11-30 15:00:00,21.849999999999998,141.505
2024-11-30 16:00:00,46.48,145.63499999999996
2024-11-30 17:00:00,60.58999999999999,174.08
2024-11-30 18:00:00,83.80999999999999,185.79
2024-11-30 19:00:00,84.89500000000001,163.30500000000004
2024-11-30 20:00:00,68.435,133.12
2024-11-30 21:00:00,56.06500000000001,119.82000000000001
2024-11-30 22:00:00,51.28000000000001,117.33
2024-11-30 23:00:00,34.73,110.065
2024-12-01 00:00:00,21.779999999999998,107.5
2024-12-01 01:00:00,12.475,101.245
2024-12-01 02:00:00,7.890000000000001,97.19000000000001
2024-12-01 03:00:00,4.609999999999999,95.08
2024-12-01 04:00:00,6.390000000000002,96.51
2024-12-01 05:00:00,12.719999999999999,100.02000000000001
2024-12-01 06:00:00,41.85000000000001,113.60000000000001
2024-12-01 07:00:00,58.6,132.935
2024-12-01 08:00:00,74.195,147.61499999999998
2024-12-01 09:00:00,60.220000000000006,133.545
2024-12-01 10:00:00,42.900000000000006,126.90500000000002
2024-12-01 11:00:00,27.805000000000003,116.59
2024-12-01 12:00:00,13.569999999999993,115.385
2024-12-01 13:00:00,9.635000000000003,121.97
2024-12-01 14:00:00,7.050000000000009,125.445
2024-12-01 15:00:00,21.849999999999998,141.505
2024-12-01 16:00:00,46.48,145.63499999999996
2024-12-01 17:00:00,60.58999999999999,174.08
2024-12-01 18:00:00,83.80999999999999,185.79
2024-12-01 19:00:00,84.89500000000001,163.30500000000004
2024-12-01 20:00:00,68.435,133.12
2024-12-01 21:00:00,56.06500000000001,119.82000000000001
2024-12-01 22:00:00,51.28000000000001,117.33
2024-12-01 23:00:00,34.73,110.065
2024-12-02 00:00:00,30.549999999999997,108.58999999999999
2024-12-02 01:00:00,20.065,102.02
2024-12-02 02:00:00,17.759999999999998,99.00500000000001
2024-12-02 03:00:00,14.24,96.645
2024-12-02 04:00:00,11.94,97.495
2024-12-02 05:00:00,21.375000000000004,100.945
2024-12-02 06:00:00,43.98500000000001,114.37500000000001
2024-12-02 07:00:00,66.305,142.925
2024-12-02 08:00:00,79.56500000000001,150.0
2024-12-02 09:00:00,71.96999999999998,138.29999999999998
2024-12-02 10:00:00,58.69,128.51
2024-12-02 11:00:00,47.55,116.84499999999998
2024-12-02 12:00:00,41.115000000000016,115.385
2024-12-02 13:00:00,33.37500000000001,121.97
2024-12-02 14:00:00,32.27,125.445
2024-12-02 15:00:00,46.24999999999997,141.505
2024-12-02 16:00:00,59.38999999999999,145.63499999999996
2024-12-02 17:00:00,73.69,174.08
2024-12-02 18:00:00,92.58500000000001,185.79
2024-12-02 19:00:00,93.34499999999998,163.30500000000004
2024-12-02 20:00:00,71.135,136.36499999999998
2024-12-02 21:00:00,61.43000000000001,123.19000000000001
2024-12-02 22:00:00,58.720000000000006,118.88499999999999
2024-12-02 23:00:00,46.46000000000001,111.41499999999999
2024-12-03 00:00:00,30.549999999999997,108.58999999999999
2024-12-03 01:00:00,20.065,102.02
2024-12-03 02:00:00,17.759999999999998,99.00500000000001
2024-12-03 03:00:00,14.24,96.645
2024-12-03 04:00:00,11.94,97.495
2024-12-03 05:00:00,21.375000000000004,100.945
2024-12-03 06:00:00,43.98500000000001,114.37500000000001
2024-12-03 07:00:00,66.305,142.925
2024-12-03 08:00:00,79.56500000000001,150.0
2024-12-03 09:00:00,71.96999999999998,138.29999999999998
2024-12-03 10:00:00,58.69,128.51
2024-12-03 11:00:00,47.55,116.84499999999998
2024-12-03 12:00:00,41.115000000000016,115.385
2024-12-03 13:00:00,33.37500000000001,121.97
2024-12-03 14:00:00,32.27,125.445
2024-12-03 15:00:00,46.24999999999997,141.505
2024-12-03 16:00:00,59.38999999999999,145.63499999999996
2024-12-03 17:00:00,73.69,174.08
2024-12-03 18:00:00,92.58500000000001,185.79
2024-12-03 19:00:00,93.34499999999998,163.30500000000004
2024-12-03 20:00:00,71.135,136.36499999999998
2024-12-03 21:00:00,61.43000000000001,123.19000000000001
2024-12-03 22:00:00,58.720000000000006,118.88499999999999
2024-12-03 23:00:00,46.46000000000001,111.41499999999999
2024-12-04 00:00:00,30.549999999999997,108.58999999999999
2024-12-04 01:00:00,20.065,102.02
2024-12-04 02:00:00,17.759999999999998,99.00500000000001
2024-12-04 03:00:00,14.24,96.645
2024-12-04 04:00:00,11.94,97.495
2024-12-04 05:00:00,21.375000000000004,100.945
2024-12-04 06:00:00,43.98500000000001,114.37500000000001
2024-12-04 07:00:00,66.305,142.925
2024-12-04 08:00:00,79.56500000000001,150.0
2024-12-04 09:00:00,71.96999999999998,138.29999999999998
2024-12-04 10:00:00,58.69,128.51
2024-12-04 11:00:00,47.55,116.84499999999998
2024-12-04 12:00:00,41.115000000000016,115.385
2024-12-04 13:00:00,33.37500000000001,121.97
2024-12-04 14:00:00,32.27,125.445
2024-12-04 15:00:00,46.24999999999997,141.505
2024-12-04 16:00:00,59.38999999999999,145.63499999999996
2024-12-04 17:00:00,73.69,174.08
2024-12-04 18:00:00,92.58500000000001,185.79
2024-12-04 19:00:00,93.34499999999998,163.30500000000004
2024-12-04 20:00:00,71.135,136.36499999999998
2024-12-04 21:00:00,61.43000000000001,123.19000000000001
2024-12-04 22:00:00,58.720000000000006,118.88499999999999
2024-12-04 23:00:00,46.46000000000001,111.41499999999999
2024-12-05 00:00:00,30.549999999999997,108.58999999999999
2024-12-05 01:00:00,20.065,102.02
2024-12-05 02:00:00,17.759999999999998,99.00500000000001
2024-12-05 03:00:00,14.24,96.645
2024-12-05 04:00:00,11.94,97.495
2024-12-05 05:00:00,21.375000000000004,100.945
2024-12-05 06:00:00,43.98500000000001,114.37500000000001
2024-12-05 07:00:00,66.305,142.925
2024-12-05 08:00:00,79.56500000000001,150.0
2024-12-05 09:00:00,71.96999999999998,138.29999999999998
2024-12-05 10:00:00,58.69,128.51
2024-12-05 11:00:00,47.55,116.84499999999998
2024-12-05 12:00:00,41.115000000000016,115.385
2024-12-05 13:00:00,33.37500000000001,121.97
2024-12-05 14:00:00,32.27,125.445
2024-12-05 15:00:00,46.24999999999997,141.505
2024-12-05 16:00:00,59.38999999999999,145.63499999999996
2024-12-05 17:00:00,73.69,174.08
2024-12-05 18:00:00,92.58500000000001,185.79
2024-12-05 19:00:00,93.34499999999998,163.30500000000004
2024-12-05 20:00:00,71.135,136.36499999999998
2024-12-05 21:00:00,61.43000000000001,123.19000000000001
2024-12-05 22:00:00,58.720000000000006,118.88499999999999
2024-12-05 23:00:00,46.46000000000001,111.41499999999999
2024-12-06 00:00:00,30.549999999999997,108.58999999999999
2024-12-06 01:00:00,20.065,102.02
2024-12-06 02:00:00,17.759999999999998,99.00500000000001
2024-12-06 03:00:00,14.24,96.645
2024-12-06 04:00:00,11.94,97.495
2024-12-06 05:00:00,21.375000000000004,100.945
2024-12-06 06:00:00,43.98500000000001,114.37500000000001
2024-12-06 07:00:00,66.305,142.925
2024-12-06 08:00:00,79.56500000000001,150.0
2024-12-06 09:00:00,71.96999999999998,138.29999999999998
2024-12-06 10:00:00,58.69,128.51
2024-12-06 11:00:00,47.55,116.84499999999998
2024-12-06 12:00:00,41.115000000000016,115.385
2024-12-06 13:00:00,33.37500000000001,121.97
2024-12-06 14:00:00,32.27,125.445
2024-12-06 15:00:00,46.24999999999997,141.505
2024-12-06 16:00:00,59.38999999999999,145.63499999999996
2024-12-06 17:00:00,73.69,174.08
2024-12-06 18:00:00,92.58500000000001,185.79
2024-12-06 19:00:00,93.34499999999998,163.30500000000004
2024-12-06 20:00:00,71.135,136.36499999999998
2024-12-06 21:00:00,61.43000000000001,123.19000000000001
2024-12-06 22:00:00,58.720000000000006,118.88499999999999
2024-12-06 23:00:00,46.46000000000001,111.41499999999999
2024-12-07 00:00:00,30.549999999999997,108.58999999999999
2024-12-07 01:00:00,20.065,102.02
2024-12-07 02:00:00,17.759999999999998,99.00500000000001
2024-12-07 03:00:00,14.24,96.645
2024-12-07 04:00:00,11.94,97.495
2024-12-07 05:00:00,21.375000000000004,100.945
2024-12-07 06:00:00,43.98500000000001,114.37500000000001
2024-12-07 07:00:00,66.305,142.925
2024-12-07 08:00:00,79.56500000000001,150.0
2024-12-07 09:00:00,71.96999999999998,138.29999999999998
2024-12-07 10:00:00,58.69,128.51
2024-12-07 11:00:00,47.55,116.84499999999998
2024-12-07 12:00:00,41.115000000000016,115.385
2024-12-07 13:00:00,33.37500000000001,121.97
2024-12-07 14:00:00,32.27,125.445
2024-12-07 15:00:00,46.24999999999997,141.505
2024-12-07 16:00:00,59.38999999999999,145.63499999999996
2024-12-07 17:00:00,73.69,174.08
2024-12-07 18:00:00,92.58500000000001,185.79
2024-12-07 19:00:00,93.34499999999998,163.30500000000004
2024-12-07 20:00:00,71.135,136.36499999999998
2024-12-07 21:00:00,61.43000000000001,123.19000000000001
2024-12-07 22:00:00,58.720000000000006,118.88499999999999
2024-12-07 23:00:00,46.46000000000001,111.41499999999999
2024-12-08 00:00:00,30.549999999999997,108.58999999999999
2024-12-08 01:00:00,20.065,102.02
2024-12-08 02:00:00,17.759999999999998,99.00500000000001
2024-12-08 03:00:00,14.24,96.645
2024-12-08 04:00:00,11.94,97.495
2024-12-08 05:00:00,21.375000000000004,100.945
2024-12-08 06:00:00,43.98500000000001,114.37500000000001
2024-12-08 07:00:00,66.305,142.925
2024-12-08 08:00:00,79.56500000000001,150.0
2024-12-08 09:00:00,71.96999999999998,138.29999999999998
2024-12-08 10:00:00,58.69,128.51
2024-12-08 11:00:00,47.55,116.84499999999998
2024-12-08 12:00:00,41.115000000000016,115.385
2024-12-08 13:00:00,33.37500000000001,121.97
2024-12-08 14:00:00,32.27,125.445
2024-12-08 15:00:00,46.24999999999997,141.505
2024-12-08 16:00:00,59.38999999999999,145.63499999999996
2024-12-08 17:00:00,73.69,174.08
2024-12-08 18:00:00,92.58500000000001,185.79
2024-12-08 19:00:00,93.34499999999998,163.30500000000004
2024-12-08 20:00:00,71.135,136.36499999999998
2024-12-08 21:00:00,61.43000000000001,123.19000000000001
2024-12-08 22:00:00,58.720000000000006,118.88499999999999
2024-12-08 23:00:00,46.46000000000001,111.41499999999999
2024-12-09 00:00:00,36.925000000000004,111.13499999999999
2024-12-09 01:00:00,27.955000000000005,103.46
2024-12-09 02:00:00,26.689999999999998,101.29
2024-12-09 03:00:00,22.125000000000004,97.67000000000002
2024-12-09 04:00:00,24.055000000000003,98.13499999999999
2024-12-09 05:00:00,31.38500000000001,102.59
2024-12-09 06:00:00,47.59000000000001,119.61
2024-12-09 07:00:00,66.305,145.155
2024-12-09 08:00:00,81.93499999999999,154.07
2024-12-09 09:00:00,79.14,140.485
2024-12-09 10:00:00,65.25500000000001,132.47
2024-12-09 11:00:00,57.339999999999996,124.52999999999997
2024-12-09 12:00:00,54.69000000000001,120.63
2024-12-09 13:00:00,57.13,124.29500000000002
2024-12-09 14:00:00,62.035000000000004,129.97
2024-12-09 15:00:00,67.65,144.65499999999997
2024-12-09 16:00:00,74.86500000000001,166.57999999999998
2024-12-09 17:00:00,87.82000000000001,197.28499999999997
2024-12-09 18:00:00,93.975,200.14
2024-12-09 19:00:00,94.535,170.785
2024-12-09 20:00:00,81.72,139.12
2024-12-09 21:00:00,75.67,125.85499999999999
2024-12-09 22:00:00,75.53,122.57
2024-12-09 23:00:00,56.260000000000005,112.645
2024-12-10 00:00:00,36.925000000000004,111.13499999999999
2024-12-10 01:00:00,27.955000000000005,103.46
2024-12-10 02:00:00,26.689999999999998,101.29
2024-12-10 03:00:00,22.125000000000004,97.67000000000002
2024-12-10 04:00:00,24.055000000000003,98.13499999999999
2024-12-10 05:00:00,31.38500000000001,102.59
2024-12-10 06:00:00,47.59000000000001,119.61
2024-12-10 07:00:00,66.305,145.155
2024-12-10 08:00:00,81.93499999999999,154.07
2024-12-10 09:00:00,79.14,140.485
2024-12-10 10:00:00,65.25500000000001,132.47
2024-12-10 11:00:00,57.339999999999996,124.52999999999997
2024-12-10 12:00:00,54.69000000000001,120.63
2024-12-10 13:00:00,57.13,124.29500000000002
2024-12-10 14:00:00,62.035000000000004,129.97
2024-12-10 15:00:00,67.65,144.65499999999997
2024-12-10 16:00:00,74.86500000000001,166.57999999999998
2024-12-10 17:00:00,87.82000000000001,197.28499999999997
2024-12-10 18:00:00,93.975,200.14
2024-12-10 19:00:00,94.535,170.785
2024-12-10 20:00:00,81.72,139.12
2024-12-10 21:00:00,75.67,125.85499999999999
2024-12-10 22:00:00,75.53,122.57
2024-12-10 23:00:00,56.260000000000005,112.645
2024-12-11 00:00:00,36.925000000000004,111.13499999999999
2024-12-11 01:00:00,27.955000000000005,103.46
2024-12-11 02:00:00,26.689999999999998,101.29
2024-12-11 03:00:00,22.125000000000004,97.67000000000002
2024-12-11 04:00:00,24.055000000000003,98.13499999999999
2024-12-11 05:00:00,31.38500000000001,102.59
2024-12-11 06:00:00,47.59000000000001,119.61
2024-12-11 07:00:00,66.305,145.155
2024-12-11 08:00:00,81.93499999999999,154.07
2024-12-11 09:00:00,79.14,140.485
2024-12-11 10:00:00,65.25500000000001,132.47
2024-12-11 11:00:00,57.339999999999996,124.52999999999997
2024-12-11 12:00:00,54.69000000000001,120.63
2024-12-11 13:00:00,57.13,124.29500000000002
2024-12-11 14:00:00,62.035000000000004,129.97
2024-12-11 15:00:00,67.65,144.65499999999997
2024-12-11 16:00:00,74.86500000000001,166.57999999999998
2024-12-11 17:00:00,87.82000000000001,197.28499999999997
2024-12-11 18:00:00,93.975,200.14
2024-12-11 19:00:00,94.535,170.785
2024-12-11 20:00:00,81.72,139.12
2024-12-11 21:00:00,75.67,125.85499999999999
2024-12-11 22:00:00,75.53,122.57
2024-12-11 23:00:00,56.260000000000005,112.645
2024-12-12 00:00:00,36.925000000000004,111.13499999999999
2024-12-12 01:00:00,27.955000000000005,103.46
2024-12-12 02:00:00,26.689999999999998,101.29
2024-12-12 03:00:00,22.125000000000004,97.67000000000002
2024-12-12 04:00:00,24.055000000000003,98.13499999999999
2024-12-12 05:00:00,31.38500000000001,102.59
2024-12-12 06:00:00,47.59000000000001,119.61
2024-12-12 07:00:00,66.305,145.155
2024-12-12 08:00:00,81.93499999999999,154.07
2024-12-12 09:00:00,79.14,140.485
2024-12-12 10:00:00,65.25500000000001,132.47
2024-12-12 11:00:00,57.339999999999996,124.52999999999997
2024-12-12 12:00:00,54.69000000000001,120.63
2024-12-12 13:00:00,57.13,124.29500000000002
2024-12-12 14:00:00,62.035000000000004,129.97
2024-12-12 15:00:00,67.65,144.65499999999997
2024-12-12 16:00:00,74.86500000000001,166.57999999999998
2024-12-12 17:00:00,87.82000000000001,197.28499999999997
2024-12-12 18:00:00,93.975,200.14
2024-12-12 19:00:00,94.535,170.785
2024-12-12 20:00:00,81.72,139.12
2024-12-12 21:00:00,75.67,125.85499999999999
2024-12-12 22:00:00,75.53,122.57
2024-12-12 23:00:00,56.260000000000005,112.645
2024-12-13 00:00:00,36.925000000000004,111.13499999999999
2024-12-13 01:00:00,27.955000000000005,103.46
2024-12-13 02:00:00,26.689999999999998,101.29
2024-12-13 03:00:00,22.125000000000004,97.67000000000002
2024-12-13 04:00:00,24.055000000000003,98.13499999999999
2024-12-13 05:00:00,31.38500000000001,102.59
2024-12-13 06:00:00,47.59000000000001,119.61
2024-12-13 07:00:00,66.305,145.155
2024-12-13 08:00:00,81.93499999999999,154.07
2024-12-13 09:00:00,79.14,140.485
2024-12-13 10:00:00,65.25500000000001,132.47
2024-12-13 11:00:00,57.339999999999996,124.52999999999997
2024-12-13 12:00:00,54.69000000000001,120.63
2024-12-13 13:00:00,57.13,124.29500000000002
2024-12-13 14:00:00,62.035000000000004,129.97
2024-12-13 15:00:00,67.65,144.65499999999997
2024-12-13 16:00:00,74.86500000000001,166.57999999999998
2024-12-13 17:00:00,87.82000000000001,197.28499999999997
2024-12-13 18:00:00,93.975,200.14
2024-12-13 19:00:00,94.535,170.785
2024-12-13 20:00:00,81.72,139.12
2024-12-13 21:00:00,75.67,125.85499999999999
2024-12-13 22:00:00,75.53,122.57
2024-12-13 23:00:00,56.260000000000005,112.645
2024-12-14 00:00:00,36.925000000000004,111.13499999999999
2024-12-14 01:00:00,27.955000000000005,103.46
2024-12-14 02:00:00,26.689999999999998,101.29
2024-12-14 03:00:00,22.125000000000004,97.67000000000002
2024-12-14 04:00:00,24.055000000000003,98.13499999999999
2024-12-14 05:00:00,31.38500000000001,102.59
2024-12-14 06:00:00,47.59000000000001,119.61
2024-12-14 07:00:00,66.305,145.155
2024-12-14 08:00:00,81.93499999999999,154.07
2024-12-14 09:00:00,79.14,140.485
2024-12-14 10:00:00,65.25500000000001,132.47
2024-12-14 11:00:00,57.339999999999996,124.52999999999997
2024-12-14 12:00:00,54.69000000000001,120.63
2024-12-14 13:00:00,57.13,124.29500000000002
2024-12-14 14:00:00,62.035000000000004,129.97
2024-12-14 15:00:00,67.65,144.65499999999997
2024-12-14 16:00:00,74.86500000000001,166.57999999999998
2024-12-14 17:00:00,87.82000000000001,197.28499999999997
2024-12-14 18:00:00,93.975,200.14
2024-12-14 19:00:00,94.535,170.785
2024-12-14 20:00:00,81.72,139.12
2024-12-14 21:00:00,75.67,125.85499999999999
2024-12-14 22:00:00,75.53,122.57
2024-12-14 23:00:00,56.260000000000005,112.645
2024-12-15 00:00:00,36.925000000000004,111.13499999999999
2024-12-15 01:00:00,27.955000000000005,103.46
2024-12-15 02:00:00,26.689999999999998,101.29
2024-12-15 03:00:00,22.125000000000004,97.67000000000002
2024-12-15 04:00:00,24.055000000000003,98.13499999999999
2024-12-15 05:00:00,31.38500000000001,102.59
2024-12-15 06:00:00,47.59000000000001,119.61
2024-12-15 07:00:00,66.305,145.155
2024-12-15 08:00:00,81.93499999999999,154.07
2024-12-15 09:00:00,79.14,140.485
2024-12-15 10:00:00,65.25500000000001,132.47
2024-12-15 11:00:00,57.339999999999996,124.52999999999997
2024-12-15 12:00:00,54.69000000000001,120.63
2024-12-15 13:00:00,57.13,124.29500000000002
2024-12-15 14:00:00,62.035000000000004,129.97
2024-12-15 15:00:00,67.65,144.65499999999997
2024-12-15 16:00:00,74.86500000000001,166.57999999999998
2024-12-15 17:00:00,87.82000000000001,197.28499999999997
2024-12-15 18:00:00,93.975,200.14
2024-12-15 19:00:00,94.535,170.785
2024-12-15 20:00:00,81.72,139.12
2024-12-15 21:00:00,75.67,125.85499999999999
2024-12-15 22:00:00,75.53,122.57
2024-12-15 23:00:00,56.260000000000005,112.645
2024-12-16 00:00:00,68.08000000000001,114.03499999999998
2024-12-16 01:00:00,63.275,107.00500000000001
2024-12-16 02:00:00,64.21,104.55499999999999
2024-12-16 03:00:00,43.245,100.45
2024-12-16 04:00:00,43.54,102.85499999999999
2024-12-16 05:00:00,49.135,109.125
2024-12-16 06:00:00,57.705,123.47500000000002
2024-12-16 07:00:00,78.53,148.07999999999998
2024-12-16 08:00:00,84.595,160.985
2024-12-16 09:00:00,86.41000000000001,149.82
2024-12-16 10:00:00,77.38499999999999,141.715
2024-12-16 11:00:00,67.15,139.74500000000003
2024-12-16 12:00:00,66.23500000000001,137.11500000000004
2024-12-16 13:00:00,65.295,140.51
2024-12-16 14:00:00,67.935,145.20000000000002
2024-12-16 15:00:00,78.65500000000002,152.71
2024-12-16 16:00:00,79.52999999999999,192.24000000000004
2024-12-16 17:00:00,97.69500000000002,240.435
2024-12-16 18:00:00,120.09000000000002,207.135
2024-12-16 19:00:00,112.95000000000002,186.03500000000003
2024-12-16 20:00:00,92.335,153.70000000000002
2024-12-16 21:00:00,86.06,129.57000000000002
2024-12-16 22:00:00,86.0,125.145
2024-12-16 23:00:00,72.585,117.58000000000001
2024-12-17 00:00:00,68.08000000000001,114.03499999999998
2024-12-17 01:00:00,63.275,107.00500000000001
2024-12-17 02:00:00,64.21,104.55499999999999
2024-12-17 03:00:00,43.245,100.45
2024-12-17 04:00:00,43.54,102.85499999999999
2024-12-17 05:00:00,49.135,109.125
2024-12-17 06:00:00,57.705,123.47500000000002
2024-12-17 07:00:00,78.53,148.07999999999998
2024-12-17 08:00:00,84.595,160.985
2024-12-17 09:00:00,86.41000000000001,149.82
2024-12-17 10:00:00,77.38499999999999,141.715
2024-12-17 11:00:00,67.15,139.74500000000003
2024-12-17 12:00:00,66.23500000000001,137.11500000000004
2024-12-17 13:00:00,65.295,140.51
2024-12-17 14:00:00,67.935,145.20000000000002
2024-12-17 15:00:00,78.65500000000002,152.71
2024-12-17 16:00:00,79.52999999999999,192.24000000000004
2024-12-17 17:00:00,97.69500000000002,240.435
2024-12-17 18:00:00,120.09000000000002,207.135
2024-12-17 19:00:00,112.95000000000002,186.03500000000003
2024-12-17 20:00:00,92.335,153.70000000000002
2024-12-17 21:00:00,86.06,129.57000000000002
2024-12-17 22:00:00,86.0,125.145
2024-12-17 23:00:00,72.585,117.58000000000001
2024-12-18 00:00:00,68.08000000000001,114.03499999999998
2024-12-18 01:00:00,63.275,107.00500000000001
2024-12-18 02:00:00,64.21,104.55499999999999
2024-12-18 03:00:00,43.245,100.45
2024-12-18 04:00:00,43.54,102.85499999999999
2024-12-18 05:00:00,49.135,109.125
2024-12-18 06:00:00,57.705,123.47500000000002
2024-12-18 07:00:00,78.53,148.07999999999998
2024-12-18 08:00:00,84.595,160.985
2024-12-18 09:00:00,86.41000000000001,149.82
2024-12-18 10:00:00,77.38499999999999,141.715
2024-12-18 11:00:00,67.15,139.74500000000003
2024-12-18 12:00:00,66.23500000000001,137.11500000000004
2024-12-18 13:00:00,65.295,140.51
2024-12-18 14:00:00,67.935,145.20000000000002
2024-12-18 15:00:00,78.65500000000002,152.71
2024-12-18 16:00:00,79.52999999999999,192.24000000000004
2024-12-18 17:00:00,97.69500000000002,240.435
2024-12-18 18:00:00,120.09000000000002,207.135
2024-12-18 19:00:00,112.95000000000002,186.03500000000003
2024-12-18 20:00:00,92.335,153.70000000000002
2024-12-18 21:00:00,86.06,129.57000000000002
2024-12-18 22:00:00,86.0,125.145
2024-12-18 23:00:00,72.585,117.58000000000001
2024-12-19 00:00:00,68.08000000000001,114.03499999999998
2024-12-19 01:00:00,63.275,107.00500000000001
2024-12-19 02:00:00,64.21,104.55499999999999
2024-12-19 03:00:00,43.245,100.45
2024-12-19 04:00:00,43.54,102.85499999999999
2024-12-19 05:00:00,49.135,109.125
2024-12-19 06:00:00,57.705,123.47500000000002
2024-12-19 07:00:00,78.53,148.07999999999998
2024-12-19 08:00:00,84.595,160.985
2024-12-19 09:00:00,86.41000000000001,149.82
2024-12-19 10:00:00,77.38499999999999,141.715
2024-12-19 11:00:00,67.15,139.74500000000003
2024-12-19 12:00:00,66.23500000000001,137.11500000000004
2024-12-19 13:00:00,65.295,140.51
2024-12-19 14:00:00,67.935,145.20000000000002
2024-12-19 15:00:00,78.65500000000002,152.71
2024-12-19 16:00:00,79.52999999999999,192.24000000000004
2024-12-19 17:00:00,97.69500000000002,240.435
2024-12-19 18:00:00,120.09000000000002,207.135
2024-12-19 19:00:00,112.95000000000002,186.03500000000003
2024-12-19 20:00:00,92.335,153.70000000000002
2024-12-19 21:00:00,86.06,129.57000000000002
2024-12-19 22:00:00,86.0,125.145
2024-12-19 23:00:00,72.585,117.58000000000001
2024-12-20 00:00:00,68.08000000000001,114.03499999999998
2024-12-20 01:00:00,63.275,107.00500000000001
2024-12-20 02:00:00,64.21,104.55499999999999
2024-12-20 03:00:00,43.245,100.45
2024-12-20 04:00:00,43.54,102.85499999999999
2024-12-20 05:00:00,49.135,109.125
2024-12-20 06:00:00,57.705,123.47500000000002
2024-12-20 07:00:00,78.53,148.07999999999998
2024-12-20 08:00:00,84.595,160.985
2024-12-20 09:00:00,86.41000000000001,149.82
2024-12-20 10:00:00,77.38499999999999,141.715
2024-12-20 11:00:00,67.15,139.74500000000003
2024-12-20 12:00:00,66.23500000000001,137.11500000000004
2024-12-20 13:00:00,65.295,140.51
2024-12-20 14:00:00,67.935,145.20000000000002
2024-12-20 15:00:00,78.65500000000002,152.71
2024-12-20 16:00:00,79.52999999999999,192.24000000000004
2024-12-20 17:00:00,97.69500000000002,240.435
2024-12-20 18:00:00,120.09000000000002,207.135
2024-12-20 19:00:00,112.95000000000002,186.03500000000003
2024-12-20 20:00:00,92.335,153.70000000000002
2024-12-20 21:00:00,86.06,129.57000000000002
2024-12-20 22:00:00,86.0,125.145
2024-12-20 23:00:00,72.585,117.58000000000001
2024-12-21 00:00:00,68.08000000000001,114.03499999999998
2024-12-21 01:00:00,63.275,107.00500000000001
2024-12-21 02:00:00,64.21,104.55499999999999
2024-12-21 03:00:00,43.245,100.45
2024-12-21 04:00:00,43.54,102.85499999999999
2024-12-21 05:00:00,49.135,109.125
2024-12-21 06:00:00,57.705,123.47500000000002
2024-12-21 07:00:00,78.53,148.07999999999998
2024-12-21 08:00:00,84.595,160.985
2024-12-21 09:00:00,86.41000000000001,149.82
2024-12-21 10:00:00,77.38499999999999,141.715
2024-12-21 11:00:00,67.15,139.74500000000003
2024-12-21 12:00:00,66.23500000000001,137.11500000000004
2024-12-21 13:00:00,65.295,140.51
2024-12-21 14:00:00,67.935,145.20000000000002
2024-12-21 15:00:00,78.65500000000002,152.71
2024-12-21 16:00:00,79.52999999999999,192.24000000000004
2024-12-21 17:00:00,97.69500000000002,240.435
2024-12-21 18:00:00,120.09000000000002,207.135
2024-12-21 19:00:00,112.95000000000002,186.03500000000003
2024-12-21 20:00:00,92.335,153.70000000000002
2024-12-21 21:00:00,86.06,129.57000000000002
2024-12-21 22:00:00,86.0,125.145
2024-12-21 23:00:00,72.585,117.58000000000001
2024-12-22 00:00:00,68.08000000000001,114.03499999999998
2024-12-22 01:00:00,63.275,107.00500000000001
2024-12-22 02:00:00,64.21,104.55499999999999
2024-12-22 03:00:00,43.245,100.45
2024-12-22 04:00:00,43.54,102.85499999999999
2024-12-22 05:00:00,49.135,109.125
2024-12-22 06:00:00,57.705,123.47500000000002
2024-12-22 07:00:00,78.53,148.07999999999998
2024-12-22 08:00:00,84.595,160.985
2024-12-22 09:00:00,86.41000000000001,149.82
2024-12-22 10:00:00,77.38499999999999,141.715
2024-12-22 11:00:00,67.15,139.74500000000003
2024-12-22 12:00:00,66.23500000000001,137.11500000000004
2024-12-22 13:00:00,65.295,140.51
2024-12-22 14:00:00,67.935,145.20000000000002
2024-12-22 15:00:00,78.65500000000002,152.71
2024-12-22 16:00:00,79.52999999999999,192.24000000000004
2024-12-22 17:00:00,97.69500000000002,240.435
2024-12-22 18:00:00,120.09000000000002,207.135
2024-12-22 19:00:00,112.95000000000002,186.03500000000003
2024-12-22 20:00:00,92.335,153.70000000000002
2024-12-22 21:00:00,86.06,129.57000000000002
2024-12-22 22:00:00,86.0,125.145
2024-12-22 23:00:00,72.585,117.58000000000001
2024-12-23 00:00:00,23.015000000000004,114.03499999999998
2024-12-23 01:00:00,20.455,107.00500000000001
2024-12-23 02:00:00,15.595000000000002,104.55499999999999
2024-12-23 03:00:00,12.545,100.45
2024-12-23 04:00:00,11.974999999999998,102.85499999999999
2024-12-23 05:00:00,18.695,109.125
2024-12-23 06:00:00,35.269999999999996,123.47500000000002
2024-12-23 07:00:00,59.41,148.07999999999998
2024-12-23 08:00:00,78.745,160.985
2024-12-23 09:00:00,79.98,149.82
2024-12-23 10:00:00,72.15499999999999,141.715
2024-12-23 11:00:00,65.93999999999998,139.74500000000003
2024-12-23 12:00:00,65.22500000000001,137.11500000000004
2024-12-23 13:00:00,66.815,140.51
2024-12-23 14:00:00,72.80000000000001,145.20000000000002
2024-12-23 15:00:00,76.39,152.71
2024-12-23 16:00:00,85.595,192.24000000000004
2024-12-23 17:00:00,97.74000000000002,240.435
2024-12-23 18:00:00,92.67,207.135
2024-12-23 19:00:00,85.49500000000002,186.03500000000003
2024-12-23 20:00:00,80.175,153.70000000000002
2024-12-23 21:00:00,74.34,129.57000000000002
2024-12-23 22:00:00,71.38499999999999,126.64
2024-12-23 23:00:00,48.87499999999999,118.32999999999998
2024-12-24 00:00:00,23.015000000000004,114.03499999999998
2024-12-24 01:00:00,20.455,107.00500000000001
2024-12-24 02:00:00,15.595000000000002,104.55499999999999
2024-12-24 03:00:00,12.545,100.45
2024-12-24 04:00:00,11.974999999999998,102.85499999999999
2024-12-24 05:00:00,18.695,109.125
2024-12-24 06:00:00,35.269999999999996,123.47500000000002
2024-12-24 07:00:00,59.41,148.07999999999998
2024-12-24 08:00:00,78.745,160.985
2024-12-24 09:00:00,79.98,149.82
2024-12-24 10:00:00,72.15499999999999,141.715
2024-12-24 11:00:00,65.93999999999998,139.74500000000003
2024-12-24 12:00:00,65.22500000000001,137.11500000000004
2024-12-24 13:00:00,66.815,140.51
2024-12-24 14:00:00,72.80000000000001,145.20000000000002
2024-12-24 15:00:00,76.39,152.71
2024-12-24 16:00:00,85.595,192.24000000000004
2024-12-24 17:00:00,97.74000000000002,240.435
2024-12-24 18:00:00,92.67,207.135
2024-12-24 19:00:00,85.49500000000002,186.03500000000003
2024-12-24 20:00:00,80.175,153.70000000000002
2024-12-24 21:00:00,74.34,129.57000000000002
2024-12-24 22:00:00,71.38499999999999,126.64
2024-12-24 23:00:00,48.87499999999999,118.32999999999998
2024-12-25 00:00:00,23.015000000000004,114.03499999999998
2024-12-25 01:00:00,20.455,107.00500000000001
2024-12-25 02:00:00,15.595000000000002,104.55499999999999
2024-12-25 03:00:00,12.545,100.45
2024-12-25 04:00:00,11.974999999999998,102.85499999999999
2024-12-25 05:00:00,18.695,109.125
2024-12-25 06:00:00,35.269999999999996,123.47500000000002
2024-12-25 07:00:00,59.41,148.07999999999998
2024-12-25 08:00:00,78.745,160.985
2024-12-25 09:00:00,79.98,149.82
2024-12-25 10:00:00,72.15499999999999,141.715
2024-12-25 11:00:00,65.93999999999998,139.74500000000003
2024-12-25 12:00:00,65.22500000000001,137.11500000000004
2024-12-25 13:00:00,66.815,140.51
2024-12-25 14:00:00,72.80000000000001,145.20000000000002
2024-12-25 15:00:00,76.39,152.71
2024-12-25 16:00:00,85.595,192.24000000000004
2024-12-25 17:00:00,97.74000000000002,240.435
2024-12-25 18:00:00,92.67,207.135
2024-12-25 19:00:00,85.49500000000002,186.03500000000003
2024-12-25 20:00:00,80.175,153.70000000000002
2024-12-25 21:00:00,74.34,129.57000000000002
2024-12-25 22:00:00,71.38499999999999,126.64
2024-12-25 23:00:00,48.87499999999999,118.32999999999998
2024-12-26 00:00:00,23.015000000000004,114.03499999999998
2024-12-26 01:00:00,20.455,107.00500000000001
2024-12-26 02:00:00,15.595000000000002,104.55499999999999
2024-12-26 03:00:00,12.545,100.45
2024-12-26 04:00:00,11.974999999999998,102.85499999999999
2024-12-26 05:00:00,18.695,109.125
2024-12-26 06:00:00,35.269999999999996,123.47500000000002
2024-12-26 07:00:00,59.41,148.07999999999998
2024-12-26 08:00:00,78.745,160.985
2024-12-26 09:00:00,79.98,149.82
2024-12-26 10:00:00,72.15499999999999,141.715
2024-12-26 11:00:00,65.93999999999998,139.74500000000003
2024-12-26 12:00:00,65.22500000000001,137.11500000000004
2024-12-26 13:00:00,66.815,140.51
2024-12-26 14:00:00,72.80000000000001,145.20000000000002
2024-12-26 15:00:00,76.39,152.71
2024-12-26 16:00:00,85.595,192.24000000000004
2024-12-26 17:00:00,97.74000000000002,240.435
2024-12-26 18:00:00,92.67,207.135
2024-12-26 19:00:00,85.49500000000002,186.03500000000003
2024-12-26 20:00:00,80.175,153.70000000000002
2024-12-26 21:00:00,74.34,129.57000000000002
2024-12-26 22:00:00,71.38499999999999,126.64
2024-12-26 23:00:00,48.87499999999999,118.32999999999998
2024-12-27 00:00:00,23.015000000000004,114.03499999999998
2024-12-27 01:00:00,20.455,107.00500000000001
2024-12-27 02:00:00,15.595000000000002,104.55499999999999
2024-12-27 03:00:00,12.545,100.45
2024-12-27 04:00:00,11.974999999999998,102.85499999999999
2024-12-27 05:00:00,18.695,109.125
2024-12-27 06:00:00,35.269999999999996,123.47500000000002
2024-12-27 07:00:00,59.41,148.07999999999998
2024-12-27 08:00:00,78.745,160.985
2024-12-27 09:00:00,79.98,149.82
2024-12-27 10:00:00,72.15499999999999,141.715
2024-12-27 11:00:00,65.93999999999998,139.74500000000003
2024-12-27 12:00:00,65.22500000000001,137.11500000000004
2024-12-27 13:00:00,66.815,140.51
2024-12-27 14:00:00,72.80000000000001,145.20000000000002
2024-12-27 15:00:00,76.39,152.71
2024-12-27 16:00:00,85.595,192.24000000000004
2024-12-27 17:00:00,97.74000000000002,240.435
2024-12-27 18:00:00,92.67,207.135
2024-12-27 19:00:00,85.49500000000002,186.03500000000003
2024-12-27 20:00:00,80.175,153.70000000000002
2024-12-27 21:00:00,74.34,129.57000000000002
2024-12-27 22:00:00,71.38499999999999,126.64
2024-12-27 23:00:00,48.87499999999999,118.32999999999998
2024-12-28 00:00:00,23.015000000000004,114.03499999999998
2024-12-28 01:00:00,20.455,107.00500000000001
2024-12-28 02:00:00,15.595000000000002,104.55499999999999
2024-12-28 03:00:00,12.545,100.45
2024-12-28 04:00:00,11.974999999999998,102.85499999999999
2024-12-28 05:00:00,18.695,109.125
2024-12-28 06:00:00,35.269999999999996,123.47500000000002
2024-12-28 07:00:00,59.41,148.07999999999998
2024-12-28 08:00:00,78.745,160.985
2024-12-28 09:00:00,79.98,149.82
2024-12-28 10:00:00,72.15499999999999,141.715
2024-12-28 11:00:00,65.93999999999998,139.74500000000003
2024-12-28 12:00:00,65.22500000000001,137.11500000000004
2024-12-28 13:00:00,66.815,140.51
2024-12-28 14:00:00,72.80000000000001,145.20000000000002
2024-12-28 15:00:00,76.39,152.71
2024-12-28 16:00:00,85.595,192.24000000000004
2024-12-28 17:00:00,97.74000000000002,240.435
2024-12-28 18:00:00,92.67,207.135
2024-12-28 19:00:00,85.49500000000002,186.03500000000003
2024-12-28 20:00:00,80.175,153.70000000000002
2024-12-28 21:00:00,74.34,129.57000000000002
2024-12-28 22:00:00,71.38499999999999,126.64
2024-12-28 23:00:00,48.87499999999999,118.32999999999998
2024-12-29 00:00:00,23.015000000000004,114.03499999999998
2024-12-29 01:00:00,20.455,107.00500000000001
2024-12-29 02:00:00,15.595000000000002,104.55499999999999
2024-12-29 03:00:00,12.545,100.45
2024-12-29 04:00:00,11.974999999999998,102.85499999999999
2024-12-29 05:00:00,18.695,109.125
2024-12-29 06:00:00,35.269999999999996,123.47500000000002
2024-12-29 07:00:00,59.41,148.07999999999998
2024-12-29 08:00:00,78.745,160.985
2024-12-29 09:00:00,79.98,149.82
2024-12-29 10:00:00,72.15499999999999,141.715
2024-12-29 11:00:00,65.93999999999998,139.74500000000003
2024-12-29 12:00:00,65.22500000000001,137.11500000000004
2024-12-29 13:00:00,66.815,140.51
2024-12-29 14:00:00,72.80000000000001,145.20000000000002
2024-12-29 15:00:00,76.39,152.71
2024-12-29 16:00:00,85.595,192.24000000000004
2024-12-29 17:00:00,97.74000000000002,240.435
2024-12-29 18:00:00,92.67,207.135
2024-12-29 19:00:00,85.49500000000002,186.03500000000003
2024-12-29 20:00:00,80.175,153.70000000000002
2024-12-29 21:00:00,74.34,129.57000000000002
2024-12-29 22:00:00,71.38499999999999,126.64
2024-12-29 23:00:00,48.87499999999999,118.32999999999998
2024-12-30 00:00:00,17.515,118.995
2024-12-30 01:00:00,14.564999999999996,109.98
2024-12-30 02:00:00,10.35,107.46000000000001
2024-12-30 03:00:00,6.870000000000001,102.75999999999999
2024-12-30 04:00:00,6.074999999999998,103.765
2024-12-30 05:00:00,11.845,109.125
2024-12-30 06:00:00,27.929999999999996,123.47500000000002
2024-12-30 07:00:00,58.07500000000001,148.07999999999998
2024-12-30 08:00:00,72.805,160.985
2024-12-30 09:00:00,77.405,149.82
2024-12-30 10:00:00,72.15499999999999,141.715
2024-12-30 11:00:00,68.33000000000001,139.74500000000003
2024-12-30 12:00:00,69.33,137.11500000000004
2024-12-30 13:00:00,68.42500000000001,140.51
2024-12-30 14:00:00,70.72000000000003,145.20000000000002
2024-12-30 15:00:00,76.39,152.71
2024-12-30 16:00:00,85.595,192.24000000000004
2024-12-30 17:00:00,97.74000000000002,240.435
2024-12-30 18:00:00,92.67,207.135
2024-12-30 19:00:00,85.49500000000002,186.03500000000003
2024-12-30 20:00:00,80.175,153.70000000000002
2024-12-30 21:00:00,74.34,129.57000000000002
2024-12-30 22:00:00,71.38499999999999,127.22
2024-12-30 23:00:00,48.87499999999999,118.32999999999998
2024-12-31 00:00:00,17.515,118.995
2024-12-31 01:00:00,14.564999999999996,109.98
2024-12-31 02:00:00,10.35,107.46000000000001
2024-12-31 03:00:00,6.870000000000001,102.75999999999999
2024-12-31 04:00:00,6.074999999999998,103.765
2024-12-31 05:00:00,11.845,109.125
2024-12-31 06:00:00,27.929999999999996,123.47500000000002
2024-12-31 07:00:00,58.07500000000001,148.07999999999998
2024-12-31 08:00:00,72.805,160.985
2024-12-31 09:00:00,77.405,149.82
2024-12-31 10:00:00,72.15499999999999,141.715
2024-12-31 11:00:00,68.33000000000001,139.74500000000003
2024-12-31 12:00:00,69.33,137.11500000000004
2024-12-31 13:00:00,68.42500000000001,140.51
2024-12-31 14:00:00,70.72000000000003,145.20000000000002
2024-12-31 15:00:00,76.39,152.71
2024-12-31 16:00:00,85.595,192.24000000000004
2024-12-31 17:00:00,97.74000000000002,240.435
2024-12-31 18:00:00,92.67,207.135
2024-12-31 19:00:00,85.49500000000002,186.03500000000003
2024-12-31 20:00:00,80.175,153.70000000000002
2024-12-31 21:00:00,74.34,129.57000000000002
2024-12-31 22:00:00,71.38499999999999,127.22
2024-12-31 23:00:00,48.87499999999999,118.32999999999998
